num,reg,pos,loc,input_seed,instraction,res,0,1,2,3,4,5,6,7,8,9,10,11,12,13,14,15,16,17,18,19,20,21,22,23,24,25,26,27,28,29,30,31,32,33,34,35,36,37,38,39,40,41,dump
0,r0,10, 1055855, 1060,"  101c6c:	e50b3014 	str	r3, [fp, #-20]	; 0xffffffec",benign, 680, 3, 10223, 2, 6835, 2680, 1, 560, 746, 0, 226, 54528, 538, 3, 11, 8620, 3, 404, 3, 32946, 11401, 21211, 0, 0, 28, 5368, 4826, 9621, 83, 0, 0, 19, 22, 35, 2, 54392, 46261, 49274, 1, 0, 0, 380,-
1,r2,28, 1055743, 1020,"  101bfc:	e1a03163 	ror	r3, r3, #2",benign, 835, 192, 10241, 1, 6847, 2688, 1, 560, 746, 0, 224, 54239, 538, 3, 11, 8442, 2, 384, 4, 32644, 11165, 21179, 0, 0, 28, 5529, 4690, 9617, 84, 0, 0, 18, 22, 34, 2, 54949, 46387, 49456, 1, 0, 0, 381,-
2,r0,13, 1051198, 1028,"  100a3c:	e083300b 	add	r3, r3, fp",benign, 701, 191, 10238, 2, 6859, 2693, 1, 567, 756, 0, 225, 54409, 550, 3, 8, 8355, 7, 401, 4, 32946, 11405, 21267, 0, 0, 30, 5349, 4911, 9621, 85, 0, 0, 18, 22, 34, 2, 54339, 46623, 49695, 1, 0, 0, 380,-
3,r1,27, 1057939, 1027,"  102490:	e51b3018 	ldr	r3, [fp, #-24]	; 0xffffffe8",benign, 916, 189, 10257, 2, 6852, 2693, 1, 567, 756, 0, 226, 55030, 550, 3, 7, 9168, 2, 384, 3, 33480, 12013, 21285, 0, 0, 30, 5385, 4869, 9612, 84, 0, 0, 19, 22, 35, 2, 55503, 47093, 50147, 1, 0, 0, 381,-
4,r3,6, 1051890, 1032,"  100cf0:	e1a03163 	ror	r3, r3, #2",benign, 719, 187, 10231, 2, 6831, 2690, 1, 567, 756, 0, 232, 54027, 550, 3, 7, 8154, 2, 384, 3, 32892, 11291, 21250, 0, 0, 30, 5601, 4640, 9626, 85, 0, 0, 18, 22, 34, 2, 54558, 46986, 50263, 1, 0, 0, 379,-
5,r1,30, 1057025, 1026,"  102100:	e0033000 	and	r3, r3, r0",benign, 876, 188, 10228, 2, 6835, 2693, 4, 567, 756, 0, 230, 54689, 550, 3, 7, 8554, 3, 403, 3, 33223, 11705, 21258, 0, 0, 30, 5436, 4841, 9643, 86, 0, 0, 19, 22, 35, 2, 54850, 47203, 50240, 1, 0, 0, 404,-
6,r3,29, 1056667, 1022,"  101f98:	e51b301c 	ldr	r3, [fp, #-28]	; 0xffffffe4",benign, 876, 190, 10261, 2, 6854, 2690, 1, 567, 756, 0, 227, 54683, 550, 3, 7, 9195, 2, 384, 3, 33323, 11819, 21274, 0, 0, 30, 5588, 4691, 9620, 83, 0, 0, 22, 23, 37, 2, 54799, 47162, 50220, 1, 0, 0, 380,-
7,r2,0, 1057730, 1027,"  1023c0:	e50b300c 	str	r3, [fp, #-12]",benign, 907, 188, 10256, 2, 6852, 2691, 1, 567, 756, 0, 232, 54757, 550, 3, 7, 8632, 2, 383, 3, 33642, 12167, 21275, 0, 0, 30, 5570, 4686, 9625, 85, 0, 0, 22, 23, 37, 2, 55355, 46984, 50035, 1, 0, 0, 379,-
8,r0,21, 1054122, 1027,"  1015a8:	e1a03163 	ror	r3, r3, #2",benign, 791, 188, 10245, 2, 6848, 2690, 1, 567, 756, 0, 225, 54375, 550, 3, 7, 8782, 2, 383, 3, 32948, 11454, 21270, 0, 0, 30, 5622, 4657, 9630, 83, 0, 0, 18, 22, 34, 2, 54571, 46993, 50039, 1, 0, 0, 403,-
9,r3,11, 1057326, 1026,"  10222c:	e51b3014 	ldr	r3, [fp, #-20]	; 0xffffffec",benign, 886, 188, 10264, 2, 6855, 2691, 1, 567, 756, 0, 233, 55057, 550, 3, 7, 8762, 2, 382, 3, 33109, 11651, 21259, 0, 0, 30, 5380, 4879, 9624, 86, 0, 0, 22, 23, 37, 2, 55222, 47124, 50243, 1, 0, 0, 404,-
10,r1,11, 1060024, 1031,"  102cb8:	e34c3a62 	movt	r3, #51810	; 0xca62",benign, 948, 188, 10250, 3, 6853, 2692, 1, 567, 756, 0, 229, 54748, 550, 3, 7, 8127, 2, 382, 3, 33498, 11951, 21231, 0, 0, 30, 5365, 4880, 9617, 86, 0, 0, 18, 23, 34, 2, 53826, 46971, 50188, 1, 0, 0, 380,-
11,r3,13, 1052882, 1031,"  1010d0:	e51b1010 	ldr	r1, [fp, #-16]",benign, 748, 211, 10259, 2, 6856, 2691, 1, 567, 756, 0, 237, 54223, 550, 3, 7, 8598, 2, 384, 3, 32853, 11286, 21273, 0, 0, 30, 5593, 4646, 9613, 81, 0, 0, 18, 22, 34, 2, 54771, 47064, 50125, 1, 0, 0, 381,-
12,r1,20, 1059648, 1031,"  102b40:	e51b300c 	ldr	r3, [fp, #-12]",benign, 939, 190, 10257, 3, 6849, 2689, 1, 567, 756, 0, 232, 54616, 550, 3, 7, 8299, 3, 403, 3, 33130, 11555, 21276, 0, 0, 30, 5356, 4876, 9620, 81, 0, 0, 19, 22, 35, 5, 55486, 46170, 49150, 1, 0, 0, 382,-
13,r1,7, 1053625, 1028,"  1013b8:	e0033000 	and	r3, r3, r0",benign, 766, 189, 10220, 2, 6837, 2692, 1, 567, 756, 0, 234, 54278, 550, 3, 7, 8431, 2, 384, 3, 33044, 11537, 21271, 0, 0, 30, 5406, 4859, 9626, 82, 0, 0, 18, 22, 34, 2, 55052, 46641, 49725, 1, 0, 0, 381,-
14,r1,10, 1057221, 1025,"  1021c4:	e51b300c 	ldr	r3, [fp, #-12]",benign, 895, 189, 10248, 2, 6855, 2691, 1, 567, 756, 0, 230, 54729, 550, 3, 7, 8629, 2, 382, 3, 33445, 11885, 21270, 0, 0, 30, 5587, 4662, 9618, 82, 0, 0, 22, 23, 37, 2, 55251, 46904, 49978, 1, 0, 0, 380,-
15,r3,23, 1060590, 1025,"  102eec:	e593200c 	ldr	r2, [r3, #12]",benign, 983, 190, 10244, 2, 6836, 2694, 1, 567, 756, 0, 229, 54645, 550, 3, 7, 9067, 2, 382, 3, 33745, 12338, 21252, 0, 0, 30, 5401, 4835, 9628, 82, 0, 0, 19, 22, 35, 2, 55615, 47560, 50644, 1, 0, 0, 381,-
16,r1,9, 1055707, 1034,"  101bd8:	e30e3ba1 	movw	r3, #60321	; 0xeba1",benign, 845, 189, 10256, 2, 6855, 2691, 1, 567, 756, 0, 224, 54626, 550, 3, 7, 8764, 2, 382, 3, 33177, 11666, 21240, 0, 0, 30, 5617, 4654, 9625, 82, 0, 0, 19, 22, 35, 2, 54813, 47426, 50673, 1, 0, 0, 381,-
17,r2,23, 1058865, 1026,"  102830:	e51b3010 	ldr	r3, [fp, #-16]",benign, 943, 189, 10248, 2, 6861, 2693, 1, 567, 756, 0, 235, 54686, 550, 3, 7, 8829, 2, 384, 3, 32472, 10888, 21215, 0, 0, 30, 5409, 4839, 9626, 84, 0, 0, 22, 23, 37, 2, 55682, 47317, 50378, 1, 0, 0, 380,-
18,r1,23, 1052769, 1029,"  101060:	e0011003 	and	r1, r1, r3",benign, 748, 188, 10235, 2, 6837, 2691, 1, 567, 756, 0, 240, 54424, 550, 3, 7, 8304, 2, 516, 3, 32619, 11091, 21283, 0, 0, 30, 5392, 4847, 9623, 82, 0, 0, 19, 22, 35, 2, 54537, 46580, 49650, 1, 0, 0, 382,-
19,r3,0, 1055457, 1030,"  101ae0:	e0211003 	eor	r1, r1, r3",benign, 841, 190, 10236, 2, 6840, 2690, 1, 567, 756, 0, 229, 54335, 550, 3, 7, 8615, 2, 383, 3, 33192, 11735, 21286, 0, 0, 30, 5368, 4892, 9612, 81, 0, 0, 19, 22, 35, 2, 54707, 47046, 50065, 1, 0, 0, 379,-
20,r2,9, 1053209, 1034,"  101218:	e1a03163 	ror	r3, r3, #2",benign, 751, 189, 10237, 2, 6858, 2692, 1, 567, 756, 0, 229, 54156, 550, 3, 7, 8349, 2, 382, 3, 33177, 11689, 21256, 0, 0, 30, 5388, 4891, 9619, 84, 0, 0, 19, 22, 35, 2, 54622, 46560, 49570, 1, 0, 0, 381,-
21,r0,15, 1056790, 1029,"  102014:	e51b301c 	ldr	r3, [fp, #-28]	; 0xffffffe4",benign, 859, 188, 10267, 2, 6853, 2689, 1, 567, 756, 0, 226, 54659, 550, 3, 7, 8614, 3, 405, 3, 33161, 11602, 21257, 0, 0, 30, 5613, 4645, 9619, 85, 0, 0, 22, 23, 37, 2, 54956, 47110, 50149, 1, 0, 0, 402,-
22,r0,7, 1053081, 1028,"  101198:	e50b3018 	str	r3, [fp, #-24]	; 0xffffffe8",benign, 761, 188, 10241, 2, 6858, 2693, 1, 567, 756, 0, 230, 54084, 550, 3, 7, 8226, 3, 405, 3, 32866, 11425, 21287, 0, 0, 30, 5356, 4878, 9610, 82, 0, 0, 18, 22, 34, 2, 54655, 46704, 49734, 1, 0, 0, 403,-
23,r3,17, 1051213, 1030,"  100a4c:	e1a03103 	lsl	r3, r3, #2",benign, 708, 190, 10221, 2, 6834, 2691, 1, 567, 756, 0, 231, 54133, 550, 3, 7, 8425, 2, 384, 3, 33257, 11790, 21281, 0, 0, 30, 5600, 4652, 9617, 86, 0, 0, 19, 22, 35, 2, 54943, 46572, 49633, 1, 0, 0, 381,-
24,r1,25, 1054229, 1032,"  101614:	e1a03163 	ror	r3, r3, #2",benign, 783, 211, 10255, 2, 6859, 2690, 1, 567, 756, 0, 235, 54657, 550, 3, 7, 8577, 2, 383, 3, 32821, 11331, 21268, 0, 0, 30, 5558, 4680, 9602, 80, 0, 0, 19, 22, 35, 2, 54877, 47320, 50371, 1, 0, 0, 380,-
25,r2,25, 1058023, 1027,"  1024e4:	e1813003 	orr	r3, r1, r3",benign, 921, 189, 10244, 2, 6839, 2694, 1, 567, 756, 0, 225, 54306, 550, 3, 7, 8548, 2, 383, 3, 33499, 12008, 21277, 0, 0, 30, 5559, 4673, 9612, 84, 0, 0, 19, 22, 35, 2, 55237, 47270, 50330, 1, 0, 0, 381,-
26,r1,13, 1051762, 1030,"  100c70:	e50b3018 	str	r3, [fp, #-24]	; 0xffffffe8",benign, 714, 189, 10250, 2, 6854, 2690, 1, 567, 756, 0, 234, 54274, 550, 3, 7, 8398, 2, 381, 3, 33051, 11574, 21248, 0, 0, 30, 5355, 4893, 9607, 80, 0, 0, 22, 23, 37, 2, 54768, 46738, 49801, 1, 0, 0, 404,-
27,r1,21, 1052284, 1029,"  100e7c:	e51b3014 	ldr	r3, [fp, #-20]	; 0xffffffec",benign, 706, 189, 10246, 3, 6845, 2691, 1, 567, 756, 0, 240, 53930, 550, 3, 7, 7887, 2, 383, 3, 32398, 10828, 21269, 0, 0, 30, 5416, 4861, 9633, 85, 0, 0, 18, 22, 34, 2, 54515, 46398, 49413, 1, 0, 0, 403,-
28,r1,15, 1051953, 1031,"  100d30:	e0822003 	add	r2, r2, r3",benign, 724, 187, 10234, 2, 6857, 2691, 1, 567, 756, 0, 231, 54710, 550, 3, 7, 8358, 2, 383, 3, 33168, 11686, 21314, 0, 0, 30, 5540, 4712, 9623, 86, 0, 0, 19, 22, 35, 2, 54787, 47165, 50238, 1, 0, 0, 381,-
29,r0,10, 1056709, 1036,"  101fc4:	e50b3018 	str	r3, [fp, #-24]	; 0xffffffe8",benign, 875, 187, 10262, 2, 6853, 2689, 1, 567, 756, 0, 232, 55070, 550, 3, 7, 8889, 2, 399, 3, 33137, 11655, 21246, 0, 0, 30, 5396, 4850, 9633, 88, 0, 0, 18, 22, 34, 2, 55084, 46823, 49872, 1, 0, 0, 382,-
30,r3,22, 1056886, 1029,"  102074:	e51b3010 	ldr	r3, [fp, #-16]",benign, 877, 189, 10259, 2, 6850, 2690, 4, 567, 756, 0, 228, 54358, 550, 3, 7, 8523, 2, 383, 3, 33143, 11692, 21298, 0, 0, 30, 5613, 4621, 9630, 85, 0, 0, 19, 22, 35, 2, 55009, 47015, 50177, 1, 0, 0, 484,-
31,r0,13, 1055380, 1029,"  101a94:	e30e3ba1 	movw	r3, #60321	; 0xeba1",benign, 803, 190, 10261, 3, 6858, 2691, 4, 567, 756, 0, 229, 54212, 550, 3, 7, 8660, 2, 382, 3, 32946, 11470, 21239, 0, 0, 30, 5521, 4711, 9611, 79, 0, 0, 19, 22, 35, 5, 54898, 45922, 48827, 1, 0, 0, 402,-
32,r3,15, 1061154, 1033,"  103120:	e3a01000 	mov	r1, #0",benign, 986, 189, 10255, 1, 6852, 2693, 1, 567, 756, 0, 231, 54583, 550, 3, 7, 9223, 2, 382, 3, 33706, 12066, 21289, 0, 0, 30, 5568, 4687, 9622, 81, 0, 0, 18, 21, 34, 2, 55166, 47505, 50544, 1, 0, 0, 403,-
33,r2,0, 1054509, 1027,"  10172c:	e51b30f4 	ldr	r3, [fp, #-244]	; 0xffffff0c",SDC, 807, 188, 10228, 2, 6831, 2690, 1, 567, 756, 0, 234, 54378, 550, 3, 7, 8997, 2, 383, 3, 32733, 11160, 21247, 0, 0, 30, 5595, 4639, 9621, 83, 0, 0, 19, 22, 35, 2, 53844, 45750, 48837, 1, 0, 0, 380,-
34,r2,29, 1058378, 1030,"  102648:	e0233001 	eor	r3, r3, r1",benign, 923, 187, 10236, 2, 6836, 2692, 1, 567, 756, 0, 225, 54501, 550, 3, 7, 9344, 2, 382, 3, 33726, 12245, 21279, 0, 0, 30, 5429, 4836, 9617, 81, 0, 0, 18, 22, 34, 2, 55305, 47156, 50205, 1, 0, 0, 380,-
35,r1,22, 1057837, 1026,"  10242c:	e50b3014 	str	r3, [fp, #-20]	; 0xffffffec",benign, 906, 190, 10271, 2, 6855, 2693, 1, 567, 756, 0, 229, 54603, 550, 3, 7, 8412, 2, 561, 3, 33392, 11771, 21277, 0, 0, 30, 5407, 4848, 9631, 86, 0, 0, 19, 22, 35, 2, 55414, 47147, 50280, 1, 0, 0, 382,-
36,r3,23, 1052011, 1026,"  100d68:	e1a03163 	ror	r3, r3, #2",benign, 726, 188, 10231, 2, 6841, 2692, 1, 567, 756, 0, 227, 54030, 550, 3, 7, 8297, 2, 384, 3, 32984, 11451, 21291, 0, 0, 30, 5514, 4725, 9612, 82, 0, 0, 19, 22, 35, 2, 54549, 46931, 49998, 1, 0, 0, 382,-
37,r0,4, 1058831, 1026,"  10280c:	e0822003 	add	r2, r2, r3",benign, 942, 210, 10261, 2, 6847, 2692, 4, 567, 756, 0, 233, 55246, 550, 3, 7, 8846, 2, 384, 3, 33198, 11709, 21276, 0, 0, 30, 5561, 4683, 9604, 82, 0, 0, 19, 22, 35, 2, 54904, 47227, 50447, 1, 0, 0, 382,-
38,r3,8, 1051250, 1025,"  100a70:	daffffd9 	ble	1009dc <sha_transform+0x78>",benign, 704, 189, 10247, 2, 6851, 2688, 4, 567, 756, 0, 226, 53970, 550, 3, 7, 8515, 2, 384, 3, 32622, 11090, 21239, 0, 0, 30, 5528, 4713, 9607, 81, 0, 0, 18, 22, 34, 2, 53860, 47217, 50416, 1, 0, 0, 381,-
39,r0,22, 1056250, 1027,"  101df8:	e1a02de3 	ror	r2, r3, #27",benign, 858, 212, 10250, 2, 6856, 2691, 4, 567, 756, 0, 229, 54810, 550, 3, 7, 8393, 2, 381, 3, 32955, 11399, 21266, 0, 0, 30, 5570, 4716, 9626, 82, 0, 0, 22, 23, 37, 2, 54896, 46866, 49930, 1, 0, 0, 527,-
40,r2,9, 1055237, 1030,"  101a04:	e51b3014 	ldr	r3, [fp, #-20]	; 0xffffffec",SDC, 822, 211, 10234, 2, 6838, 2692, 1, 567, 756, 0, 230, 54380, 550, 3, 7, 8487, 2, 568, 3, 33075, 11520, 21282, 0, 0, 30, 5560, 4714, 9615, 82, 0, 0, 19, 22, 35, 2, 54636, 45828, 48870, 1, 0, 0, 403,-
41,r0,27, 1059530, 1027,"  102ac8:	e50b3010 	str	r3, [fp, #-16]",benign, 964, 189, 10257, 2, 6851, 2688, 1, 567, 756, 0, 225, 55271, 550, 3, 7, 9669, 2, 381, 3, 33305, 11940, 21300, 0, 0, 30, 5357, 4880, 9625, 86, 0, 0, 19, 22, 35, 2, 55419, 47587, 50789, 1, 0, 0, 382,-
42,r3,31, 1058339, 1031,"  102620:	e51b300c 	ldr	r3, [fp, #-12]",benign, 930, 189, 10271, 2, 6861, 2692, 1, 567, 756, 0, 239, 54799, 550, 3, 7, 8719, 2, 383, 3, 33581, 12012, 21245, 0, 0, 30, 5554, 4670, 9614, 82, 0, 0, 19, 22, 35, 2, 54929, 46821, 49886, 1, 0, 0, 382,-
43,r1,1, 1059191, 1029,"  102974:	e51b3010 	ldr	r3, [fp, #-16]",benign, 939, 189, 10247, 2, 6850, 2691, 4, 567, 756, 0, 233, 54647, 550, 3, 7, 9120, 2, 383, 3, 33843, 12373, 21285, 0, 0, 30, 5552, 4682, 9605, 82, 0, 0, 18, 22, 34, 2, 55883, 47328, 50318, 1, 0, 0, 380,-
44,r3,21, 1053087, 1032,"  10119c:	e51b3010 	ldr	r3, [fp, #-16]",benign, 756, 211, 10231, 2, 6852, 2691, 1, 567, 756, 0, 227, 54072, 550, 3, 7, 8632, 2, 381, 3, 33004, 11415, 21268, 0, 0, 30, 5385, 4858, 9625, 81, 0, 0, 19, 22, 35, 2, 55011, 46683, 49744, 1, 0, 0, 380,-
45,r0,13, 1053623, 1025,"  1013b4:	e51b3018 	ldr	r3, [fp, #-24]	; 0xffffffe8",benign, 770, 188, 10225, 2, 6838, 2694, 1, 567, 756, 0, 225, 54623, 550, 3, 7, 8886, 2, 383, 3, 33162, 11683, 21275, 0, 0, 30, 5407, 4826, 9611, 82, 0, 0, 19, 22, 35, 2, 55048, 47051, 50104, 1, 0, 0, 380,-
46,r3,24, 1055443, 1028,"  101ad0:	e51b300c 	ldr	r3, [fp, #-12]",benign, 828, 212, 10236, 2, 6850, 2690, 1, 567, 756, 0, 232, 54642, 550, 3, 7, 8735, 2, 382, 3, 33265, 11836, 21265, 0, 0, 30, 5610, 4662, 9628, 82, 0, 0, 19, 22, 35, 2, 55032, 46923, 49998, 1, 0, 0, 402,-
47,r2,8, 1052582, 1029,"  100fa4:	e0823003 	add	r3, r2, r3",benign, 748, 211, 10241, 2, 6839, 2690, 1, 567, 756, 0, 233, 54254, 550, 3, 7, 8640, 2, 381, 3, 33164, 11620, 21257, 0, 0, 30, 5647, 4638, 9642, 87, 0, 0, 19, 22, 35, 2, 55115, 47283, 50323, 1, 0, 0, 380,-
48,r2,26, 1060659, 1029,"  102f30:	e50b0008 	str	r0, [fp, #-8]",benign, 671, 188, 10247, 2, 6848, 2691, 1, 567, 756, 0, 220, 53981, 550, 3, 7, 8384, 2, 382, 3, 32811, 11274, 21249, 0, 0, 30, 5331, 4912, 9610, 83, 0, 0, 22, 25, 37, 2, 54697, 46716, 49836, 1, 0, 0, 380,-
49,r3,31, 1059585, 1027,"  102b00:	e0822003 	add	r2, r2, r3",benign, 966, 211, 10246, 2, 6832, 2692, 1, 567, 756, 0, 227, 54622, 550, 3, 7, 8827, 2, 383, 3, 33809, 12314, 21282, 0, 0, 30, 5361, 4866, 9614, 85, 0, 0, 18, 22, 34, 2, 55709, 47469, 50471, 1, 0, 0, 402,-
50,r2,18, 1061105, 1033,"  1030f0:	e3e0207f 	mvn	r2, #127	; 0x7f",benign, 978, 190, 10244, 2, 6849, 2693, 1, 567, 756, 0, 233, 54722, 550, 3, 7, 8911, 2, 382, 3, 34139, 12618, 21285, 0, 0, 30, 5372, 4882, 9626, 84, 0, 0, 18, 21, 34, 2, 55106, 47284, 50318, 1, 0, 0, 402,-
51,r1,4, 1053990, 1028,"  101524:	e50b3020 	str	r3, [fp, #-32]	; 0xffffffe0",benign, 789, 188, 10249, 2, 6858, 2691, 1, 567, 756, 0, 227, 54479, 550, 3, 7, 8305, 3, 405, 3, 32821, 11258, 21272, 0, 0, 30, 5549, 4687, 9604, 83, 0, 0, 19, 22, 35, 2, 54684, 46741, 49780, 1, 0, 0, 379,-
52,r3,26, 1054041, 1028,"  101558:	e1a02de3 	ror	r2, r3, #27",benign, 789, 189, 10230, 2, 6833, 2690, 1, 567, 756, 0, 232, 54367, 550, 3, 7, 8658, 3, 404, 3, 32962, 11449, 21265, 0, 0, 30, 5156, 5078, 9620, 82, 0, 0, 22, 23, 37, 2, 55122, 47334, 50407, 1, 0, 0, 381,-
53,r3,25, 1051860, 1028,"  100cd4:	e0823003 	add	r3, r2, r3",benign, 694, 187, 10230, 3, 6835, 2690, 1, 567, 756, 0, 216, 53305, 550, 3, 7, 8385, 2, 383, 3, 32615, 11065, 21259, 0, 0, 30, 5595, 4647, 9625, 84, 0, 0, 19, 24, 35, 2, 54393, 46610, 49658, 1, 0, 0, 380,-
54,r3,2, 1055937, 1031,"  101cc0:	e30b3cdc 	movw	r3, #48348	; 0xbcdc",benign, 964, 308, 10259, 2, 6855, 2691, 4, 567, 756, 0, 235, 54254, 550, 3, 7, 8822, 3, 405, 3, 33352, 11864, 21235, 0, 0, 30, 5354, 4888, 9620, 83, 0, 0, 22, 23, 37, 2, 55061, 47466, 50536, 1, 0, 0, 380,-
55,r0,30, 1060017, 1029,"  102cb0:	e0822003 	add	r2, r2, r3",benign, 980, 188, 10254, 2, 6848, 2689, 1, 567, 756, 0, 229, 54657, 550, 3, 7, 9590, 2, 384, 3, 33483, 11982, 21260, 0, 0, 30, 5566, 4676, 9615, 83, 0, 0, 21, 23, 36, 2, 55507, 45982, 49031, 1, 0, 0, 587,-
56,r1,27, 1052358, 1029,"  100ec4:	e51b3014 	ldr	r3, [fp, #-20]	; 0xffffffec",benign, 727, 188, 10252, 2, 6855, 2690, 1, 567, 756, 0, 233, 54118, 550, 3, 7, 8873, 2, 381, 3, 32845, 11331, 21273, 0, 0, 30, 5611, 4626, 9606, 82, 0, 0, 22, 23, 37, 2, 54382, 46790, 49852, 1, 0, 0, 403,-
57,r0,27, 1060749, 1024,"  102f8c:	e5832014 	str	r2, [r3, #20]",benign, 680, 188, 10235, 2, 6849, 2694, 1, 567, 756, 0, 228, 54257, 550, 3, 7, 8498, 2, 381, 3, 33210, 11683, 21272, 0, 0, 30, 5528, 4716, 9618, 85, 0, 0, 22, 24, 37, 2, 54387, 46751, 49810, 1, 0, 0, 381,-
58,r2,12, 1053738, 1026,"  101428:	e0233001 	eor	r3, r3, r1",benign, 781, 212, 10234, 2, 6836, 2692, 1, 567, 756, 0, 232, 54228, 550, 3, 7, 8530, 2, 382, 3, 32689, 11241, 21245, 0, 0, 30, 5592, 4654, 9621, 82, 0, 0, 19, 23, 35, 2, 53837, 46462, 49850, 1, 0, 0, 382,-
59,r3,23, 1061080, 1023,"  1030d8:	e51b3018 	ldr	r3, [fp, #-24]	; 0xffffffe8",benign, 960, 187, 10259, 3, 6857, 2693, 1, 567, 756, 0, 221, 53886, 550, 3, 7, 9340, 3, 404, 3, 33190, 11732, 21267, 0, 0, 30, 5556, 4699, 9631, 84, 0, 0, 19, 21, 35, 5, 54865, 47409, 50475, 1, 0, 0, 382,-
60,r2,11, 1055711, 1031,"  101bdc:	e3463ed9 	movt	r3, #28377	; 0x6ed9",benign, 830, 188, 10239, 2, 6839, 2695, 1, 567, 756, 0, 235, 54626, 550, 3, 7, 8531, 2, 383, 3, 32756, 11307, 21330, 0, 0, 30, 5367, 4887, 9619, 85, 0, 0, 18, 22, 34, 2, 55247, 47331, 50371, 1, 0, 0, 381,-
61,r3,2, 1052291, 1029,"  100e80:	e0011003 	and	r1, r1, r3",benign, 736, 187, 10216, 2, 6837, 2694, 1, 567, 756, 0, 232, 54271, 550, 3, 7, 8346, 3, 406, 3, 33004, 11525, 21253, 0, 0, 30, 5349, 4886, 9619, 81, 0, 0, 19, 22, 35, 2, 54749, 46603, 49663, 1, 0, 0, 381,-
62,r2,1, 1054230, 1027,"  101614:	e1a03163 	ror	r3, r3, #2",benign, 789, 210, 10256, 2, 6856, 2690, 1, 567, 756, 0, 227, 54385, 550, 3, 7, 8806, 2, 384, 3, 33012, 11582, 21261, 0, 0, 30, 5566, 4682, 9627, 85, 0, 0, 18, 22, 34, 2, 54972, 47158, 50144, 1, 0, 0, 381,-
63,r3,29, 1056497, 1029,"  101ef0:	e1a02de3 	ror	r2, r3, #27",benign, 862, 187, 10245, 2, 6849, 2695, 1, 567, 756, 0, 231, 54476, 550, 3, 7, 8803, 2, 383, 3, 33436, 11900, 21260, 0, 0, 30, 5589, 4649, 9624, 84, 0, 0, 18, 22, 34, 2, 54760, 46927, 50142, 1, 0, 0, 403,-
64,r1,16, 1059423, 1035,"  102a5c:	e50b3010 	str	r3, [fp, #-16]",benign, 953, 190, 10262, 2, 6858, 2692, 1, 567, 756, 0, 225, 55052, 550, 3, 7, 9142, 3, 404, 3, 33477, 11960, 21280, 0, 0, 30, 5417, 4814, 9613, 80, 0, 0, 18, 22, 34, 2, 55038, 46953, 49944, 1, 0, 0, 380,-
65,r3,11, 1054886, 1036,"  1018a4:	e51b300c 	ldr	r3, [fp, #-12]",benign, 819, 210, 10255, 2, 6853, 2689, 1, 567, 756, 0, 226, 54200, 550, 3, 7, 8477, 2, 383, 3, 33111, 11662, 21258, 0, 0, 30, 5403, 4860, 9637, 83, 0, 0, 19, 22, 35, 2, 54369, 45890, 48926, 1, 0, 0, 380,-
66,r2,3, 1059463, 1027,"  102a84:	e0822003 	add	r2, r2, r3",benign, 951, 189, 10235, 2, 6842, 2696, 4, 567, 756, 0, 229, 54896, 550, 3, 7, 8890, 2, 384, 3, 33099, 11575, 21269, 0, 0, 30, 5648, 4622, 9625, 82, 0, 0, 19, 22, 35, 2, 55534, 47515, 50505, 1, 0, 0, 404,-
67,r0,0, 1059690, 1033,"  102b68:	e51b3040 	ldr	r3, [fp, #-64]	; 0xffffffc0",benign, 974, 189, 10273, 2, 6857, 2689, 1, 567, 756, 0, 229, 55200, 550, 3, 7, 9126, 3, 404, 3, 34011, 12491, 21271, 0, 0, 30, 5408, 4854, 9629, 83, 0, 0, 18, 22, 34, 2, 55058, 47330, 50364, 1, 0, 0, 381,-
68,r0,15, 1056847, 1034,"  10204c:	e50b3014 	str	r3, [fp, #-20]	; 0xffffffec",benign, 879, 211, 10240, 2, 6852, 2692, 4, 567, 756, 0, 232, 54890, 550, 3, 7, 9049, 2, 463, 3, 33083, 11547, 21278, 0, 0, 30, 5727, 4729, 9609, 81, 0, 0, 18, 22, 34, 2, 54701, 47088, 50155, 1, 0, 0, 381,-
69,r3,10, 1052145, 1030,"  100df0:	e51b3020 	ldr	r3, [fp, #-32]	; 0xffffffe0",benign, 729, 188, 10247, 2, 6856, 2690, 1, 567, 756, 0, 232, 54071, 550, 3, 7, 8629, 2, 381, 3, 32540, 10966, 21282, 0, 0, 30, 5550, 4702, 9614, 83, 0, 0, 19, 22, 35, 2, 55147, 46927, 49963, 1, 0, 0, 381,-
70,r0,9, 1054162, 1028,"  1015d0:	e0211003 	eor	r1, r1, r3",benign, 787, 190, 10260, 2, 6856, 2691, 1, 567, 756, 0, 232, 54374, 550, 3, 7, 8450, 2, 383, 3, 33379, 11893, 21267, 0, 0, 30, 5398, 4843, 9618, 81, 0, 0, 19, 22, 35, 2, 54828, 46779, 49830, 1, 0, 0, 434,-
72,r1,4, 1057143, 1029,"  102174:	e51b0014 	ldr	r0, [fp, #-20]	; 0xffffffec",benign, 737, 3, 10226, 2, 6839, 3071, 1, 567, 756, 0, 235, 54566, 550, 3, 7, 8935, 2, 381, 3, 32931, 11319, 21279, 0, 0, 30, 5611, 4672, 9632, 85, 0, 0, 19, 22, 35, 2, 54910, 46856, 49907, 1, 0, 0, 380,-
73,r1,1, 1053194, 1028,"  101208:	e50b301c 	str	r3, [fp, #-28]	; 0xffffffe4",benign, 765, 211, 10244, 2, 6847, 2689, 4, 567, 756, 0, 235, 54146, 550, 3, 7, 8468, 3, 405, 3, 32738, 11224, 21275, 0, 0, 30, 5561, 4687, 9613, 84, 0, 0, 18, 22, 34, 2, 55167, 47022, 50082, 1, 0, 0, 379,-
74,r2,17, 1054300, 1029,"  10165c:	e30e3ba1 	movw	r3, #60321	; 0xeba1",benign, 771, 190, 10234, 3, 6833, 2693, 1, 567, 756, 0, 226, 53942, 550, 3, 7, 9109, 2, 383, 3, 32479, 10979, 21213, 0, 0, 30, 5568, 4679, 9613, 82, 0, 0, 19, 22, 35, 2, 53758, 46661, 49688, 1, 0, 0, 404,-
75,r3,13, 1055942, 1034,"  101cc4:	e3483f1b 	movt	r3, #36635	; 0x8f1b",benign, 881, 214, 10221, 2, 6838, 2692, 2, 567, 756, 0, 227, 54374, 550, 3, 7, 9135, 2, 383, 3, 33289, 11771, 21252, 0, 0, 30, 5374, 4861, 9610, 81, 0, 0, 18, 22, 34, 2, 55265, 47316, 50478, 1, 0, 0, 382,-
76,r2,9, 1052784, 1031,"  101070:	e0033000 	and	r3, r3, r0",benign, 724, 188, 10229, 3, 6832, 2691, 1, 567, 756, 0, 226, 53690, 550, 3, 7, 8800, 2, 384, 3, 32568, 11072, 21225, 0, 0, 30, 5625, 4640, 9633, 84, 0, 0, 19, 21, 35, 2, 53957, 46811, 50000, 1, 0, 0, 403,-
77,r3,12, 1053562, 1028,"  101378:	e50b3018 	str	r3, [fp, #-24]	; 0xffffffe8",benign, 766, 189, 10219, 2, 6842, 2693, 1, 567, 756, 0, 231, 54206, 550, 3, 7, 8519, 2, 383, 3, 32773, 11231, 21266, 0, 0, 30, 5551, 4695, 9614, 82, 0, 0, 19, 22, 35, 2, 54723, 47292, 50365, 1, 0, 0, 380,-
78,r1,18, 1053857, 1029,"  1014a0:	e0822003 	add	r2, r2, r3",benign, 786, 211, 10250, 2, 6844, 2689, 1, 567, 756, 0, 230, 54485, 550, 3, 7, 8480, 2, 523, 3, 32984, 11410, 21255, 0, 0, 30, 5488, 4935, 9627, 83, 0, 0, 18, 22, 34, 2, 54865, 46962, 50021, 1, 0, 0, 381,-
79,r1,5, 1056531, 1027,"  101f10:	e0033000 	and	r3, r3, r0",benign, 859, 188, 10222, 2, 6835, 2696, 1, 567, 756, 0, 228, 54793, 550, 3, 7, 8912, 2, 384, 3, 33804, 12308, 21252, 0, 0, 30, 5598, 4642, 9616, 82, 0, 0, 19, 22, 35, 2, 55110, 46900, 49936, 1, 0, 0, 381,-
80,r1,12, 1056921, 1026,"  102098:	e51b30a0 	ldr	r3, [fp, #-160]	; 0xffffff60",benign, 885, 189, 10247, 2, 6853, 2692, 1, 567, 756, 0, 225, 54837, 550, 3, 7, 8858, 2, 384, 3, 33043, 11568, 21271, 0, 0, 30, 5570, 4707, 9633, 82, 0, 0, 19, 22, 35, 2, 55464, 47295, 50329, 1, 0, 0, 380,-
81,r0,26, 1051068, 1027,"  1009bc:	e2833001 	add	r3, r3, #1",benign, 667, 212, 10227, 3, 6849, 2691, 1, 567, 756, 0, 222, 53721, 550, 3, 7, 8459, 2, 384, 3, 32749, 11171, 21232, 0, 0, 30, 5329, 4915, 9606, 79, 0, 0, 19, 22, 35, 5, 54348, 46714, 49790, 1, 0, 0, 381,-
82,r3,28, 1059625, 1028,"  102b28:	e1a03163 	ror	r3, r3, #2",benign, 970, 211, 10244, 2, 6843, 2692, 1, 567, 756, 0, 227, 54569, 550, 3, 7, 8870, 2, 384, 3, 33193, 11687, 21247, 0, 0, 30, 5541, 4696, 9611, 81, 0, 0, 19, 22, 35, 2, 55028, 45869, 48915, 1, 0, 0, 380,-
83,r1,13, 1055964, 1026,"  101cdc:	e50b3018 	str	r3, [fp, #-24]	; 0xffffffe8",benign, 822, 189, 10243, 3, 6860, 2692, 1, 567, 756, 0, 218, 53521, 550, 3, 7, 8513, 2, 382, 3, 32004, 10479, 21291, 0, 0, 30, 5410, 4849, 9630, 82, 0, 0, 18, 22, 34, 2, 53826, 46733, 49781, 1, 0, 0, 402,-
84,r1,27, 1054097, 1030,"  101590:	e50b3020 	str	r3, [fp, #-32]	; 0xffffffe0",benign, 781, 212, 10247, 2, 6858, 2694, 1, 567, 756, 0, 232, 54799, 550, 3, 7, 8553, 2, 383, 3, 32688, 11213, 21259, 0, 0, 30, 5599, 4637, 9634, 87, 0, 0, 18, 22, 34, 2, 54938, 47073, 50238, 1, 0, 0, 380,-
85,r0,14, 1052336, 1029,"  100eb0:	e3453a82 	movt	r3, #23170	; 0x5a82",benign, 707, 187, 10259, 3, 6858, 2690, 1, 567, 756, 0, 227, 53794, 550, 3, 7, 7910, 3, 406, 3, 32621, 11074, 21239, 0, 0, 30, 5111, 5105, 9618, 81, 0, 0, 22, 23, 37, 5, 54604, 46672, 49781, 1, 0, 0, 381,-
86,r1,10, 1053150, 1032,"  1011dc:	e1813003 	orr	r3, r1, r3",benign, 751, 188, 10235, 2, 6842, 2694, 4, 567, 756, 0, 230, 54374, 550, 3, 7, 8688, 3, 405, 3, 32690, 11177, 21220, 0, 0, 30, 5367, 4885, 9616, 82, 0, 0, 18, 22, 34, 2, 54928, 46708, 49834, 1, 0, 0, 381,-
87,r3,3, 1051929, 1035,"  100d18:	e0011003 	and	r1, r1, r3",benign, 728, 189, 10228, 2, 6837, 2689, 1, 567, 756, 0, 230, 53933, 550, 3, 7, 8170, 2, 382, 3, 32566, 11016, 21237, 0, 0, 30, 5587, 4689, 9632, 83, 0, 0, 18, 22, 34, 2, 55102, 46583, 49667, 1, 0, 0, 381,-
88,r3,25, 1054805, 1026,"  101854:	e51b3014 	ldr	r3, [fp, #-20]	; 0xffffffec",benign, 816, 188, 10235, 2, 6852, 2694, 1, 567, 756, 0, 233, 54855, 550, 3, 7, 9129, 2, 383, 3, 33070, 11585, 21250, 0, 0, 30, 5396, 4868, 9615, 82, 0, 0, 18, 22, 34, 2, 55393, 46977, 50004, 1, 0, 0, 380,-
89,r0,25, 1055321, 1035,"  101a58:	e50b3010 	str	r3, [fp, #-16]",benign, 834, 189, 10231, 2, 6855, 2694, 1, 567, 756, 0, 235, 54822, 550, 3, 7, 8957, 2, 383, 3, 32951, 11446, 21257, 0, 0, 30, 5557, 4697, 9625, 83, 0, 0, 18, 22, 34, 2, 55179, 47228, 50468, 1, 0, 0, 380,-
90,r3,29, 1054533, 1026,"  101744:	e51b3018 	ldr	r3, [fp, #-24]	; 0xffffffe8",benign, 803, 189, 10262, 2, 6855, 2688, 1, 567, 756, 0, 232, 54715, 550, 3, 7, 8951, 2, 384, 3, 33132, 11560, 21275, 0, 0, 30, 5595, 4655, 9626, 83, 0, 0, 19, 22, 35, 2, 54514, 46406, 49458, 1, 0, 0, 380,-
91,r1,1, 1056725, 1031,"  101fd4:	e51b300c 	ldr	r3, [fp, #-12]",benign, 858, 210, 10252, 2, 6851, 2691, 1, 567, 756, 0, 229, 54607, 550, 3, 7, 8702, 2, 383, 3, 33096, 11580, 21263, 0, 0, 30, 5402, 4847, 9618, 81, 0, 0, 19, 22, 35, 2, 55053, 47424, 50479, 1, 0, 0, 382,-
92,r0,26, 1061210, 1029,"  103158:	e0820003 	add	r0, r2, r3",benign, 627, 203, 10242, 2, 6848, 2691, 1, 567, 756, 0, 222, 54033, 550, 3, 7, 7779, 2, 382, 3, 32085, 10599, 21298, 0, 0, 30, 5339, 4888, 9601, 79, 0, 0, 19, 22, 35, 2, 54220, 46643, 49702, 1, 0, 0, 380,-
93,r3,15, 1053152, 1025,"  1011e0:	e0822003 	add	r2, r2, r3",benign, 735, 188, 10221, 3, 6840, 2694, 1, 567, 756, 0, 220, 53983, 550, 3, 7, 8868, 2, 384, 3, 32658, 11092, 21243, 0, 0, 30, 5635, 4633, 9630, 81, 0, 0, 19, 22, 35, 2, 53784, 46481, 49518, 1, 0, 0, 381,-
94,r1,28, 1059776, 1031,"  102bc0:	e51b3018 	ldr	r3, [fp, #-24]	; 0xffffffe8",SDC, 945, 190, 10252, 3, 6842, 2694, 1, 567, 756, 0, 225, 53481, 550, 3, 7, 9096, 2, 383, 3, 32863, 11336, 21237, 0, 0, 30, 5561, 4669, 9610, 82, 0, 0, 18, 21, 34, 2, 53929, 46411, 49427, 1, 0, 0, 403,-
95,r2,2, 1051482, 1029,"  100b58:	e0822003 	add	r2, r2, r3",benign, 709, 190, 10223, 2, 6835, 2691, 1, 567, 756, 0, 228, 54209, 550, 3, 7, 8594, 2, 383, 3, 32684, 11175, 21259, 0, 0, 30, 5602, 4671, 9627, 85, 0, 0, 19, 22, 35, 2, 54971, 47112, 50118, 1, 0, 0, 382,-
96,r2,6, 1052941, 1030,"  10110c:	e0823003 	add	r3, r2, r3",benign, 756, 189, 10241, 2, 6841, 2690, 1, 567, 756, 0, 227, 54335, 550, 3, 7, 8758, 2, 384, 3, 32819, 11377, 21265, 0, 0, 30, 5413, 4860, 9640, 84, 0, 0, 19, 22, 35, 2, 55083, 47336, 50356, 1, 0, 0, 402,-
97,r1,30, 1061405, 1028,"  10321c:	e2433004 	sub	r3, r3, #4",benign, 684, 189, 10240, 2, 6843, 2687, 1, 567, 756, 0, 223, 53872, 550, 3, 7, 7909, 2, 384, 3, 33416, 11852, 21216, 0, 0, 30, 5560, 4727, 9618, 86, 0, 0, 18, 23, 34, 2, 54462, 46565, 49617, 1, 0, 0, 380,-
98,r1,12, 1053550, 1028,"  10136c:	e51b3018 	ldr	r3, [fp, #-24]	; 0xffffffe8",benign, 776, 190, 10243, 2, 6852, 2693, 1, 567, 756, 0, 232, 54140, 550, 3, 7, 8122, 2, 382, 3, 33328, 11751, 21279, 0, 0, 30, 5393, 4859, 9619, 81, 0, 0, 19, 22, 35, 2, 55024, 47091, 50206, 1, 0, 0, 381,-
99,r3,0, 1059982, 1028,"  102c8c:	e51b1010 	ldr	r1, [fp, #-16]",benign, 977, 211, 10267, 2, 6863, 2693, 1, 567, 756, 0, 235, 55227, 550, 3, 7, 9080, 2, 381, 3, 33196, 11666, 21240, 0, 0, 30, 5409, 4845, 9620, 81, 0, 0, 22, 23, 37, 2, 55776, 47473, 50521, 1, 0, 0, 380,-
100,r3,3, 1054887, 1031,"  1018a4:	e51b300c 	ldr	r3, [fp, #-12]",benign, 815, 188, 10250, 2, 6848, 2689, 1, 567, 756, 0, 228, 54295, 550, 3, 7, 8457, 2, 383, 3, 33261, 11738, 21273, 0, 0, 30, 5374, 4873, 9617, 85, 0, 0, 19, 22, 35, 2, 54699, 46706, 49748, 1, 0, 0, 402,-
101,r2,28, 1053370, 1031,"  1012b8:	e0011003 	and	r1, r1, r3",benign, 763, 210, 10230, 2, 6830, 2690, 1, 567, 756, 0, 231, 54434, 550, 3, 7, 8615, 2, 383, 3, 33237, 11670, 21280, 0, 0, 30, 5618, 4624, 9623, 84, 0, 0, 18, 22, 34, 2, 54982, 46552, 49762, 1, 0, 0, 379,-
102,r1,9, 1057146, 1033,"  102178:	e51b3018 	ldr	r3, [fp, #-24]	; 0xffffffe8",benign, 892, 189, 10241, 2, 6838, 2691, 1, 567, 756, 0, 232, 54631, 550, 3, 7, 8787, 2, 382, 3, 33200, 11695, 21241, 0, 0, 30, 5395, 4860, 9630, 85, 0, 0, 18, 22, 34, 2, 55183, 47059, 50138, 1, 0, 0, 381,-
103,r3,26, 1058285, 1032,"  1025ec:	e51b3074 	ldr	r3, [fp, #-116]	; 0xffffff8c",benign, 921, 189, 10259, 2, 6846, 2688, 1, 567, 756, 0, 233, 54514, 550, 3, 7, 9161, 2, 383, 3, 33177, 11632, 21257, 0, 0, 30, 5397, 4847, 9624, 83, 0, 0, 19, 21, 35, 2, 55097, 47788, 50929, 1, 0, 0, 382,-
104,r1,24, 1056285, 1028,"  101e1c:	e1813003 	orr	r3, r1, r3",benign, 848, 188, 10227, 2, 6841, 2693, 1, 567, 756, 0, 235, 54497, 550, 3, 7, 8562, 2, 382, 3, 33385, 11981, 21266, 0, 0, 30, 5604, 4635, 9611, 82, 0, 0, 19, 22, 35, 2, 54684, 46962, 50016, 1, 0, 0, 382,-
105,r2,3, 1056761, 1033,"  101ff8:	e51b3010 	ldr	r3, [fp, #-16]",benign, 864, 210, 10237, 2, 6834, 2691, 1, 567, 756, 0, 231, 54431, 550, 3, 7, 8756, 2, 384, 3, 33120, 11610, 21297, 0, 0, 30, 5641, 4625, 9616, 83, 0, 0, 19, 22, 35, 2, 55281, 47004, 50217, 1, 0, 0, 380,-
106,r1,25, 1051178, 1030,"  100a28:	e0222003 	eor	r2, r2, r3",benign, 707, 189, 10237, 2, 6851, 2690, 1, 567, 756, 0, 232, 54337, 550, 3, 7, 8270, 2, 383, 3, 32796, 11348, 21243, 0, 0, 30, 5584, 4649, 9609, 82, 0, 0, 18, 22, 34, 2, 54502, 46500, 49582, 1, 0, 0, 382,-
107,r2,30, 1052217, 1036,"  100e38:	e3453a82 	movt	r3, #23170	; 0x5a82",benign, 722, 188, 10222, 2, 6835, 2694, 1, 567, 756, 0, 231, 54834, 550, 3, 7, 8177, 2, 383, 3, 32778, 11260, 21274, 0, 0, 30, 5358, 4899, 9613, 82, 0, 0, 21, 23, 36, 2, 54481, 46704, 49777, 1, 0, 0, 382,-
108,r1,0, 1055766, 1032,"  101c14:	e51b300c 	ldr	r3, [fp, #-12]",benign, 844, 188, 10250, 2, 6853, 2690, 4, 567, 756, 0, 231, 54422, 550, 3, 7, 9011, 2, 383, 3, 33223, 11730, 21247, 0, 0, 30, 5563, 4675, 9616, 82, 0, 0, 19, 22, 35, 2, 55194, 46729, 49789, 1, 0, 0, 473,-
109,r3,7, 1059532, 1032,"  102acc:	e51b3020 	ldr	r3, [fp, #-32]	; 0xffffffe0",benign, 935, 189, 10262, 3, 6852, 2690, 1, 567, 756, 0, 228, 54983, 550, 3, 7, 7874, 3, 404, 3, 33243, 11705, 21244, 0, 0, 30, 5589, 4625, 9605, 80, 0, 0, 19, 22, 35, 5, 54809, 46052, 49099, 1, 0, 0, 381,-
110,r0,13, 1059514, 1029,"  102ab8:	e51b3010 	ldr	r3, [fp, #-16]",benign, 948, 188, 10253, 2, 6851, 2691, 4, 567, 756, 0, 236, 54816, 550, 3, 7, 8804, 2, 382, 3, 33829, 12348, 21242, 0, 0, 30, 5651, 4783, 9621, 84, 0, 0, 19, 22, 35, 2, 54855, 47084, 50139, 1, 0, 0, 381,-
111,r2,15, 1053880, 1029,"  1014b8:	e50b3020 	str	r3, [fp, #-32]	; 0xffffffe0",benign, 753, 211, 10250, 3, 6849, 2688, 1, 567, 756, 0, 220, 53953, 550, 3, 7, 8698, 3, 403, 3, 32770, 11184, 21224, 0, 0, 30, 5371, 4887, 9629, 84, 0, 0, 19, 22, 35, 2, 54368, 46994, 50061, 1, 0, 0, 380,-
112,r0,19, 1060744, 1034,"  102f88:	e3a02000 	mov	r2, #0",benign, 648, 187, 10255, 2, 6850, 2692, 1, 567, 756, 0, 226, 53957, 550, 3, 7, 7925, 2, 383, 3, 32164, 10647, 21256, 0, 0, 30, 5518, 4715, 9611, 82, 0, 0, 18, 23, 34, 2, 54389, 46316, 49335, 1, 0, 0, 380,-
113,r0,9, 1060129, 1032,"  102d20:	e30c31d6 	movw	r3, #49622	; 0xc1d6",benign, 979, 188, 10267, 2, 6856, 2690, 1, 567, 756, 0, 234, 54591, 550, 3, 7, 9524, 2, 381, 3, 33850, 12392, 21273, 0, 0, 30, 5366, 4884, 9624, 84, 0, 0, 19, 22, 35, 2, 55078, 47730, 50944, 1, 0, 0, 381,-
114,r1,2, 1058166, 1031,"  102574:	e0822003 	add	r2, r2, r3",benign, 925, 188, 10266, 2, 6859, 2693, 1, 567, 756, 0, 227, 54391, 550, 3, 7, 8932, 2, 381, 3, 33316, 11823, 21252, 0, 0, 30, 5413, 4834, 9619, 82, 0, 0, 19, 22, 35, 2, 55485, 47325, 50503, 1, 0, 0, 382,-
115,r0,11, 1053678, 1029,"  1013ec:	e51b3014 	ldr	r3, [fp, #-20]	; 0xffffffec",benign, 770, 189, 10259, 2, 6857, 2690, 1, 567, 756, 0, 229, 54095, 550, 3, 7, 8490, 2, 384, 3, 33438, 11858, 21266, 0, 0, 30, 5553, 4695, 9621, 83, 0, 0, 19, 22, 35, 2, 54712, 46777, 49826, 1, 0, 0, 381,-
116,r2,17, 1059401, 1030,"  102a48:	e50b3018 	str	r3, [fp, #-24]	; 0xffffffe8",benign, 955, 189, 10248, 2, 6858, 2694, 1, 567, 756, 0, 232, 55117, 550, 3, 7, 9113, 2, 383, 3, 33560, 12034, 21263, 0, 0, 30, 5371, 4875, 9623, 83, 0, 0, 19, 22, 35, 2, 55258, 47049, 50110, 1, 0, 0, 380,-
117,r1,22, 1054378, 1033,"  1016a8:	e0211003 	eor	r1, r1, r3",benign, 807, 211, 10228, 2, 6840, 2696, 4, 567, 756, 0, 231, 54204, 550, 3, 7, 8262, 2, 383, 3, 32842, 11307, 21252, 0, 0, 30, 5362, 4883, 9615, 83, 0, 0, 19, 22, 35, 2, 55005, 47136, 50379, 1, 0, 0, 381,-
118,r3,26, 1059123, 1035,"  102930:	e51b3014 	ldr	r3, [fp, #-20]	; 0xffffffec",benign, 948, 212, 10254, 2, 6849, 2688, 4, 567, 756, 0, 226, 54764, 550, 3, 7, 9050, 2, 382, 3, 33484, 11983, 21303, 0, 0, 30, 5377, 4862, 9610, 83, 0, 0, 18, 22, 34, 2, 55408, 47664, 50716, 1, 0, 0, 380,-
119,r1,28, 1052314, 1033,"  100e98:	e0822003 	add	r2, r2, r3",benign, 740, 189, 10259, 2, 6859, 2690, 1, 567, 756, 0, 231, 54204, 550, 3, 7, 8196, 3, 405, 3, 32868, 11324, 21286, 0, 0, 30, 5570, 4670, 9637, 83, 0, 0, 22, 23, 37, 2, 54312, 46987, 50058, 1, 0, 0, 402,-
120,r2,26, 1057490, 1033,"  1022d0:	e1a02de3 	ror	r2, r3, #27",benign, 896, 187, 10257, 2, 6851, 2691, 1, 567, 756, 0, 241, 54671, 550, 3, 7, 9294, 2, 384, 3, 33577, 12078, 21238, 0, 0, 30, 5410, 4860, 9632, 82, 0, 0, 22, 23, 37, 2, 55453, 46960, 50236, 1, 0, 0, 380,-
121,r1,8, 1058352, 1033,"  102630:	e51b300c 	ldr	r3, [fp, #-12]",benign, 893, 210, 10264, 3, 6861, 2691, 4, 567, 756, 0, 221, 53905, 550, 3, 7, 8880, 3, 405, 3, 32560, 11053, 21257, 0, 0, 30, 5580, 4693, 9620, 83, 0, 0, 19, 22, 35, 2, 53803, 47145, 50209, 1, 0, 0, 381,-
122,r2,27, 1059046, 1034,"  1028e4:	e0822003 	add	r2, r2, r3",benign, 953, 190, 10245, 2, 6836, 2692, 4, 567, 756, 0, 230, 54899, 550, 3, 7, 9146, 3, 404, 3, 33491, 11965, 21256, 0, 0, 30, 5372, 4878, 9623, 83, 0, 0, 19, 22, 35, 2, 55219, 47121, 50122, 1, 0, 0, 382,-
123,r2,11, 1054605, 1033,"  10178c:	e0822003 	add	r2, r2, r3",benign, 813, 189, 10234, 2, 6841, 2694, 1, 567, 756, 0, 227, 54418, 550, 3, 7, 8385, 2, 536, 3, 32715, 11242, 21261, 0, 0, 30, 5382, 4853, 9626, 83, 0, 0, 19, 22, 35, 2, 55029, 47057, 50126, 1, 0, 0, 381,-
124,r0,5, 1060622, 1031,"  102f0c:	e0822003 	add	r2, r2, r3",benign, 996, 188, 10271, 2, 6863, 2691, 4, 567, 756, 0, 226, 54642, 550, 3, 7, 9256, 2, 384, 3, 33660, 12203, 21265, 0, 0, 30, 5360, 4888, 9620, 86, 0, 0, 19, 22, 35, 2, 55286, 47546, 50613, 1, 0, 0, 380,-
125,r3,26, 1056872, 1031,"  102068:	e51b1014 	ldr	r1, [fp, #-20]	; 0xffffffec",benign, 853, 189, 10260, 3, 6858, 2693, 1, 567, 756, 0, 221, 54097, 550, 3, 7, 9020, 2, 383, 3, 33283, 11749, 21250, 0, 0, 30, 5340, 4904, 9615, 81, 0, 0, 18, 22, 34, 5, 55042, 46165, 49141, 1, 0, 0, 403,-
126,r2,29, 1052474, 1031,"  100f38:	e50b301c 	str	r3, [fp, #-28]	; 0xffffffe4",benign, 738, 190, 10222, 2, 6854, 2692, 4, 567, 756, 0, 237, 54392, 550, 3, 7, 8198, 2, 381, 3, 33270, 11800, 21270, 0, 0, 30, 5559, 4677, 9624, 82, 0, 0, 19, 22, 35, 2, 54512, 46750, 49810, 1, 0, 0, 380,-
127,r1,31, 1056790, 1031,"  102014:	e51b301c 	ldr	r3, [fp, #-28]	; 0xffffffe4",benign, 871, 188, 10264, 2, 6859, 2690, 4, 567, 756, 0, 234, 54740, 550, 3, 7, 8961, 2, 384, 3, 33113, 11604, 21283, 0, 0, 30, 5574, 4708, 9633, 85, 0, 0, 19, 22, 35, 2, 55113, 47350, 50611, 1, 0, 0, 379,-
128,r1,15, 1060019, 1032,"  102cb0:	e0822003 	add	r2, r2, r3",benign, 978, 188, 10262, 2, 6863, 2692, 1, 567, 756, 0, 234, 54707, 550, 3, 7, 8933, 2, 382, 3, 33229, 11676, 21263, 0, 0, 30, 5533, 4720, 9619, 84, 0, 0, 18, 22, 34, 2, 55948, 46976, 50019, 1, 0, 0, 379,-
129,r0,26, 1055723, 1032,"  101be8:	e51b3018 	ldr	r3, [fp, #-24]	; 0xffffffe8",benign, 846, 190, 10235, 2, 6852, 2692, 1, 567, 756, 0, 230, 54562, 550, 3, 7, 9083, 2, 382, 3, 33073, 11618, 21261, 0, 0, 30, 5373, 4873, 9610, 81, 0, 0, 19, 22, 35, 2, 55113, 47466, 50538, 1, 0, 0, 382,-
130,r0,22, 1058269, 1032,"  1025dc:	e1813003 	orr	r3, r1, r3",benign, 926, 190, 10269, 2, 6853, 2691, 1, 567, 756, 0, 223, 54454, 550, 3, 7, 8777, 2, 383, 3, 32339, 10835, 21255, 0, 0, 30, 5775, 4911, 9618, 81, 0, 0, 22, 23, 37, 2, 55058, 47498, 50583, 1, 0, 0, 382,-
131,r2,8, 1051886, 1037,"  100cec:	e51b3010 	ldr	r3, [fp, #-16]",benign, 718, 189, 10243, 2, 6848, 2689, 1, 567, 756, 0, 228, 54423, 550, 3, 7, 8033, 2, 453, 3, 32742, 11260, 21283, 0, 0, 30, 5387, 4862, 9627, 84, 0, 0, 18, 22, 34, 2, 54489, 46805, 49940, 1, 0, 0, 382,-
132,r2,29, 1053042, 1039,"  101170:	e0822003 	add	r2, r2, r3",benign, 753, 190, 10224, 2, 6832, 2691, 1, 567, 756, 0, 227, 54221, 550, 3, 7, 8887, 2, 382, 3, 33112, 11610, 21232, 0, 0, 30, 5404, 4841, 9627, 82, 0, 0, 19, 22, 35, 2, 54542, 46719, 49768, 1, 0, 0, 380,-
133,r2,25, 1060163, 1033,"  102d40:	e51b3010 	ldr	r3, [fp, #-16]",benign, 973, 211, 10265, 2, 6854, 2689, 4, 567, 756, 0, 237, 55034, 550, 3, 7, 9536, 2, 384, 3, 33211, 11606, 21270, 0, 0, 30, 5408, 4853, 9615, 80, 0, 0, 19, 22, 35, 2, 55541, 47766, 50939, 1, 0, 0, 403,-
134,r0,6, 1057423, 1030,"  10228c:	e0822003 	add	r2, r2, r3",benign, 894, 210, 10257, 2, 6850, 2689, 1, 567, 756, 0, 231, 55076, 550, 3, 7, 9291, 2, 382, 3, 33217, 11793, 21267, 0, 0, 30, 5425, 4857, 9640, 84, 0, 0, 18, 22, 34, 2, 55191, 47579, 50822, 1, 0, 0, 381,-
135,r1,11, 1055154, 1029,"  1019b0:	e0822003 	add	r2, r2, r3",benign, 826, 189, 10260, 2, 6857, 2689, 1, 567, 756, 0, 235, 54753, 550, 3, 7, 8327, 2, 561, 3, 33075, 11594, 21277, 0, 0, 30, 5549, 4691, 9610, 83, 0, 0, 19, 22, 35, 2, 54889, 47259, 50275, 1, 0, 0, 380,-
136,r2,2, 1054979, 1032,"  101900:	e50b3018 	str	r3, [fp, #-24]	; 0xffffffe8",benign, 814, 188, 10246, 2, 6848, 2690, 1, 567, 756, 0, 230, 54489, 550, 3, 7, 8570, 2, 384, 3, 33582, 12064, 21275, 0, 0, 30, 5383, 4860, 9611, 82, 0, 0, 19, 22, 35, 2, 54995, 46850, 49906, 1, 0, 0, 401,-
137,r3,27, 1052006, 1030,"  100d64:	e51b3010 	ldr	r3, [fp, #-16]",benign, 722, 211, 10255, 2, 6859, 2690, 1, 567, 756, 0, 237, 54369, 550, 3, 7, 8392, 2, 383, 3, 32891, 11289, 21308, 0, 0, 30, 5354, 4882, 9623, 85, 0, 0, 19, 22, 35, 2, 54575, 47128, 50167, 1, 0, 0, 380,-
138,r1,0, 1061409, 1032,"  103220:	e5132018 	ldr	r2, [r3, #-24]	; 0xffffffe8",benign, 671, 187, 10239, 2, 6842, 2687, 4, 567, 756, 0, 228, 54251, 550, 3, 7, 7847, 2, 381, 3, 33137, 11628, 21264, 0, 0, 30, 5360, 4923, 9604, 83, 0, 0, 19, 23, 35, 2, 54275, 46611, 49672, 1, 0, 0, 382,-
139,r2,21, 1057635, 1036,"  102360:	e0011003 	and	r1, r1, r3",benign, 908, 190, 10243, 2, 6838, 2692, 1, 567, 756, 0, 233, 55005, 550, 3, 7, 9087, 2, 382, 3, 33057, 11535, 21241, 0, 0, 30, 5405, 4848, 9616, 80, 0, 0, 22, 23, 37, 2, 55017, 47241, 50307, 1, 0, 0, 382,-
140,r2,15, 1054441, 1033,"  1016e8:	e51b3010 	ldr	r3, [fp, #-16]",benign, 794, 190, 10236, 2, 6858, 2692, 1, 567, 756, 0, 235, 54349, 550, 3, 7, 8578, 2, 382, 3, 33364, 11758, 21256, 0, 0, 30, 5547, 4701, 9614, 81, 0, 0, 19, 22, 35, 2, 54881, 47101, 50090, 1, 0, 0, 403,-
141,r2,11, 1054624, 1030,"  1017a0:	e30e3ba1 	movw	r3, #60321	; 0xeba1",benign, 783, 190, 10212, 3, 6838, 2695, 4, 567, 756, 0, 227, 53591, 550, 3, 7, 8699, 3, 406, 3, 32556, 11050, 21237, 0, 0, 30, 5553, 4707, 9619, 82, 0, 0, 18, 22, 34, 5, 54714, 46520, 49718, 1, 0, 0, 380,-
142,r1,27, 1059831, 1035,"  102bf4:	e51b3014 	ldr	r3, [fp, #-20]	; 0xffffffec",benign, 966, 187, 10271, 2, 6856, 2690, 1, 567, 756, 0, 231, 55125, 550, 3, 7, 9424, 2, 382, 3, 33208, 11626, 21292, 0, 0, 30, 5549, 4683, 9603, 81, 0, 0, 19, 22, 35, 2, 55408, 47735, 50798, 1, 0, 0, 380,-
143,r3,30, 1053268, 1031,"  101254:	e1813003 	orr	r3, r1, r3",benign, 736, 190, 10242, 3, 6834, 2689, 1, 567, 756, 0, 223, 53515, 550, 3, 7, 8468, 2, 383, 3, 32507, 10973, 21237, 0, 0, 30, 5275, 4958, 9611, 83, 0, 0, 19, 22, 35, 5, 54261, 46561, 49568, 1, 0, 0, 382,-
144,r1,25, 1054244, 1039,"  101624:	e51b3020 	ldr	r3, [fp, #-32]	; 0xffffffe0",benign, 768, 188, 10248, 3, 6853, 2689, 1, 567, 756, 0, 229, 54024, 550, 3, 7, 8208, 2, 383, 3, 32921, 11452, 21229, 0, 0, 30, 5552, 4693, 9625, 84, 0, 0, 19, 23, 35, 2, 54154, 46839, 50032, 1, 0, 0, 381,-
145,r1,19, 1058823, 1029,"  102804:	e0822003 	add	r2, r2, r3",benign, 944, 190, 10259, 2, 6851, 2692, 1, 567, 756, 0, 235, 54804, 550, 3, 7, 9057, 2, 384, 3, 33102, 11534, 21252, 0, 0, 30, 5599, 4672, 9615, 81, 0, 0, 19, 22, 35, 2, 55444, 47161, 50267, 1, 0, 0, 382,-
146,r0,15, 1051678, 1028,"  100c1c:	e1a02de3 	ror	r2, r3, #27",benign, 717, 190, 10258, 2, 6858, 2690, 4, 567, 756, 0, 235, 54556, 550, 3, 7, 8899, 2, 384, 3, 32471, 11016, 21241, 0, 0, 30, 5538, 4703, 9616, 82, 0, 0, 19, 22, 35, 2, 54506, 47087, 50050, 1, 0, 0, 402,-
147,r0,17, 1054200, 1028,"  1015f8:	e0823003 	add	r3, r2, r3",benign, 764, 210, 10255, 3, 6856, 2690, 4, 567, 756, 0, 229, 54164, 550, 3, 7, 8055, 2, 384, 3, 33293, 11802, 21247, 0, 0, 30, 5387, 4863, 9626, 83, 0, 0, 18, 21, 34, 2, 54026, 46853, 49917, 1, 0, 0, 379,-
148,r2,6, 1052189, 1037,"  100e1c:	e1813003 	orr	r3, r1, r3",benign, 725, 188, 10220, 2, 6828, 2689, 4, 567, 756, 0, 228, 54239, 550, 3, 7, 8321, 2, 384, 3, 32857, 11388, 21285, 0, 0, 30, 5386, 4868, 9629, 86, 0, 0, 19, 22, 35, 2, 54615, 46623, 49692, 1, 0, 0, 379,-
149,r1,31, 1053944, 1034,"  1014f8:	e0211003 	eor	r1, r1, r3",benign, 762, 190, 10226, 3, 6837, 2690, 1, 567, 756, 0, 232, 53933, 550, 3, 7, 7779, 2, 383, 3, 32719, 11222, 21243, 0, 0, 30, 5588, 4663, 9606, 80, 0, 0, 18, 22, 34, 5, 54376, 46937, 50007, 1, 0, 0, 382,-
150,r1,10, 1058150, 1037,"  102564:	e0822003 	add	r2, r2, r3",benign, 920, 189, 10257, 2, 6852, 2688, 1, 567, 756, 0, 226, 54623, 550, 3, 7, 8935, 2, 384, 3, 33094, 11592, 21238, 0, 0, 30, 5618, 4609, 9617, 80, 0, 0, 19, 22, 35, 2, 54937, 46890, 49926, 1, 0, 0, 402,-
151,r0,24, 1051950, 1028,"  100d2c:	e1813003 	orr	r3, r1, r3",benign, 718, 190, 10251, 2, 6853, 2689, 1, 567, 756, 0, 232, 54384, 550, 3, 7, 8580, 2, 384, 3, 32754, 11215, 21255, 0, 0, 30, 5596, 4646, 9618, 81, 0, 0, 18, 22, 34, 2, 54499, 46573, 49850, 1, 0, 0, 486,-
152,r1,9, 1060223, 1037,"  102d7c:	e51b301c 	ldr	r3, [fp, #-28]	; 0xffffffe4",benign, 972, 189, 10259, 2, 6854, 2693, 1, 567, 756, 0, 228, 54550, 550, 3, 7, 9071, 2, 384, 3, 33145, 11668, 21259, 0, 0, 30, 5393, 4860, 9623, 81, 0, 0, 19, 22, 35, 2, 55495, 47095, 50143, 1, 0, 0, 382,-
153,r0,12, 1054454, 1036,"  1016f4:	e51b300c 	ldr	r3, [fp, #-12]",benign, 809, 189, 10251, 2, 6850, 2691, 1, 567, 756, 0, 230, 54544, 550, 3, 7, 8800, 3, 405, 3, 32932, 11426, 21230, 0, 0, 30, 5362, 4893, 9623, 84, 0, 0, 19, 22, 35, 2, 55221, 46785, 49817, 1, 0, 0, 403,-
154,r0,27, 1061435, 1032,"  103238:	e51b2014 	ldr	r2, [fp, #-20]	; 0xffffffec",benign, 677, 189, 10245, 2, 6843, 2690, 1, 567, 756, 0, 233, 54631, 550, 3, 7, 7972, 2, 383, 3, 32299, 10798, 21206, 0, 0, 30, 5526, 4709, 9604, 85, 0, 0, 19, 23, 35, 2, 54923, 46842, 49885, 1, 0, 0, 381,-
155,r0,9, 1058976, 1028,"  1028a0:	e1a03163 	ror	r3, r3, #2",benign, 918, 189, 10245, 3, 6853, 2696, 1, 567, 756, 0, 225, 54087, 550, 3, 7, 9101, 2, 383, 3, 32812, 11214, 21221, 0, 0, 30, 5543, 4713, 9615, 84, 0, 0, 19, 23, 35, 2, 54507, 47558, 50637, 1, 0, 0, 381,-
156,r1,31, 1053423, 1038,"  1012ec:	e0823003 	add	r3, r2, r3",benign, 777, 189, 10242, 2, 6856, 2692, 1, 567, 756, 0, 228, 54586, 550, 3, 7, 8768, 2, 383, 3, 33287, 11814, 21269, 0, 0, 30, 5561, 4671, 9607, 84, 0, 0, 19, 22, 35, 2, 54431, 46583, 49802, 1, 0, 0, 381,-
157,r0,19, 1054308, 1037,"  101664:	e0823003 	add	r3, r2, r3",benign, 773, 190, 10255, 3, 6858, 2690, 1, 567, 756, 0, 224, 53690, 550, 3, 7, 8426, 2, 382, 3, 32397, 10834, 21266, 0, 0, 30, 5387, 4872, 9619, 81, 0, 0, 19, 23, 35, 2, 54394, 46693, 49756, 1, 0, 0, 403,-
158,r0,27, 1059565, 1034,"  102aec:	e0233001 	eor	r3, r3, r1",benign, 971, 189, 10251, 2, 6856, 2694, 1, 567, 756, 0, 234, 55106, 550, 3, 7, 8974, 2, 382, 3, 32995, 11495, 21255, 0, 0, 30, 5373, 4880, 9616, 84, 0, 0, 21, 23, 36, 2, 55221, 47613, 50705, 1, 0, 0, 379,-
159,r3,30, 1052852, 1033,"  1010b4:	e50b3014 	str	r3, [fp, #-20]	; 0xffffffec",benign, 726, 188, 10207, 3, 6834, 2692, 1, 567, 756, 0, 235, 54283, 550, 3, 7, 8000, 2, 384, 3, 32285, 10736, 21255, 0, 0, 30, 5514, 4699, 9614, 83, 0, 0, 19, 22, 35, 5, 54606, 46031, 49022, 1, 0, 0, 379,-
160,r0,3, 1057949, 1028,"  10249c:	e50b3018 	str	r3, [fp, #-24]	; 0xffffffe8",benign, 900, 188, 10245, 2, 6856, 2693, 1, 567, 756, 0, 224, 54974, 550, 3, 7, 9291, 3, 405, 3, 33385, 11884, 21230, 0, 0, 30, 5561, 4665, 9611, 85, 0, 0, 18, 22, 34, 2, 54727, 46811, 49837, 1, 0, 0, 403,-
161,r2,20, 1052989, 1034,"  10113c:	e50b300c 	str	r3, [fp, #-12]",benign, 765, 212, 10249, 2, 6855, 2691, 1, 567, 756, 0, 226, 54031, 550, 3, 7, 8104, 2, 382, 3, 32647, 11140, 21248, 0, 0, 30, 5627, 4641, 9635, 85, 0, 0, 22, 23, 37, 2, 55043, 46624, 49690, 1, 0, 0, 379,-
162,r3,3, 1052791, 1032,"  101074:	e1813003 	orr	r3, r1, r3",benign, 741, 190, 10223, 2, 6845, 2694, 1, 567, 756, 0, 226, 54663, 550, 3, 7, 8236, 2, 384, 3, 33126, 11626, 21290, 0, 0, 30, 5393, 4834, 9617, 82, 0, 0, 19, 22, 35, 2, 54832, 46875, 50044, 1, 0, 0, 380,-
163,r1,21, 1060698, 1031,"  102f58:	e30d3cfe 	movw	r3, #56574	; 0xdcfe",benign, 670, 189, 10234, 2, 6848, 2693, 4, 567, 756, 0, 220, 54075, 550, 3, 7, 8189, 3, 406, 3, 32701, 11239, 21227, 0, 0, 30, 5551, 4716, 9612, 84, 0, 0, 19, 23, 35, 2, 54253, 46918, 50028, 1, 0, 0, 402,-
164,r3,22, 1054596, 1034,"  101784:	e51b3018 	ldr	r3, [fp, #-24]	; 0xffffffe8",benign, 781, 190, 10238, 3, 6860, 2694, 1, 567, 756, 0, 227, 54025, 550, 3, 7, 7759, 2, 382, 3, 32087, 10520, 21253, 0, 0, 30, 5555, 4683, 9612, 84, 0, 0, 22, 23, 37, 5, 54717, 46350, 49570, 1, 0, 0, 380,-
165,r2,22, 1056443, 1029,"  101eb8:	e0823003 	add	r3, r2, r3",benign, 856, 189, 10246, 2, 6837, 2690, 1, 567, 756, 0, 233, 54663, 550, 3, 7, 8481, 2, 572, 3, 33095, 11551, 21248, 0, 0, 30, 5547, 4706, 9611, 82, 0, 0, 21, 23, 36, 2, 55287, 46982, 50069, 1, 0, 0, 381,-
166,r1,1, 1061296, 1028,"  1031b0:	e2433004 	sub	r3, r3, #4",benign, 604, 187, 4808, 3, 3148, 1301, 1, 567, 756, 0, 223, 54267, 550, 3, 7, 7815, 2, 383, 3, 32213, 10650, 21265, 0, 0, 30, 5528, 4718, 9614, 83, 0, 0, 19, 21, 35, 2, 54543, 46165, 49113, 1, 0, 0, 382,-
167,r1,28, 1056965, 1038,"  1020c4:	e1a03163 	ror	r3, r3, #2",benign, 869, 189, 10255, 2, 6852, 2691, 4, 567, 756, 0, 234, 54563, 550, 3, 7, 8687, 2, 382, 3, 33377, 11898, 21266, 0, 0, 30, 5364, 4872, 9612, 85, 0, 0, 18, 22, 34, 2, 54945, 47067, 50083, 1, 0, 0, 380,-
168,r2,18, 1060137, 1036,"  102d28:	e0823003 	add	r3, r2, r3",benign, 986, 189, 10249, 2, 6840, 2692, 1, 567, 756, 0, 224, 55040, 550, 3, 7, 8884, 2, 382, 3, 33186, 11722, 21300, 0, 0, 30, 5365, 4892, 9614, 80, 0, 0, 19, 22, 35, 2, 55684, 47109, 50376, 1, 0, 0, 379,-
169,r1,18, 1056580, 1033,"  101f44:	e51b3014 	ldr	r3, [fp, #-20]	; 0xffffffec",benign, 841, 188, 10248, 3, 6849, 2690, 4, 567, 756, 0, 218, 53412, 550, 3, 7, 8920, 2, 383, 3, 33117, 11573, 21233, 0, 0, 30, 5592, 4643, 9608, 82, 0, 0, 22, 23, 37, 5, 54983, 47392, 50461, 1, 0, 0, 381,-
170,r2,31, 1058336, 1031,"  102620:	e51b300c 	ldr	r3, [fp, #-12]",benign, 899, 190, 10260, 3, 6853, 2692, 1, 567, 756, 0, 222, 53559, 550, 3, 7, 9101, 2, 383, 3, 33161, 11660, 21221, 0, 0, 30, 5426, 4842, 9624, 82, 0, 0, 19, 22, 35, 5, 55029, 46551, 49639, 1, 0, 0, 404,-
171,r1,10, 1054844, 1031,"  10187c:	e3463ed9 	movt	r3, #28377	; 0x6ed9",benign, 787, 189, 10250, 3, 6850, 2689, 1, 567, 756, 0, 236, 54057, 550, 3, 7, 8687, 2, 382, 3, 32787, 11234, 21241, 0, 0, 30, 5525, 4720, 9620, 82, 0, 0, 19, 22, 35, 5, 54740, 46932, 49991, 1, 0, 0, 381,-
172,r0,2, 1053488, 1033,"  101330:	e0011003 	and	r1, r1, r3",benign, 742, 187, 10236, 3, 6852, 2691, 1, 567, 756, 0, 232, 53998, 550, 3, 7, 8250, 2, 382, 3, 32426, 10987, 21227, 0, 0, 30, 5398, 4838, 9612, 82, 0, 0, 18, 22, 34, 2, 54165, 46770, 49827, 1, 0, 0, 380,-
173,r3,13, 1054487, 1037,"  101714:	e0211003 	eor	r1, r1, r3",benign, 808, 189, 10237, 2, 6840, 2692, 1, 567, 756, 0, 230, 54259, 550, 3, 7, 8284, 2, 383, 3, 33198, 11576, 21271, 0, 0, 30, 5616, 4620, 9614, 81, 0, 0, 18, 22, 34, 2, 54599, 46694, 49751, 1, 0, 0, 523,-
174,r0,2, 1057981, 1033,"  1024bc:	e51b300c 	ldr	r3, [fp, #-12]",benign, 914, 187, 10245, 2, 6858, 2692, 1, 567, 756, 0, 235, 55156, 550, 3, 7, 9115, 3, 492, 3, 33615, 12028, 21262, 0, 0, 30, 5400, 4851, 9623, 83, 0, 0, 19, 22, 35, 2, 55235, 47300, 50346, 1, 0, 0, 381,-
175,r1,29, 1053529, 1030,"  101358:	e0822003 	add	r2, r2, r3",benign, 773, 188, 10258, 2, 6861, 2691, 1, 567, 756, 0, 227, 54275, 550, 3, 7, 8649, 2, 384, 3, 33215, 11716, 21263, 0, 0, 30, 5744, 4843, 9609, 82, 0, 0, 22, 23, 37, 2, 54545, 47166, 50196, 1, 0, 0, 402,-
176,r1,26, 1056476, 1030,"  101edc:	e51b300c 	ldr	r3, [fp, #-12]",benign, 835, 210, 10258, 3, 6856, 2691, 1, 567, 756, 0, 222, 53602, 550, 3, 7, 8672, 2, 384, 3, 33257, 11727, 21238, 0, 0, 30, 5554, 4679, 9623, 82, 0, 0, 19, 22, 35, 5, 54673, 46595, 49602, 1, 0, 0, 398,-
177,r0,20, 1057113, 1036,"  102158:	e51b300c 	ldr	r3, [fp, #-12]",benign, 985, 298, 10238, 2, 6861, 2695, 1, 567, 756, 0, 230, 54402, 550, 3, 7, 8589, 2, 383, 3, 33451, 11933, 21292, 0, 0, 30, 5401, 4845, 9623, 86, 0, 0, 19, 22, 35, 2, 55172, 46883, 49932, 1, 0, 0, 401,-
178,r2,4, 1051908, 1037,"  100d04:	e50b300c 	str	r3, [fp, #-12]",benign, 693, 210, 10240, 3, 6858, 2694, 1, 567, 756, 0, 228, 53596, 550, 3, 7, 8198, 2, 383, 3, 31935, 10374, 21228, 0, 0, 30, 5373, 4862, 9614, 81, 0, 0, 22, 22, 37, 2, 54191, 46415, 49704, 1, 0, 0, 381,-
179,r2,19, 1060562, 1034,"  102ed0:	e51b3168 	ldr	r3, [fp, #-360]	; 0xfffffe98",benign, 982, 211, 10272, 2, 6860, 2692, 1, 567, 756, 0, 231, 54878, 550, 3, 7, 9332, 3, 405, 3, 33314, 11797, 21291, 0, 0, 30, 5423, 4854, 9623, 83, 0, 0, 19, 22, 35, 2, 55305, 47334, 50389, 1, 0, 0, 381,-
180,r2,4, 1061062, 1037,"  1030c4:	e50b300c 	str	r3, [fp, #-12]",benign, 993, 190, 10268, 2, 6851, 2694, 1, 567, 756, 0, 231, 54708, 550, 3, 7, 9558, 2, 382, 3, 33804, 12373, 21272, 0, 0, 30, 5369, 4877, 9624, 83, 0, 0, 19, 22, 33, 0, 55570, 47604, 50712, 1, 0, 0, 381,-
181,r1,1, 1052680, 1033,"  101008:	e0822003 	add	r2, r2, r3",benign, 716, 187, 10245, 3, 6854, 2691, 1, 567, 756, 0, 224, 54044, 550, 3, 7, 8215, 2, 382, 3, 32612, 11121, 21214, 0, 0, 30, 5344, 4923, 9627, 80, 0, 0, 22, 23, 37, 5, 54959, 46283, 49272, 1, 0, 0, 381,-
182,r3,21, 1059773, 1038,"  102bbc:	e0211003 	eor	r1, r1, r3",benign, 968, 211, 10232, 2, 6841, 2697, 4, 567, 756, 0, 231, 54627, 550, 3, 7, 8918, 3, 405, 3, 33186, 11703, 21252, 0, 0, 30, 5375, 4854, 9606, 80, 0, 0, 19, 22, 35, 2, 54900, 47009, 49995, 1, 0, 0, 403,-
183,r0,13, 1058458, 1034,"  102698:	e50b300c 	str	r3, [fp, #-12]",benign, 933, 188, 10256, 2, 6859, 2693, 1, 567, 756, 0, 228, 55001, 550, 3, 7, 9153, 2, 384, 3, 33173, 11647, 21281, 0, 0, 30, 5383, 4865, 9604, 83, 0, 0, 21, 23, 36, 2, 54928, 47062, 50269, 1, 0, 0, 381,-
184,r2,28, 1052701, 1037,"  10101c:	e0823003 	add	r3, r2, r3",benign, 746, 188, 10231, 2, 6839, 2691, 4, 567, 756, 0, 233, 54708, 550, 3, 7, 8829, 2, 382, 3, 32822, 11328, 21241, 0, 0, 30, 5358, 4884, 9614, 84, 0, 0, 18, 22, 34, 2, 54791, 46517, 49584, 1, 0, 0, 379,-
185,r2,22, 1054125, 1028,"  1015ac:	e50b3014 	str	r3, [fp, #-20]	; 0xffffffec",benign, 783, 210, 10250, 2, 6852, 2691, 1, 567, 756, 0, 229, 54626, 550, 3, 7, 8340, 2, 382, 3, 33149, 11641, 21238, 0, 0, 30, 5561, 4696, 9617, 81, 0, 0, 18, 21, 34, 2, 54983, 47390, 50429, 1, 0, 0, 403,-
186,r1,12, 1056089, 1031,"  101d58:	e50b3018 	str	r3, [fp, #-24]	; 0xffffffe8",benign, 844, 188, 10252, 2, 6849, 2689, 1, 567, 756, 0, 225, 54100, 550, 3, 7, 8525, 3, 405, 3, 33109, 11566, 21232, 0, 0, 30, 5352, 4887, 9612, 82, 0, 0, 19, 22, 35, 2, 54934, 47036, 50094, 1, 0, 0, 380,-
187,r3,10, 1059563, 1027,"  102ae8:	e51b3018 	ldr	r3, [fp, #-24]	; 0xffffffe8",benign, 963, 187, 10268, 2, 6859, 2689, 1, 567, 756, 0, 229, 54627, 550, 3, 7, 9450, 2, 384, 3, 33423, 11947, 21264, 0, 0, 30, 5397, 4843, 9620, 81, 0, 0, 19, 22, 35, 2, 55341, 47310, 50323, 1, 0, 0, 403,-
188,r0,31, 1060913, 1029,"  103030:	e5832018 	str	r2, [r3, #24]",benign, 684, 189, 10240, 2, 6850, 2692, 1, 567, 756, 0, 222, 54247, 550, 3, 7, 7975, 2, 382, 3, 32515, 10971, 21244, 0, 0, 30, 5622, 4805, 9591, 81, 0, 0, 19, 23, 35, 2, 54564, 46038, 49029, 1, 0, 0, 381,-
189,r3,21, 1055856, 1032,"  101c70:	e51b300c 	ldr	r3, [fp, #-12]",benign, 816, 210, 10240, 3, 6855, 2693, 4, 567, 756, 0, 219, 53866, 550, 3, 7, 9152, 2, 383, 3, 32862, 11405, 21249, 0, 0, 30, 5364, 4880, 9621, 83, 0, 0, 19, 22, 35, 5, 54558, 46571, 49656, 1, 0, 0, 380,-
190,r1,9, 1058340, 1034,"  102624:	e50b3010 	str	r3, [fp, #-16]",benign, 895, 187, 10264, 3, 6856, 2690, 1, 567, 756, 0, 234, 54388, 550, 3, 7, 8601, 2, 382, 3, 32942, 11469, 21253, 0, 0, 30, 5373, 4864, 9608, 82, 0, 0, 19, 22, 35, 5, 54963, 46421, 49390, 1, 0, 0, 381,-
191,r2,26, 1056602, 1031,"  101f58:	e51b300c 	ldr	r3, [fp, #-12]",benign, 871, 189, 10240, 2, 6847, 2690, 1, 567, 756, 0, 228, 54909, 550, 3, 7, 8779, 2, 382, 3, 33373, 11832, 21263, 0, 0, 30, 5618, 4607, 9601, 80, 0, 0, 22, 23, 37, 2, 55332, 47008, 50014, 1, 0, 0, 402,-
192,r3,23, 1060765, 1032,"  102f9c:	e320f000 	nop	{0}",benign, 724, 239, 10236, 2, 6850, 2692, 1, 567, 756, 0, 221, 54315, 550, 3, 7, 7934, 3, 406, 3, 32631, 11110, 21259, 0, 0, 30, 5539, 4699, 9591, 83, 0, 0, 19, 23, 35, 2, 54497, 46704, 49763, 1, 0, 0, 381,-
193,r3,4, 1054023, 1036,"  101544:	e51b300c 	ldr	r3, [fp, #-12]",benign, 779, 188, 10256, 2, 6855, 2689, 1, 567, 756, 0, 230, 54311, 550, 3, 7, 8466, 2, 401, 3, 33142, 11609, 21258, 0, 0, 30, 5619, 4648, 9635, 83, 0, 0, 19, 22, 35, 2, 54788, 46610, 49839, 1, 0, 0, 381,-
194,r0,28, 1056820, 1035,"  102034:	e51b3018 	ldr	r3, [fp, #-24]	; 0xffffffe8",benign, 848, 188, 10253, 3, 6852, 2689, 1, 567, 756, 0, 232, 54693, 550, 3, 7, 8028, 2, 383, 3, 32791, 11248, 21230, 0, 0, 30, 5367, 4861, 9628, 81, 0, 0, 18, 22, 34, 5, 54648, 45944, 48928, 1, 0, 0, 382,-
195,r1,8, 1056001, 1034,"  101d00:	e1a02de3 	ror	r2, r3, #27",benign, 851, 189, 10258, 2, 6857, 2689, 1, 567, 756, 0, 227, 54296, 550, 3, 7, 8398, 2, 384, 3, 32858, 11255, 21264, 0, 0, 30, 5399, 4851, 9617, 82, 0, 0, 19, 22, 35, 2, 55416, 46843, 49994, 1, 0, 0, 379,-
196,r2,29, 1055563, 1037,"  101b48:	e51b3014 	ldr	r3, [fp, #-20]	; 0xffffffec",benign, 833, 211, 10213, 2, 6837, 2694, 1, 567, 756, 0, 231, 54595, 550, 3, 7, 8648, 2, 383, 3, 33545, 11962, 21296, 0, 0, 30, 5384, 4863, 9625, 84, 0, 0, 19, 22, 35, 2, 54745, 46898, 50100, 1, 0, 0, 402,-
197,r3,27, 1051033, 1030,"  100998:	e1a03103 	lsl	r3, r3, #2",benign, 680, 190, 10217, 2, 6840, 2694, 1, 567, 756, 0, 227, 54474, 550, 3, 7, 8325, 3, 403, 3, 32742, 11231, 21242, 0, 0, 30, 5343, 4899, 9601, 81, 0, 0, 19, 22, 35, 2, 54792, 46704, 49748, 1, 0, 0, 403,-
198,r0,11, 1055154, 1030,"  1019b0:	e0822003 	add	r2, r2, r3",benign, 810, 211, 10244, 2, 6853, 2689, 4, 567, 756, 0, 237, 54975, 550, 3, 7, 8187, 2, 383, 3, 33022, 11529, 21258, 0, 0, 30, 5533, 4698, 9619, 82, 0, 0, 19, 22, 35, 2, 55444, 46519, 49586, 1, 0, 0, 380,-
199,r3,6, 1053630, 1036,"  1013bc:	e1813003 	orr	r3, r1, r3",benign, 767, 189, 10232, 2, 6836, 2690, 4, 567, 756, 0, 232, 54369, 550, 3, 7, 8506, 2, 382, 3, 32679, 11193, 21262, 0, 0, 30, 5399, 4842, 9612, 81, 0, 0, 21, 23, 36, 2, 54999, 47204, 50271, 1, 0, 0, 382,-
201,r1,8, 1056738, 1096,"  101fe0:	e50b300c 	str	r3, [fp, #-12]",benign, 732, 5, 10243, 2, 6884, 2693, 4, 567, 756, 0, 234, 54903, 550, 3, 7, 8513, 2, 383, 3, 33047, 11612, 21248, 0, 0, 30, 5370, 4880, 9621, 82, 0, 0, 22, 23, 37, 2, 55175, 47365, 50436, 1, 0, 0, 380,-
202,r3,15, 1053116, 1031,"  1011bc:	e1a02de3 	ror	r2, r3, #27",benign, 733, 189, 10221, 3, 6840, 2694, 1, 567, 756, 0, 219, 53924, 550, 3, 7, 8278, 2, 383, 3, 32259, 10762, 21238, 0, 0, 30, 5553, 4680, 9613, 82, 0, 0, 22, 24, 37, 2, 54235, 46509, 49669, 1, 0, 0, 403,-
203,r3,2, 1056431, 1033,"  101eac:	e0822003 	add	r2, r2, r3",benign, 863, 188, 10245, 2, 6840, 2691, 1, 567, 756, 0, 228, 54423, 550, 3, 7, 8962, 3, 405, 3, 32900, 11419, 21279, 0, 0, 30, 5301, 4935, 9611, 85, 0, 0, 19, 22, 35, 2, 54983, 46987, 50054, 1, 0, 0, 380,-
204,r3,26, 1057249, 1038,"  1021e0:	e51b3018 	ldr	r3, [fp, #-24]	; 0xffffffe8",benign, 1029, 330, 10270, 2, 6864, 2693, 1, 567, 756, 0, 230, 54901, 550, 3, 7, 8520, 2, 381, 3, 33334, 11822, 21290, 0, 0, 30, 5621, 4620, 9621, 81, 0, 0, 19, 22, 35, 2, 54877, 47233, 50294, 1, 0, 0, 380,-
205,r1,25, 1057158, 1036,"  102184:	e0822003 	add	r2, r2, r3",benign, 891, 188, 10257, 2, 6852, 2688, 1, 567, 756, 0, 231, 54859, 550, 3, 7, 8997, 2, 383, 3, 32990, 11502, 21290, 0, 0, 30, 5570, 4698, 9616, 82, 0, 0, 18, 22, 34, 2, 55078, 46923, 49990, 1, 0, 0, 382,-
206,r1,5, 1051610, 1034,"  100bd8:	e0822003 	add	r2, r2, r3",benign, 716, 189, 10226, 2, 6853, 2691, 1, 567, 756, 0, 231, 54027, 550, 3, 7, 7999, 2, 547, 3, 32852, 11386, 21250, 0, 0, 30, 5534, 4709, 9615, 83, 0, 0, 19, 22, 35, 2, 54768, 46589, 49648, 1, 0, 0, 404,-
207,r2,30, 1057130, 1031,"  102168:	e1811003 	orr	r1, r1, r3",benign, 883, 189, 10238, 2, 6832, 2690, 1, 567, 756, 0, 237, 54455, 550, 3, 7, 9193, 3, 405, 3, 33597, 12026, 21271, 0, 0, 30, 5430, 4851, 9635, 84, 0, 0, 18, 22, 34, 2, 55161, 47068, 50257, 1, 0, 0, 485,-
208,r2,8, 1056933, 1037,"  1020a4:	e3483f1b 	movt	r3, #36635	; 0x8f1b",benign, 868, 188, 10234, 2, 6842, 2694, 4, 567, 756, 0, 228, 54851, 550, 3, 7, 8746, 2, 382, 3, 33478, 11871, 21258, 0, 0, 30, 5569, 4698, 9620, 84, 0, 0, 18, 21, 34, 2, 55376, 46939, 50009, 1, 0, 0, 382,-
209,r1,19, 1059137, 1033,"  102940:	e0822003 	add	r2, r2, r3",benign, 937, 188, 10254, 2, 6858, 2693, 1, 567, 756, 0, 235, 54843, 550, 3, 7, 8795, 2, 383, 3, 33058, 11590, 21279, 0, 0, 30, 5557, 4678, 9604, 83, 0, 0, 22, 23, 37, 2, 55182, 47546, 50576, 1, 0, 0, 404,-
210,r0,30, 1057492, 1033,"  1022d4:	e51b1014 	ldr	r1, [fp, #-20]	; 0xffffffec",benign, 871, 190, 10249, 3, 6856, 2692, 1, 567, 756, 0, 224, 54243, 550, 3, 7, 8111, 2, 382, 3, 32688, 11197, 21243, 0, 0, 30, 5074, 5136, 9604, 79, 0, 0, 19, 22, 35, 5, 54763, 46126, 49130, 1, 0, 0, 382,-
211,r3,7, 1053247, 1031,"  10123c:	e51b3014 	ldr	r3, [fp, #-20]	; 0xffffffec",benign, 763, 189, 10245, 2, 6851, 2689, 1, 567, 756, 0, 230, 54677, 550, 3, 7, 8279, 2, 384, 3, 32797, 11300, 21280, 0, 0, 30, 5413, 4861, 9631, 83, 0, 0, 18, 22, 34, 2, 54648, 46614, 49657, 1, 0, 0, 381,-
212,r2,18, 1058472, 1037,"  1026a8:	e51b3014 	ldr	r3, [fp, #-20]	; 0xffffffec",benign, 901, 211, 10240, 3, 6833, 2690, 1, 567, 756, 0, 223, 53509, 550, 3, 7, 9101, 2, 383, 3, 32323, 10667, 21240, 0, 0, 30, 5424, 4818, 9622, 84, 0, 0, 19, 22, 35, 2, 53859, 47621, 50813, 1, 0, 0, 381,-
213,r3,5, 1059292, 1035,"  1029dc:	e50b3018 	str	r3, [fp, #-24]	; 0xffffffe8",benign, 928, 188, 10245, 3, 6837, 2692, 4, 567, 756, 0, 233, 54720, 550, 3, 7, 9389, 2, 383, 3, 32561, 11063, 21257, 0, 0, 30, 5551, 4678, 9618, 83, 0, 0, 19, 22, 35, 5, 55337, 45939, 48921, 1, 0, 0, 380,-
214,r3,31, 1052756, 1039,"  101054:	e1a02de3 	ror	r2, r3, #27",benign, 723, 188, 10237, 3, 6842, 2694, 1, 567, 756, 0, 228, 54055, 550, 3, 7, 8599, 2, 384, 3, 32376, 10862, 21283, 0, 0, 30, 5515, 4734, 9621, 82, 0, 0, 21, 23, 36, 5, 54216, 46026, 49031, 1, 0, 0, 380,-
215,r0,7, 1052557, 1034,"  100f8c:	e51b301c 	ldr	r3, [fp, #-28]	; 0xffffffe4",benign, 736, 187, 10238, 2, 6849, 2690, 1, 567, 756, 0, 231, 54701, 550, 3, 7, 8872, 3, 406, 3, 33041, 11493, 21252, 0, 0, 30, 5554, 4686, 9608, 83, 0, 0, 18, 21, 34, 2, 54792, 47080, 50300, 1, 0, 0, 381,-
216,r1,3, 1052780, 1035,"  10106c:	e51b3018 	ldr	r3, [fp, #-24]	; 0xffffffe8",benign, 724, 189, 10240, 3, 6837, 2692, 1, 567, 756, 0, 223, 53776, 550, 3, 7, 8440, 3, 405, 3, 32163, 10624, 21221, 0, 0, 30, 5599, 4642, 9621, 83, 0, 0, 19, 23, 35, 2, 53992, 46419, 49445, 1, 0, 0, 404,-
217,r0,28, 1059773, 1035,"  102bbc:	e0211003 	eor	r1, r1, r3",benign, 960, 187, 10267, 2, 6851, 2689, 1, 567, 756, 0, 227, 54654, 550, 3, 7, 8936, 2, 383, 3, 33554, 12100, 21263, 0, 0, 30, 5623, 4620, 9605, 83, 0, 0, 19, 22, 35, 2, 55582, 47277, 50368, 1, 0, 0, 382,-
218,r0,20, 1061122, 1030,"  103100:	da000011 	ble	10314c <sha_final+0xac>",benign, 996, 188, 10279, 2, 6858, 2694, 1, 567, 756, 0, 229, 55104, 550, 3, 7, 9454, 2, 383, 3, 33947, 12417, 21271, 0, 0, 30, 5363, 4878, 9630, 83, 0, 0, 22, 22, 37, 2, 55239, 47378, 50442, 1, 0, 0, 382,-
219,r3,22, 1051938, 1033,"  100d20:	e1e00003 	mvn	r0, r3",benign, 724, 189, 10230, 2, 6836, 2691, 1, 567, 756, 0, 230, 54652, 550, 3, 7, 8958, 3, 405, 3, 32838, 11368, 21252, 0, 0, 30, 5540, 4699, 9611, 85, 0, 0, 19, 22, 35, 2, 54467, 46754, 49795, 1, 0, 0, 403,-
220,r0,2, 1059814, 1032,"  102be4:	e0823003 	add	r3, r2, r3",benign, 963, 187, 10267, 2, 6849, 2691, 4, 567, 756, 0, 227, 54613, 550, 3, 7, 9117, 3, 404, 3, 33960, 12379, 21255, 0, 0, 30, 5546, 4693, 9625, 84, 0, 0, 18, 22, 34, 2, 55192, 47191, 50255, 1, 0, 0, 379,-
221,r3,6, 1053486, 1030,"  10132c:	e51b3014 	ldr	r3, [fp, #-20]	; 0xffffffec",benign, 775, 212, 10247, 2, 6850, 2689, 1, 567, 756, 0, 236, 54347, 550, 3, 7, 8556, 2, 382, 3, 33237, 11669, 21238, 0, 0, 30, 5322, 4883, 9617, 81, 0, 0, 18, 22, 34, 2, 54635, 47060, 50135, 1, 0, 0, 381,-
222,r1,17, 1054971, 1033,"  1018f8:	e50b301c 	str	r3, [fp, #-28]	; 0xffffffe4",benign, 817, 190, 10241, 2, 6859, 2693, 1, 567, 756, 0, 225, 54278, 550, 3, 7, 8173, 2, 382, 3, 32852, 11321, 21300, 0, 0, 30, 5570, 4687, 9612, 84, 0, 0, 19, 22, 35, 2, 54934, 46853, 49916, 1, 0, 0, 404,-
223,r3,27, 1052495, 1032,"  100f4c:	e50b3014 	str	r3, [fp, #-20]	; 0xffffffec",benign, 733, 210, 10222, 2, 6834, 2690, 1, 567, 756, 0, 233, 54584, 550, 3, 7, 8333, 3, 406, 3, 33293, 11828, 21247, 0, 0, 30, 5621, 4651, 9624, 82, 0, 0, 22, 23, 37, 2, 54922, 46535, 49617, 1, 0, 0, 381,-
