num,reg,pos,loc,res,0,1,2,3,4,5,6,7,8,9,10,11,12,13,14,15,16,17,18,19,20,21,22,23,24,25,26,27,28,29,30,31,32,33,34,35,36,37,38,39,40,41
0,2,4, 1055677,SDC, 708, 146, 8576, 0, 5827, 2699, 1, 464, 694, 0, 201, 34049, 392, 3, 43, 7037, 311, 510, 5, 13569, 9575, 19494, 0, 0, 25, 4841, 4877, 8481, 42, 0, 0, 18, 20, 158, 4, 34535, 25837, 29259, 2, 0, 0, 319
1,10,26, 1054983,benign, 677, 148, 8567, 0, 5825, 2688, 1, 464, 699, 0, 194, 33790, 397, 3, 41, 7255, 303, 502, 6, 13656, 9709, 19507, 0, 0, 25, 4734, 4898, 8491, 41, 0, 0, 18, 20, 158, 3, 34130, 25561, 28859, 2, 0, 0, 319
2,8,3, 1053540,benign, 611, 146, 8561, 3, 5824, 2692, 3, 464, 699, 0, 195, 33478, 397, 3, 40, 6812, 340, 496, 5, 13093, 9154, 19479, 0, 0, 25, 4724, 4874, 8489, 42, 0, 0, 18, 20, 158, 3, 34068, 25501, 28922, 2, 0, 0, 316
3,1,19, 1060020,benign, 787, 145, 8583, 3, 5830, 2689, 1, 464, 699, 0, 203, 33585, 397, 3, 40, 7371, 328, 541, 5, 13701, 9803, 19501, 0, 0, 25, 4743, 4924, 8498, 42, 0, 0, 18, 20, 157, 2, 34786, 26028, 29304, 2, 0, 0, 319
4,1,4, 1056154,benign, 723, 147, 8582, 0, 5829, 2687, 1, 464, 700, 0, 201, 34009, 397, 3, 41, 7156, 324, 448, 4, 13371, 9363, 19487, 0, 0, 25, 4721, 4886, 8491, 41, 0, 0, 18, 20, 158, 3, 34427, 25649, 29140, 2, 0, 0, 317
5,7,15, 1054523,benign, 677, 147, 8563, 0, 5826, 2688, 1, 464, 699, 0, 202, 33936, 397, 3, 41, 7251, 339, 447, 5, 13561, 9359, 19501, 0, 0, 25, 4735, 4904, 8482, 42, 0, 0, 18, 20, 161, 3, 34340, 25622, 28880, 2, 0, 0, 319
6,9,18, 1050063,benign, 526, 146, 8565, 0, 5829, 2687, 2, 464, 699, 0, 201, 33594, 397, 3, 43, 6672, 337, 450, 6, 13303, 9313, 19504, 0, 0, 25, 4723, 4919, 8480, 42, 0, 0, 18, 20, 166, 3, 33811, 25417, 28831, 2, 0, 0, 316
7,1,24, 1059619,benign, 527, 147, 8556, 0, 5824, 2690, 1, 464, 699, 0, 190, 33273, 397, 3, 41, 6358, 283, 442, 6, 13096, 9032, 19520, 0, 0, 25, 4649, 4993, 8487, 36, 0, 0, 18, 20, 168, 3, 33931, 25637, 28897, 1, 0, 0, 321
8,9,3, 1050923,benign, 539, 147, 8563, 0, 5824, 2687, 1, 464, 699, 0, 200, 33601, 397, 3, 42, 6830, 325, 446, 4, 13416, 9429, 19519, 0, 0, 25, 4742, 4909, 8489, 42, 0, 0, 18, 20, 158, 3, 33859, 25449, 28710, 2, 0, 0, 319
9,10,29, 1058053,benign, 777, 147, 8577, 0, 5829, 2687, 1, 464, 700, 0, 195, 34129, 397, 3, 41, 7924, 338, 455, 4, 13941, 9948, 19498, 0, 0, 25, 4756, 4898, 8483, 42, 0, 0, 19, 23, 162, 3, 34798, 25905, 29218, 2, 0, 0, 447
10,3,2, 1057710,SDC, 766, 148, 8568, 0, 5826, 2696, 1, 464, 694, 0, 199, 33857, 392, 3, 43, 7090, 311, 511, 4, 13772, 9794, 19494, 0, 0, 25, 4904, 4951, 8478, 42, 0, 0, 18, 20, 258, 3, 34657, 26130, 29505, 2, 0, 0, 377
11,4,1, 1052015,benign, 585, 150, 8569, 1, 5835, 2696, 1, 464, 699, 0, 201, 33307, 397, 3, 40, 6825, 338, 446, 4, 13064, 9178, 19617, 0, 0, 25, 4712, 4889, 8484, 42, 0, 0, 18, 20, 160, 3, 34387, 25216, 28551, 2, 0, 0, 384
12,6,16, 1053150,benign, 620, 147, 8567, 0, 5825, 2690, 2, 464, 699, 0, 197, 33912, 397, 3, 43, 7165, 311, 446, 4, 13275, 9287, 19502, 0, 0, 25, 4791, 4810, 8487, 42, 0, 0, 18, 20, 158, 3, 34223, 25604, 28974, 2, 0, 0, 319
13,3,11, 1051195,SDC, 572, 147, 8557, 0, 5821, 2692, 4, 464, 694, 0, 204, 33411, 392, 3, 43, 7198, 527, 455, 4, 13787, 9808, 19495, 0, 0, 25, 4781, 4809, 8484, 42, 0, 0, 18, 20, 157, 3, 34254, 25525, 28819, 2, 0, 0, 379
14,10,15, 1052500,benign, 582, 146, 8567, 4, 5830, 2690, 2, 464, 699, 0, 195, 33741, 397, 3, 40, 6850, 478, 445, 5, 13632, 9604, 19465, 0, 0, 25, 4743, 4864, 8482, 41, 0, 0, 18, 20, 160, 4, 33464, 25214, 28486, 2, 0, 0, 380
15,1,20, 1052348,benign, 575, 145, 8572, 3, 5831, 2695, 2, 464, 699, 0, 195, 33131, 397, 3, 42, 7370, 335, 505, 5, 13194, 9229, 19480, 0, 0, 25, 4727, 4886, 8487, 42, 0, 0, 18, 20, 159, 3, 33867, 25241, 28510, 2, 0, 0, 430
16,6,20, 1057600,benign, 741, 147, 8577, 3, 5829, 2691, 1, 464, 699, 0, 197, 33410, 397, 3, 40, 7582, 305, 455, 5, 13922, 9905, 19466, 0, 0, 25, 4839, 4993, 8481, 40, 0, 0, 18, 20, 158, 3, 34492, 26032, 29319, 2, 0, 0, 406
17,4,20, 1055103,benign, 678, 147, 8564, 0, 5821, 2684, 1, 464, 699, 0, 195, 34141, 397, 3, 40, 7311, 363, 562, 4, 13423, 9488, 19492, 0, 0, 25, 4965, 4642, 8489, 42, 0, 0, 18, 20, 153, 2, 34419, 25538, 29041, 1, 0, 0, 316
18,2,0, 1049953,benign, 532, 149, 8553, 0, 5819, 2687, 2, 464, 699, 0, 192, 33591, 397, 3, 42, 6646, 312, 522, 4, 13491, 9490, 19478, 0, 0, 25, 4608, 5215, 8476, 42, 0, 0, 18, 20, 168, 2, 34165, 25517, 28838, 2, 0, 0, 317
19,10,22, 1060006,benign, 816, 149, 8577, 0, 5829, 2693, 1, 464, 699, 0, 199, 34321, 397, 3, 41, 7512, 285, 445, 4, 13681, 9856, 19554, 0, 0, 25, 4918, 5120, 8491, 42, 0, 0, 18, 20, 158, 3, 34430, 26127, 29473, 2, 0, 0, 317
20,2,5, 1059786,crash/hangs,-,-,-,-,-,-,-,-,-,-,-,-,-,-,-,-,-,-,-,-,-,-,-,-,-,-,-,-,-,-,-,-,-,-,-,-,-,-,-,-,-,-
21,1,14, 1051187,benign, 471, 43, 8576, 34, 5832, 2701, 1, 464, 699, 0, 201, 33480, 397, 3, 41, 6744, 329, 454, 5, 13103, 9105, 19496, 0, 0, 25, 4706, 4886, 8484, 42, 0, 0, 18, 20, 160, 3, 34531, 25370, 28658, 2, 0, 0, 316
22,3,14, 1050361,SDC, 529, 147, 8552, 0, 5819, 2691, 2, 464, 694, 0, 195, 33273, 392, 3, 42, 6793, 308, 443, 5, 13154, 9171, 19493, 0, 0, 25, 4755, 4960, 8488, 42, 0, 0, 18, 20, 160, 3, 34022, 25514, 29003, 2, 0, 0, 319
23,10,19, 1050031,benign, 539, 148, 8557, 0, 5830, 2698, 2, 464, 699, 0, 197, 33711, 397, 3, 41, 6540, 302, 453, 5, 13236, 9199, 19503, 0, 0, 25, 4712, 4932, 8482, 42, 0, 0, 18, 20, 166, 2, 34389, 25514, 28878, 2, 0, 0, 378
24,10,27, 1057323,benign, 750, 148, 8581, 0, 5827, 2689, 1, 464, 699, 0, 196, 34668, 397, 3, 44, 7391, 304, 442, 5, 13537, 9544, 19486, 0, 0, 25, 4811, 4944, 8480, 42, 0, 0, 18, 20, 159, 3, 34506, 26191, 29737, 2, 0, 0, 316
25,4,30, 1050499,benign, 543, 146, 8570, 0, 5828, 2697, 4, 464, 699, 0, 206, 33571, 397, 3, 40, 6903, 301, 646, 5, 13225, 9248, 19514, 0, 0, 25, 4755, 4964, 8486, 42, 0, 0, 18, 20, 153, 2, 33811, 25712, 28993, 1, 0, 0, 317
26,10,4, 1056748,benign, 714, 147, 8575, 3, 5827, 2689, 1, 464, 699, 0, 199, 33628, 397, 3, 42, 7225, 527, 441, 5, 13447, 9205, 19476, 0, 0, 25, 4844, 4887, 8505, 42, 0, 0, 18, 20, 168, 3, 34757, 25436, 28754, 2, 0, 0, 317
27,9,11, 1059048,benign, 785, 147, 8581, 3, 5826, 2694, 2, 464, 699, 0, 199, 33901, 397, 3, 42, 7518, 331, 452, 6, 13790, 9765, 19487, 0, 0, 25, 4847, 4884, 8491, 41, 0, 0, 18, 20, 168, 3, 34386, 25933, 29315, 2, 0, 0, 317
28,5,19, 1059434,benign, 817, 147, 8579, 0, 5826, 2688, 3, 464, 699, 0, 204, 34145, 397, 3, 44, 7429, 303, 515, 5, 13938, 9766, 19500, 0, 0, 25, 4701, 4903, 8470, 42, 0, 0, 18, 20, 369, 3, 34902, 25898, 29238, 2, 0, 0, 316
29,8,30, 1057526,benign, 757, 148, 8581, 0, 5821, 2687, 1, 464, 700, 0, 204, 34230, 397, 3, 44, 7349, 501, 445, 5, 13783, 9799, 19502, 0, 0, 25, 4729, 4875, 8486, 42, 0, 0, 18, 20, 158, 3, 34296, 25983, 29277, 2, 0, 0, 385
30,8,23, 1051602,benign, 573, 148, 8561, 0, 5826, 2695, 1, 464, 699, 0, 198, 33608, 397, 3, 43, 6679, 304, 443, 6, 13039, 9090, 19494, 0, 0, 25, 4792, 4966, 8483, 41, 0, 0, 18, 20, 159, 3, 34028, 25684, 29197, 2, 0, 0, 316
31,10,31, 1050861,benign, 548, 149, 8566, 0, 5830, 2691, 2, 464, 699, 0, 199, 33870, 397, 3, 41, 7154, 335, 502, 5, 13350, 9343, 19504, 0, 0, 25, 4792, 4821, 8484, 41, 0, 0, 18, 20, 158, 3, 34031, 25225, 28725, 2, 0, 0, 321
32,10,9, 1057082,benign, 745, 148, 8564, 0, 5825, 2688, 1, 464, 699, 0, 200, 33884, 397, 3, 41, 7708, 293, 454, 5, 14076, 10174, 19552, 0, 0, 25, 4811, 4927, 8482, 42, 0, 0, 18, 20, 160, 3, 34437, 25728, 29188, 2, 0, 0, 319
33,5,9, 1053338,benign, 613, 148, 8567, 0, 5829, 2695, 1, 464, 699, 0, 201, 33623, 397, 3, 41, 7518, 304, 446, 5, 13850, 9781, 19497, 0, 0, 25, 4707, 4884, 8477, 34, 0, 0, 18, 20, 158, 2, 34402, 25822, 29104, 2, 0, 0, 316
34,8,27, 1059578,benign, 527, 148, 8560, 0, 5821, 2691, 2, 464, 699, 0, 196, 33426, 397, 3, 40, 6528, 319, 440, 5, 13238, 9296, 19532, 0, 0, 25, 4516, 5080, 8475, 34, 0, 0, 18, 20, 166, 3, 33724, 25152, 28439, 1, 0, 0, 319
35,4,3, 1058003,benign, 771, 149, 8571, 1, 5830, 2694, 2, 464, 699, 0, 196, 34318, 397, 3, 42, 7273, 330, 510, 5, 14024, 10044, 19530, 0, 0, 25, 4743, 4903, 8495, 42, 0, 0, 18, 20, 160, 3, 34451, 26261, 29666, 2, 0, 0, 317
36,7,14, 1059376,benign, 796, 147, 8585, 3, 5829, 2694, 1, 464, 699, 0, 197, 34286, 397, 3, 41, 7905, 290, 444, 5, 13774, 9586, 19473, 0, 0, 25, 4779, 4835, 8483, 42, 0, 0, 18, 20, 160, 4, 34498, 25931, 29223, 2, 0, 0, 319
37,5,18, 1054240,benign, 635, 147, 8566, 3, 5826, 2694, 1, 464, 700, 0, 196, 33568, 397, 3, 41, 6931, 327, 450, 5, 13614, 9614, 19473, 0, 0, 25, 4777, 4825, 8485, 42, 0, 0, 18, 20, 168, 3, 34069, 25425, 28702, 2, 0, 0, 317
38,0,24, 1051190,benign, 562, 147, 8555, 0, 5829, 2696, 1, 464, 699, 0, 199, 33567, 397, 3, 41, 6789, 318, 513, 5, 13339, 9367, 19494, 0, 0, 25, 4770, 4836, 8489, 42, 0, 0, 18, 20, 158, 3, 34080, 25310, 28607, 2, 0, 0, 319
39,9,28, 1055249,benign, 688, 150, 8573, 0, 5825, 2695, 1, 464, 699, 0, 201, 33982, 397, 3, 42, 6849, 335, 442, 5, 13637, 9680, 19505, 0, 0, 25, 4952, 4648, 8481, 42, 0, 0, 18, 20, 160, 3, 34411, 25839, 29286, 2, 0, 0, 319
40,10,18, 1052143,benign, 586, 148, 8570, 0, 5829, 2698, 1, 464, 699, 0, 200, 33321, 397, 3, 41, 6822, 327, 455, 5, 13962, 9725, 19507, 0, 0, 25, 5016, 5030, 8486, 42, 0, 0, 18, 20, 160, 3, 33979, 25382, 28659, 2, 0, 0, 319
41,1,6, 1058568,benign, 772, 147, 8581, 3, 5831, 2696, 1, 464, 699, 0, 207, 33843, 397, 3, 42, 7375, 311, 565, 5, 14095, 10097, 19527, 0, 0, 25, 4730, 4885, 8475, 42, 0, 0, 18, 20, 158, 4, 34248, 25581, 28848, 2, 0, 0, 316
42,3,28, 1051989,SDC, 585, 148, 8556, 0, 5824, 2697, 1, 464, 694, 0, 197, 33466, 392, 3, 41, 6583, 313, 518, 5, 13827, 9865, 19500, 0, 0, 25, 4845, 5011, 8486, 42, 0, 0, 18, 20, 194, 4, 33881, 25172, 28502, 2, 0, 0, 384
43,1,28, 1055177,benign, 685, 147, 8571, 0, 5831, 2687, 2, 464, 699, 0, 197, 33992, 397, 3, 41, 7454, 320, 445, 5, 13563, 9564, 19515, 0, 0, 25, 4713, 4894, 8485, 42, 0, 0, 18, 20, 160, 3, 34446, 25625, 28987, 2, 0, 0, 322
44,1,11, 1060360,benign, 788, 147, 8574, 3, 5824, 2693, 1, 464, 699, 0, 202, 33678, 397, 3, 44, 7930, 255, 447, 5, 13514, 9541, 19488, 0, 0, 25, 4732, 4881, 8493, 42, 0, 0, 18, 20, 255, 3, 34314, 26151, 29429, 2, 0, 0, 317
45,1,25, 1058756,SDC, 777, 147, 8570, 3, 5824, 2693, 2, 464, 694, 0, 195, 34054, 392, 3, 40, 7824, 299, 567, 5, 13322, 9397, 19459, 0, 0, 25, 4716, 4881, 8479, 41, 0, 0, 18, 20, 203, 3, 34075, 25678, 29192, 2, 0, 0, 317
46,9,9, 1054940,benign, 657, 148, 8568, 3, 5824, 2689, 1, 464, 699, 0, 196, 33907, 397, 3, 41, 6921, 314, 442, 5, 12916, 8932, 19464, 0, 0, 25, 4707, 4891, 8484, 42, 0, 0, 18, 20, 158, 4, 34095, 25737, 29087, 2, 0, 0, 317
47,8,9, 1050401,benign, 532, 147, 8560, 0, 5833, 2698, 2, 464, 699, 0, 195, 33496, 397, 3, 42, 7155, 317, 453, 5, 13061, 9099, 19494, 0, 0, 25, 4703, 4938, 8481, 42, 0, 0, 18, 20, 158, 4, 34258, 25193, 28668, 2, 0, 0, 376
48,2,23, 1057565,SDC, 754, 147, 8574, 0, 5821, 2694, 5, 464, 694, 0, 195, 33687, 392, 3, 41, 7356, 320, 650, 5, 13626, 9653, 19473, 0, 0, 25, 4728, 4861, 8479, 42, 0, 0, 18, 20, 166, 4, 34558, 25908, 29198, 2, 0, 0, 377
49,9,2, 1052954,benign, 622, 149, 8563, 0, 5827, 2696, 1, 464, 699, 0, 198, 33520, 397, 3, 41, 6541, 302, 512, 5, 13259, 9283, 19490, 0, 0, 25, 4717, 4876, 8487, 42, 0, 0, 18, 20, 160, 4, 34105, 25674, 28976, 2, 0, 0, 518
50,5,9, 1055217,benign, 701, 148, 8573, 0, 5822, 2692, 2, 464, 699, 0, 195, 33628, 397, 3, 41, 7526, 358, 446, 5, 13556, 9535, 19500, 0, 0, 25, 4710, 4893, 8481, 42, 0, 0, 18, 20, 159, 3, 34330, 25667, 28981, 2, 0, 0, 317
51,6,3, 1055457,benign, 703, 147, 8564, 0, 5826, 2689, 1, 464, 699, 0, 195, 33788, 397, 3, 42, 7399, 335, 488, 5, 14035, 10043, 19565, 0, 0, 25, 4721, 4891, 8487, 42, 0, 0, 18, 20, 157, 3, 34692, 25662, 29205, 2, 0, 0, 319
52,2,17, 1058515,benign, 803, 149, 8573, 0, 5826, 2689, 2, 464, 699, 0, 199, 34007, 397, 3, 42, 7800, 306, 445, 5, 14372, 10430, 19566, 0, 0, 25, 4724, 4882, 8481, 42, 0, 0, 18, 20, 160, 3, 34984, 25995, 29327, 2, 0, 0, 386
53,6,24, 1056091,benign, 726, 149, 8571, 0, 5829, 2688, 1, 464, 699, 0, 198, 33586, 397, 3, 42, 7450, 321, 667, 5, 14199, 10175, 19558, 0, 0, 25, 4849, 5010, 8480, 42, 0, 0, 18, 20, 160, 3, 34559, 25803, 29294, 2, 0, 0, 319
54,1,9, 1052135,SDC, 587, 149, 8557, 0, 5821, 2689, 2, 464, 694, 0, 195, 33490, 392, 3, 43, 6702, 377, 442, 5, 13762, 9565, 19491, 0, 0, 25, 4713, 4886, 8480, 42, 0, 0, 18, 20, 158, 3, 34136, 25839, 29134, 2, 0, 0, 317
55,8,13, 1055501,benign, 702, 148, 8569, 0, 5825, 2697, 1, 464, 699, 0, 198, 33801, 397, 3, 43, 7231, 296, 501, 5, 13629, 9644, 19519, 0, 0, 25, 4869, 4932, 8478, 42, 0, 0, 18, 20, 158, 3, 34338, 25771, 29051, 2, 0, 0, 317
56,0,30, 1057018,benign, 742, 146, 8575, 0, 5831, 2694, 1, 464, 699, 0, 201, 33394, 397, 3, 41, 7349, 295, 446, 5, 13871, 9839, 19503, 0, 0, 25, 4981, 4758, 8492, 42, 0, 0, 19, 23, 162, 3, 34771, 26158, 29421, 2, 0, 0, 317
57,5,13, 1052676,benign, 587, 147, 8574, 3, 5828, 2692, 1, 464, 699, 0, 196, 33054, 397, 3, 40, 6838, 300, 447, 5, 12941, 9048, 19470, 0, 0, 25, 4791, 4816, 8481, 42, 0, 0, 18, 20, 158, 4, 34229, 25280, 28623, 2, 0, 0, 320
58,6,30, 1058627,benign, 803, 146, 8580, 0, 5827, 2692, 1, 464, 699, 0, 200, 34410, 397, 3, 41, 8102, 299, 442, 5, 14019, 10078, 19547, 0, 0, 25, 4724, 4885, 8486, 42, 0, 0, 18, 20, 158, 4, 34617, 26052, 29345, 2, 0, 0, 317
59,8,11, 1054463,benign, 667, 147, 8581, 0, 5831, 2698, 2, 464, 699, 0, 199, 33819, 397, 3, 43, 6714, 345, 451, 5, 13363, 9383, 19515, 0, 0, 25, 4940, 4660, 8491, 42, 0, 0, 18, 20, 158, 3, 34189, 25867, 29109, 2, 0, 0, 384
60,2,5, 1057431,benign, 763, 148, 8578, 0, 5828, 2694, 1, 464, 699, 0, 196, 33957, 397, 3, 41, 7465, 297, 510, 5, 14188, 10249, 19571, 0, 0, 25, 4744, 4896, 8486, 42, 0, 0, 18, 20, 160, 3, 34721, 26464, 29847, 2, 0, 0, 317
61,0,6, 1058813,benign, 804, 148, 8577, 0, 5830, 2696, 3, 464, 699, 0, 195, 34279, 397, 3, 44, 7574, 348, 647, 5, 13546, 9571, 19490, 0, 0, 25, 4722, 4870, 8477, 42, 0, 0, 19, 23, 161, 3, 34446, 25805, 29302, 2, 0, 0, 322
62,3,22, 1057909,SDC, 771, 149, 8573, 0, 5820, 2696, 2, 464, 694, 0, 194, 33952, 392, 3, 41, 7243, 332, 573, 5, 13973, 9959, 19500, 0, 0, 25, 4770, 4940, 8483, 42, 0, 0, 19, 23, 154, 2, 34526, 25947, 29300, 2, 0, 0, 319
63,1,21, 1052242,SDC, 608, 147, 8561, 0, 5824, 2693, 1, 464, 694, 0, 195, 33622, 392, 3, 41, 6736, 318, 444, 5, 13202, 9250, 19514, 0, 0, 25, 4719, 4881, 8482, 42, 0, 0, 18, 20, 160, 3, 33985, 25817, 29086, 2, 0, 0, 319
64,7,26, 1055273,benign, 703, 149, 8567, 0, 5825, 2691, 1, 464, 699, 0, 196, 33841, 397, 3, 42, 7150, 271, 444, 5, 14218, 10285, 19560, 0, 0, 25, 4709, 4890, 8488, 42, 0, 0, 18, 20, 280, 3, 34535, 25712, 29008, 2, 0, 0, 319
65,7,2, 1056529,benign, 743, 146, 8560, 0, 5826, 2691, 1, 464, 699, 0, 195, 33976, 397, 3, 42, 7458, 295, 442, 5, 14002, 10037, 19571, 0, 0, 25, 4724, 4878, 8485, 42, 0, 0, 18, 20, 157, 3, 34108, 25960, 29228, 2, 0, 0, 316
66,7,6, 1058912,benign, 781, 146, 8577, 3, 5827, 2694, 1, 464, 699, 0, 195, 33832, 397, 3, 41, 7356, 283, 450, 5, 13597, 9597, 19479, 0, 0, 25, 4796, 4847, 8481, 42, 0, 0, 18, 20, 158, 3, 34362, 25699, 28969, 2, 0, 0, 319
67,5,29, 1052316,benign, 574, 146, 8557, 3, 5830, 2695, 1, 464, 699, 0, 202, 33348, 397, 3, 40, 7194, 308, 603, 5, 13610, 9617, 19492, 0, 0, 25, 4745, 4904, 8484, 42, 0, 0, 18, 20, 162, 2, 33818, 25171, 28470, 2, 0, 0, 608
68,6,24, 1057036,benign, 724, 147, 8580, 3, 5831, 2691, 2, 464, 699, 0, 197, 33807, 397, 3, 42, 7553, 360, 443, 5, 13883, 9617, 19499, 0, 0, 25, 4733, 4864, 8482, 42, 0, 0, 18, 20, 168, 3, 34385, 25526, 29070, 2, 0, 0, 316
69,7,28, 1054806,benign, 681, 149, 8569, 0, 5830, 2695, 5, 464, 699, 0, 197, 33929, 397, 3, 41, 7046, 258, 447, 5, 13240, 9200, 19491, 0, 0, 25, 4724, 4881, 8484, 42, 0, 0, 19, 23, 162, 3, 34210, 25572, 29083, 2, 0, 0, 539
70,0,25, 1060206,SDC, 515, 148, 5885, 0, 4003, 2003, 1, 367, 595, 0, 185, 27603, 288, 3, 40, 6429, 571, 460, 5, 12303, 9354, 14227, 0, 0, 21, 3253, 3827, 5958, 20, 0, 0, 18, 20, 158, 3, 28261, 19452, 22957, 1, 0, 0, 317
71,8,4, 1056333,benign, 728, 148, 8578, 0, 5824, 2691, 1, 464, 699, 0, 195, 34130, 397, 3, 43, 7157, 346, 537, 5, 13577, 9640, 19506, 0, 0, 25, 4721, 4884, 8487, 42, 0, 0, 19, 23, 163, 3, 34354, 26104, 29548, 2, 0, 0, 320
72,1,9, 1054261,benign, 653, 150, 8563, 0, 5825, 2690, 1, 464, 699, 0, 193, 33267, 397, 3, 43, 7089, 339, 444, 5, 13730, 9668, 19509, 0, 0, 25, 5028, 4706, 8485, 42, 0, 0, 18, 20, 158, 3, 34374, 25702, 28998, 2, 0, 0, 319
73,9,1, 1058832,benign, 778, 147, 8584, 4, 5829, 2695, 1, 464, 700, 0, 207, 33876, 397, 3, 42, 7367, 315, 443, 5, 13897, 9894, 19478, 0, 0, 25, 4973, 4618, 8485, 42, 0, 0, 18, 20, 166, 3, 34624, 25521, 28864, 2, 0, 0, 323
74,9,18, 1053827,benign, 650, 149, 8567, 0, 5827, 2695, 2, 464, 699, 0, 199, 33857, 397, 3, 42, 6911, 323, 444, 5, 13334, 9391, 19500, 0, 0, 25, 4709, 4887, 8486, 42, 0, 0, 18, 20, 160, 3, 34636, 26070, 29507, 2, 0, 0, 317
75,9,28, 1050342,benign, 538, 149, 8559, 0, 5825, 2691, 1, 464, 699, 0, 193, 33382, 397, 3, 41, 6806, 327, 445, 5, 13217, 9038, 19511, 0, 0, 25, 4702, 4907, 8485, 42, 0, 0, 18, 20, 158, 4, 34161, 25472, 28776, 2, 0, 0, 319
76,8,30, 1050823,benign, 555, 147, 8553, 0, 5824, 2688, 1, 464, 699, 0, 199, 33260, 397, 3, 41, 6841, 336, 466, 5, 13722, 9715, 19502, 0, 0, 25, 4714, 4889, 8484, 42, 0, 0, 18, 20, 185, 4, 33923, 25430, 28823, 2, 0, 0, 386
77,0,9, 1059230,benign, 809, 147, 8572, 0, 5827, 2689, 3, 464, 700, 0, 196, 34005, 397, 3, 41, 7649, 328, 633, 5, 14060, 10087, 19539, 0, 0, 25, 4784, 4822, 8481, 41, 0, 0, 18, 20, 157, 4, 34443, 26083, 29360, 2, 0, 0, 316
78,4,11, 1055561,benign, 704, 148, 8578, 0, 5829, 2693, 2, 464, 699, 0, 195, 33748, 397, 3, 40, 7419, 302, 449, 5, 13911, 9915, 19491, 0, 0, 25, 4790, 4811, 8475, 41, 0, 0, 18, 20, 153, 2, 34303, 25775, 29278, 1, 0, 0, 377
79,10,2, 1058236,benign, 759, 145, 8578, 3, 5829, 2696, 3, 464, 699, 0, 198, 34177, 397, 3, 40, 7467, 572, 452, 5, 13932, 9996, 19467, 0, 0, 25, 4805, 4980, 8490, 42, 0, 0, 18, 20, 159, 3, 34617, 25614, 28914, 2, 0, 0, 317
80,9,2, 1052227,benign, 591, 149, 8571, 0, 5828, 2693, 2, 464, 699, 0, 198, 34058, 397, 3, 43, 6561, 304, 512, 5, 13304, 9390, 19494, 0, 0, 25, 4767, 4960, 8486, 42, 0, 0, 18, 20, 158, 3, 34186, 25651, 29004, 2, 0, 0, 316
81,8,17, 1054730,benign, 677, 149, 8572, 0, 5827, 2694, 2, 464, 699, 0, 202, 33922, 397, 3, 43, 7119, 373, 453, 5, 13577, 9410, 19515, 0, 0, 25, 4824, 4815, 8484, 42, 0, 0, 18, 20, 232, 4, 34334, 25618, 29097, 2, 0, 0, 317
82,8,1, 1059795,benign, 512, 146, 8553, 0, 5823, 2691, 1, 464, 699, 0, 189, 33205, 397, 3, 41, 6241, 508, 443, 6, 13133, 9138, 19497, 0, 0, 25, 4505, 5208, 8471, 42, 0, 0, 18, 20, 162, 2, 33704, 25145, 28419, 1, 0, 0, 320
83,1,23, 1052479,SDC, 597, 148, 8565, 0, 5823, 2693, 1, 464, 694, 0, 195, 33599, 392, 3, 41, 6682, 312, 447, 5, 13567, 9521, 19500, 0, 0, 25, 4710, 4887, 8485, 42, 0, 0, 18, 20, 158, 4, 34059, 25423, 28716, 2, 0, 0, 319
84,3,10, 1055122,SDC, 686, 149, 8569, 0, 5823, 2695, 2, 464, 694, 0, 193, 34103, 392, 3, 41, 7188, 292, 503, 5, 13654, 9661, 19488, 0, 0, 25, 4756, 4840, 8488, 42, 0, 0, 18, 20, 160, 4, 34603, 25705, 29003, 2, 0, 0, 319
85,0,19, 1051896,SDC, 561, 147, 8562, 3, 5823, 2697, 2, 464, 694, 0, 195, 33370, 392, 3, 41, 6974, 318, 446, 5, 12999, 9011, 19469, 0, 0, 25, 4710, 4883, 8487, 42, 0, 0, 18, 20, 157, 3, 33776, 25032, 28294, 2, 0, 0, 316
86,1,30, 1056666,benign, 737, 147, 8570, 0, 5826, 2690, 2, 464, 699, 0, 201, 33945, 397, 3, 42, 7452, 277, 446, 5, 13846, 9883, 19493, 0, 0, 25, 4726, 4885, 8495, 42, 0, 0, 18, 20, 158, 3, 34498, 26034, 29324, 2, 0, 0, 317
87,8,3, 1058576,benign, 770, 148, 8580, 3, 5822, 2690, 1, 464, 700, 0, 206, 33868, 397, 3, 42, 7530, 281, 448, 5, 13460, 9477, 19483, 0, 0, 25, 4726, 4876, 8486, 42, 0, 0, 19, 23, 161, 3, 34267, 26315, 29567, 2, 0, 0, 381
88,1,30, 1053443,benign, 641, 148, 8570, 0, 5828, 2691, 1, 464, 699, 0, 199, 34192, 397, 3, 43, 7353, 307, 445, 5, 13602, 9666, 19521, 0, 0, 25, 4919, 5059, 8490, 42, 0, 0, 18, 20, 158, 3, 34228, 25863, 29248, 2, 0, 0, 376
89,9,28, 1060152,benign, 493, 147, 8546, 2, 5818, 2689, 1, 464, 700, 0, 193, 32909, 397, 3, 40, 6977, 269, 436, 6, 12785, 8850, 19494, 0, 0, 25, 4516, 5091, 8479, 36, 0, 0, 18, 20, 159, 3, 33931, 24826, 28059, 2, 0, 0, 323
90,3,5, 1056754,SDC, 747, 149, 8573, 0, 5821, 2692, 2, 464, 699, 0, 198, 34087, 392, 3, 42, 7245, 284, 505, 5, 13787, 9780, 19489, 0, 0, 25, 4744, 4871, 8485, 42, 0, 0, 18, 20, 158, 4, 34500, 25853, 29304, 2, 0, 0, 316
91,5,11, 1053118,benign, 637, 148, 8570, 0, 5826, 2692, 1, 464, 699, 0, 197, 34059, 397, 3, 42, 7057, 301, 455, 5, 13449, 9450, 19533, 0, 0, 25, 4822, 4824, 8487, 42, 0, 0, 18, 20, 158, 4, 34200, 25756, 29196, 2, 0, 0, 319
92,1,31, 1050986,benign, 570, 149, 8554, 0, 5829, 2694, 2, 464, 699, 0, 199, 33666, 397, 3, 41, 6896, 344, 516, 5, 13115, 9093, 19505, 0, 0, 25, 4982, 4658, 8477, 42, 0, 0, 18, 20, 282, 3, 33934, 25210, 28663, 2, 0, 0, 411
93,6,15, 1057968,benign, 753, 147, 8575, 3, 5826, 2690, 1, 464, 699, 0, 199, 34082, 397, 3, 40, 7475, 307, 446, 5, 13543, 9574, 19482, 0, 0, 25, 4819, 4941, 8488, 42, 0, 0, 19, 23, 162, 3, 34189, 25542, 28820, 2, 0, 0, 317
94,3,6, 1057637,SDC, 772, 146, 8570, 0, 5821, 2691, 1, 464, 694, 0, 194, 33708, 392, 3, 43, 7705, 300, 442, 5, 13997, 10027, 19534, 0, 0, 25, 4816, 4820, 8485, 42, 0, 0, 18, 20, 158, 4, 34876, 26187, 29461, 2, 0, 0, 319
95,0,9, 1051508,benign, 548, 146, 8555, 4, 5824, 2688, 1, 464, 699, 0, 196, 33685, 397, 3, 42, 6598, 311, 509, 5, 12772, 8836, 19456, 0, 0, 25, 4794, 4851, 8484, 42, 0, 0, 18, 20, 166, 3, 34175, 25136, 28602, 2, 0, 0, 319
96,7,9, 1056561,benign, 740, 149, 8569, 0, 5829, 2698, 4, 464, 699, 0, 196, 34387, 397, 3, 41, 7366, 334, 564, 5, 13578, 9583, 19517, 0, 0, 25, 4781, 4829, 8488, 41, 0, 0, 18, 20, 160, 3, 34724, 25708, 29073, 2, 0, 0, 320
97,1,10, 1051508,benign, 550, 147, 8563, 3, 5830, 2694, 1, 464, 699, 0, 199, 33306, 397, 3, 41, 6704, 302, 446, 5, 12932, 8917, 19479, 0, 0, 25, 4718, 4888, 8481, 42, 0, 0, 18, 20, 160, 3, 33871, 25067, 28347, 2, 0, 0, 376
98,6,23, 1053736,benign, 619, 147, 8566, 3, 5826, 2690, 1, 464, 699, 0, 193, 33407, 397, 3, 40, 7153, 299, 504, 5, 13619, 9610, 19467, 0, 0, 25, 4721, 4891, 8487, 42, 0, 0, 18, 20, 158, 3, 33765, 25605, 29030, 2, 0, 0, 380
99,9,10, 1050361,benign, 536, 149, 8554, 0, 5823, 2691, 2, 464, 699, 0, 197, 33300, 397, 3, 41, 6959, 323, 446, 5, 13239, 9235, 19507, 0, 0, 25, 4710, 4902, 8483, 42, 0, 0, 18, 20, 160, 3, 34270, 25549, 28828, 2, 0, 0, 317
100,3,25, 1053335,benign, 633, 146, 8561, 0, 5826, 2692, 2, 464, 699, 0, 195, 33741, 397, 3, 41, 6874, 290, 448, 5, 13617, 9661, 19511, 0, 0, 25, 4714, 4890, 8489, 42, 0, 0, 18, 20, 158, 4, 34301, 25969, 29250, 2, 0, 0, 319
101,6,12, 1053346,benign, 635, 146, 8562, 0, 5826, 2696, 1, 464, 699, 0, 201, 33677, 397, 3, 43, 6972, 316, 446, 5, 13434, 9413, 19518, 0, 0, 25, 4707, 4888, 8488, 42, 0, 0, 18, 20, 158, 4, 34105, 25503, 28803, 2, 0, 0, 378
102,5,21, 1054860,benign, 654, 145, 8573, 3, 5826, 2691, 2, 464, 699, 0, 196, 33623, 397, 3, 40, 6865, 329, 448, 6, 13580, 9422, 19467, 0, 0, 25, 4966, 5023, 8488, 42, 0, 0, 18, 20, 158, 3, 34078, 25553, 28869, 2, 0, 0, 317
103,2,29, 1052131,SDC, 600, 148, 8556, 0, 5818, 2691, 1, 464, 694, 0, 197, 33458, 392, 3, 41, 6834, 322, 446, 5, 13703, 9749, 19489, 0, 0, 25, 4720, 4887, 8494, 42, 0, 0, 18, 20, 158, 3, 34120, 25422, 28700, 2, 0, 0, 323
104,8,0, 1055928,benign, 686, 145, 8577, 3, 5824, 2690, 1, 464, 699, 0, 197, 33556, 397, 3, 41, 7352, 342, 442, 5, 13635, 9680, 19470, 0, 0, 25, 4767, 4839, 8483, 42, 0, 0, 18, 20, 157, 3, 34400, 25266, 28604, 2, 0, 0, 415
105,3,24, 1053891,benign, 658, 149, 8565, 0, 5829, 2693, 2, 464, 699, 0, 204, 33824, 397, 3, 41, 7208, 306, 506, 5, 13580, 9569, 19512, 0, 0, 25, 4718, 4895, 8480, 42, 0, 0, 19, 23, 172, 3, 34756, 25268, 28533, 2, 0, 0, 317
106,3,0, 1050198,benign, 544, 148, 8561, 0, 5823, 2692, 2, 464, 699, 0, 195, 33511, 397, 3, 42, 6853, 321, 443, 5, 13399, 9367, 19502, 0, 0, 25, 4756, 4850, 8494, 42, 0, 0, 18, 20, 161, 3, 34165, 25295, 28832, 2, 0, 0, 323
107,5,21, 1059639,benign, 531, 148, 8557, 0, 5825, 2694, 1, 464, 699, 0, 190, 33451, 397, 3, 40, 6344, 331, 451, 5, 13253, 9306, 19525, 0, 0, 25, 4628, 4983, 8467, 36, 0, 0, 18, 20, 158, 3, 34134, 25326, 28615, 2, 0, 0, 379
108,2,16, 1058625,benign, 797, 148, 8587, 0, 5830, 2693, 2, 464, 699, 0, 194, 34144, 397, 3, 41, 7362, 477, 569, 5, 13521, 9593, 19494, 0, 0, 25, 4713, 4892, 8481, 41, 0, 0, 18, 20, 157, 4, 34658, 26071, 29341, 2, 0, 0, 320
109,5,30, 1052355,benign, 612, 147, 8564, 0, 5825, 2690, 1, 464, 699, 0, 197, 33656, 397, 3, 41, 7091, 323, 447, 6, 13585, 9600, 19500, 0, 0, 25, 4722, 4871, 8490, 42, 0, 0, 18, 20, 157, 4, 34467, 25478, 28955, 2, 0, 0, 317
110,7,6, 1056774,benign, 737, 147, 8571, 0, 5824, 2689, 2, 464, 699, 0, 196, 33977, 397, 3, 42, 7311, 324, 441, 5, 13691, 9691, 19512, 0, 0, 25, 4730, 4866, 8481, 42, 0, 0, 18, 20, 157, 4, 34712, 25969, 29241, 2, 0, 0, 377
111,0,2, 1053471,benign, 646, 148, 8567, 0, 5826, 2693, 1, 464, 699, 0, 202, 33682, 397, 3, 41, 6789, 424, 444, 5, 13300, 9324, 19501, 0, 0, 25, 4860, 4886, 8485, 42, 0, 0, 18, 20, 167, 3, 34599, 25845, 29171, 2, 0, 0, 319
112,8,6, 1054282,benign, 663, 147, 8569, 0, 5827, 2687, 1, 464, 699, 0, 199, 33477, 397, 3, 44, 7083, 326, 447, 5, 13535, 9491, 19498, 0, 0, 25, 4723, 4876, 8486, 42, 0, 0, 18, 20, 157, 3, 34613, 25501, 28768, 2, 0, 0, 317
113,3,29, 1056820,SDC, 715, 147, 8567, 3, 5828, 2689, 1, 464, 694, 0, 198, 33640, 392, 3, 40, 7362, 313, 443, 5, 13586, 9615, 19462, 0, 0, 25, 4755, 4882, 8473, 42, 0, 0, 18, 20, 159, 4, 34213, 25438, 28717, 2, 0, 0, 317
114,5,15, 1052022,benign, 597, 147, 8560, 0, 5821, 2688, 1, 464, 699, 0, 194, 33733, 397, 3, 41, 6825, 329, 452, 5, 13223, 9265, 19494, 0, 0, 25, 4796, 4817, 8485, 42, 0, 0, 18, 20, 160, 3, 34202, 25177, 28430, 2, 0, 0, 376
115,5,31, 1056279,benign, 736, 147, 8572, 0, 5829, 2696, 2, 464, 699, 0, 199, 34119, 397, 3, 41, 7233, 319, 445, 5, 13645, 9709, 19501, 0, 0, 25, 4816, 4896, 8483, 42, 0, 0, 18, 20, 158, 4, 34318, 25910, 29356, 2, 0, 0, 319
116,8,29, 1058503,benign, 783, 146, 8573, 0, 5827, 2696, 1, 464, 699, 0, 197, 34304, 397, 3, 41, 7595, 324, 573, 5, 14092, 10125, 19532, 0, 0, 25, 5050, 4732, 8475, 42, 0, 0, 18, 20, 158, 4, 34667, 26064, 29513, 2, 0, 0, 383
117,6,22, 1053057,benign, 619, 148, 8571, 0, 5825, 2691, 6, 464, 699, 0, 198, 33570, 397, 3, 41, 7213, 336, 445, 5, 13764, 9776, 19497, 0, 0, 25, 4713, 4887, 8477, 42, 0, 0, 18, 20, 158, 3, 34687, 25872, 29168, 2, 0, 0, 377
118,6,14, 1055422,benign, 691, 146, 8573, 0, 5825, 2690, 1, 464, 700, 0, 196, 33888, 397, 3, 43, 7458, 296, 442, 5, 13763, 9822, 19501, 0, 0, 25, 4775, 4948, 8487, 42, 0, 0, 18, 20, 167, 3, 34836, 25802, 29274, 2, 0, 0, 317
119,6,26, 1059909,benign, 824, 147, 8572, 0, 5827, 2696, 2, 464, 699, 0, 203, 34151, 397, 3, 41, 7399, 334, 651, 5, 13737, 9790, 19509, 0, 0, 25, 4732, 4919, 8491, 42, 0, 0, 19, 23, 160, 4, 35037, 26435, 29795, 2, 0, 0, 317
120,8,1, 1050388,benign, 513, 147, 8549, 3, 5825, 2696, 1, 464, 699, 0, 197, 33108, 397, 3, 41, 6688, 335, 502, 5, 13074, 9038, 19479, 0, 0, 25, 4703, 4906, 8490, 42, 0, 0, 19, 22, 160, 2, 33868, 25469, 28742, 2, 0, 0, 320
121,8,27, 1050858,benign, 560, 146, 8560, 0, 5823, 2692, 2, 464, 700, 0, 201, 33664, 397, 3, 43, 6595, 315, 451, 5, 13406, 9243, 19505, 0, 0, 25, 4765, 4952, 8486, 42, 0, 0, 18, 20, 160, 3, 34318, 25341, 28624, 2, 0, 0, 384
122,8,8, 1051846,benign, 581, 150, 8558, 0, 5826, 2693, 1, 464, 699, 0, 194, 33299, 397, 3, 41, 6846, 334, 445, 5, 13901, 9900, 19510, 0, 0, 25, 4917, 4686, 8482, 42, 0, 0, 18, 20, 159, 3, 34185, 25855, 29162, 2, 0, 0, 320
123,2,23, 1055025,SDC, 675, 149, 8559, 0, 5818, 2687, 1, 464, 694, 0, 205, 33968, 392, 3, 41, 7218, 313, 447, 5, 13261, 9326, 19488, 0, 0, 25, 4703, 4893, 8490, 42, 0, 0, 18, 20, 159, 3, 34597, 26015, 29272, 2, 0, 0, 380
124,5,2, 1052733,benign, 606, 147, 8564, 0, 5828, 2694, 1, 464, 699, 0, 202, 33751, 397, 3, 44, 6917, 320, 453, 5, 13274, 9258, 19480, 0, 0, 25, 4785, 4930, 8474, 42, 0, 0, 18, 20, 160, 3, 34213, 25902, 29176, 2, 0, 0, 317
125,9,19, 1055368,benign, 669, 147, 8570, 3, 5825, 2690, 0, 464, 699, 0, 196, 33572, 397, 3, 40, 7105, 337, 444, 5, 13511, 9541, 19467, 0, 0, 25, 4731, 4924, 8487, 42, 0, 0, 18, 20, 157, 3, 34182, 25636, 28947, 2, 0, 0, 322
126,4,25, 1059759,benign, 524, 147, 8555, 0, 5821, 2686, 2, 464, 699, 0, 188, 33527, 397, 3, 40, 6433, 312, 550, 5, 12843, 8911, 19496, 0, 0, 25, 4452, 5156, 8483, 42, 0, 0, 18, 20, 153, 2, 34179, 25256, 28746, 1, 0, 0, 378
127,3,9, 1050784,benign, 528, 146, 8568, 3, 5831, 2688, 2, 464, 699, 0, 194, 33328, 397, 3, 40, 6719, 295, 504, 5, 12897, 8982, 19486, 0, 0, 25, 4710, 4893, 8475, 42, 0, 0, 18, 20, 158, 3, 33520, 25120, 28610, 2, 0, 0, 319
128,5,0, 1060197,benign, 522, 148, 8552, 0, 5822, 2696, 1, 464, 700, 0, 193, 32972, 397, 3, 38, 6230, 487, 443, 5, 13216, 9230, 19501, 0, 0, 25, 4636, 4966, 8467, 36, 0, 0, 18, 20, 152, 2, 33947, 25249, 28590, 1, 0, 0, 319
129,7,20, 1050086,benign, 525, 148, 8547, 0, 5828, 2696, 2, 464, 699, 0, 194, 33731, 397, 3, 41, 6762, 301, 478, 5, 13365, 9400, 19511, 0, 0, 25, 4696, 4906, 8477, 41, 0, 0, 18, 20, 174, 3, 34230, 25511, 28865, 2, 0, 0, 317
130,10,8, 1056910,benign, 755, 149, 8577, 0, 5823, 2688, 3, 464, 699, 0, 208, 34765, 397, 3, 44, 7421, 496, 442, 5, 13825, 9897, 19521, 0, 0, 25, 4737, 4860, 8486, 42, 0, 0, 19, 23, 160, 3, 34550, 25601, 29027, 2, 0, 0, 317
131,3,28, 1054968,SDC, 658, 147, 8563, 3, 5821, 2693, 1, 464, 694, 0, 196, 33497, 392, 3, 43, 7029, 304, 513, 5, 13385, 9375, 19477, 0, 0, 25, 4713, 4888, 8482, 42, 0, 0, 18, 20, 158, 4, 34256, 25671, 28940, 2, 0, 0, 319
132,10,7, 1050526,benign, 535, 148, 8548, 0, 5826, 2691, 4, 464, 699, 0, 196, 33508, 397, 3, 43, 6664, 411, 442, 5, 13050, 8999, 19517, 0, 0, 25, 4775, 4838, 8482, 42, 0, 0, 18, 20, 167, 3, 34192, 25391, 28690, 2, 0, 0, 317
133,0,11, 1049977,benign, 525, 148, 8563, 0, 5833, 2695, 2, 464, 699, 0, 196, 33532, 397, 3, 41, 6905, 337, 510, 5, 13527, 9512, 19511, 0, 0, 25, 4700, 4911, 8485, 42, 0, 0, 18, 20, 214, 2, 34141, 25620, 28902, 2, 0, 0, 317
134,4,18, 1053857,benign, 656, 148, 8564, 0, 5827, 2694, 1, 464, 699, 0, 194, 33550, 397, 3, 41, 7151, 302, 447, 5, 13292, 9324, 19513, 0, 0, 25, 4770, 4956, 8473, 42, 0, 0, 18, 20, 153, 2, 34542, 25992, 29311, 1, 0, 0, 319
135,6,23, 1054883,benign, 675, 147, 8567, 0, 5836, 2692, 1, 464, 699, 0, 194, 33807, 397, 3, 41, 7055, 305, 443, 5, 13242, 9218, 19485, 0, 0, 25, 4937, 5110, 8488, 41, 0, 0, 18, 20, 160, 3, 34318, 25660, 29152, 2, 0, 0, 316
136,10,8, 1055213,benign, 690, 147, 8573, 0, 5828, 2697, 1, 464, 699, 0, 202, 34004, 397, 3, 42, 6859, 316, 445, 5, 13619, 9664, 19497, 0, 0, 25, 4710, 4885, 8480, 41, 0, 0, 18, 20, 209, 3, 34133, 25388, 28640, 2, 0, 0, 319
137,5,3, 1059824,benign, 796, 145, 8570, 3, 5827, 2694, 1, 464, 699, 0, 197, 33577, 397, 3, 41, 8009, 305, 523, 5, 14144, 10161, 19531, 0, 0, 25, 4725, 4877, 8487, 34, 0, 0, 18, 20, 158, 3, 34372, 25793, 29122, 2, 0, 0, 317
138,3,23, 1050030,SDC, 522, 148, 8559, 0, 5822, 2690, 1, 464, 694, 0, 198, 33753, 392, 3, 42, 6409, 379, 450, 5, 13556, 9486, 19506, 0, 0, 25, 4688, 4904, 8489, 41, 0, 0, 18, 20, 166, 3, 34316, 25559, 28994, 2, 0, 0, 317
139,4,21, 1051348,benign, 547, 148, 8561, 2, 5826, 2692, 1, 464, 699, 0, 205, 33206, 397, 3, 39, 6630, 456, 539, 5, 13032, 9020, 19464, 0, 0, 25, 4720, 4875, 8485, 42, 0, 0, 18, 20, 153, 2, 33796, 25133, 28469, 1, 0, 0, 316
140,5,28, 1053869,benign, 641, 150, 8560, 0, 5825, 2694, 1, 464, 699, 0, 192, 33677, 397, 3, 41, 6786, 286, 570, 5, 14009, 10002, 19557, 0, 0, 25, 4700, 4897, 8484, 42, 0, 0, 18, 20, 157, 3, 34127, 25840, 29180, 2, 0, 0, 384
141,3,5, 1053126,benign, 620, 147, 8562, 0, 5826, 2689, 1, 464, 699, 0, 201, 33438, 397, 3, 41, 7006, 354, 445, 5, 13523, 9543, 19524, 0, 0, 25, 4778, 4821, 8491, 41, 0, 0, 18, 20, 160, 3, 33876, 25263, 28562, 2, 0, 0, 319
142,9,22, 1054051,benign, 664, 147, 8570, 0, 5828, 2697, 1, 464, 699, 0, 198, 33576, 397, 3, 42, 7137, 257, 443, 5, 13357, 9381, 19512, 0, 0, 25, 4724, 4883, 8484, 42, 0, 0, 18, 20, 158, 3, 34612, 25611, 28887, 2, 0, 0, 316
143,4,0, 1052870,benign, 614, 148, 8569, 1, 5827, 2696, 1, 464, 699, 0, 204, 33962, 397, 3, 40, 7063, 320, 442, 5, 13448, 9457, 19492, 0, 0, 25, 4799, 4802, 8481, 42, 0, 0, 18, 20, 185, 2, 34563, 25855, 29302, 2, 0, 0, 317
144,9,9, 1058722,benign, 804, 148, 8577, 0, 5825, 2688, 2, 464, 699, 0, 195, 33925, 397, 3, 43, 7288, 424, 443, 5, 13826, 9852, 19503, 0, 0, 25, 4710, 4888, 8484, 41, 0, 0, 18, 20, 158, 4, 34487, 26336, 29766, 2, 0, 0, 317
145,0,1, 1056292,benign, 700, 147, 8567, 4, 5824, 2688, 2, 464, 699, 0, 197, 33542, 397, 3, 42, 6858, 291, 442, 5, 13653, 9611, 19472, 0, 0, 25, 4990, 5124, 8492, 42, 0, 0, 18, 20, 160, 4, 34348, 25493, 28760, 2, 0, 0, 377
146,5,16, 1057979,benign, 766, 147, 8573, 0, 5826, 2689, 5, 464, 699, 0, 199, 34339, 397, 3, 41, 7578, 304, 509, 5, 13842, 9876, 19503, 0, 0, 25, 4787, 4827, 8487, 42, 0, 0, 18, 20, 156, 3, 34943, 26018, 29341, 2, 0, 0, 317
147,2,31, 1053461,SDC, 626, 146, 8562, 0, 5820, 2694, 1, 464, 694, 0, 196, 33927, 392, 3, 42, 6747, 332, 506, 5, 13435, 9292, 19494, 0, 0, 25, 4752, 4886, 8485, 42, 0, 0, 19, 23, 160, 3, 34394, 25803, 29316, 2, 0, 0, 323
148,3,21, 1056934,benign, 738, 149, 8575, 0, 5823, 2687, 1, 464, 699, 0, 203, 34409, 397, 3, 41, 7422, 373, 448, 5, 14003, 9778, 19508, 0, 0, 25, 4736, 4863, 8485, 42, 0, 0, 18, 20, 160, 3, 34598, 25985, 29548, 2, 0, 0, 527
149,0,8, 1056771,benign, 739, 148, 8570, 0, 5823, 2688, 5, 464, 700, 0, 202, 34084, 397, 3, 42, 7289, 295, 447, 5, 13860, 9938, 19492, 0, 0, 25, 4862, 5003, 8480, 42, 0, 0, 18, 20, 160, 3, 34578, 25514, 28905, 2, 0, 0, 317
150,5,26, 1057624,benign, 740, 145, 8588, 3, 5830, 2694, 1, 464, 699, 0, 199, 33703, 397, 3, 40, 7568, 488, 467, 5, 13287, 9294, 19487, 0, 0, 25, 4736, 4906, 8485, 42, 0, 0, 18, 20, 213, 4, 34249, 25300, 28641, 2, 0, 0, 423
151,7,10, 1052285,benign, 591, 146, 8557, 0, 5827, 2694, 1, 464, 699, 0, 198, 33551, 397, 3, 41, 6649, 291, 442, 5, 13377, 9437, 19522, 0, 0, 25, 4788, 4851, 8482, 42, 0, 0, 18, 20, 158, 4, 34639, 25568, 28842, 2, 0, 0, 318
152,3,23, 1052233,benign, 595, 147, 8565, 0, 5823, 2689, 1, 464, 699, 0, 199, 33661, 397, 3, 43, 6885, 296, 443, 5, 13429, 9463, 19521, 0, 0, 25, 4721, 4877, 8483, 42, 0, 0, 19, 23, 161, 3, 34078, 25481, 28816, 2, 0, 0, 317
153,6,2, 1058106,benign, 791, 150, 8571, 0, 5828, 2694, 2, 464, 699, 0, 199, 34174, 397, 3, 41, 7691, 328, 518, 5, 14143, 10179, 19552, 0, 0, 25, 4722, 4884, 8487, 42, 0, 0, 18, 20, 160, 4, 34883, 25848, 29160, 2, 0, 0, 317
154,4,16, 1057837,benign, 775, 148, 8578, 0, 5827, 2694, 1, 464, 699, 0, 198, 34015, 397, 3, 41, 7886, 548, 439, 5, 13796, 9809, 19506, 0, 0, 25, 4727, 4879, 8483, 42, 0, 0, 18, 20, 158, 3, 34672, 26004, 29307, 2, 0, 0, 316
155,7,16, 1057799,benign, 769, 147, 8574, 0, 5829, 2698, 1, 464, 700, 0, 201, 33964, 397, 3, 42, 7658, 313, 640, 5, 13709, 9738, 19509, 0, 0, 25, 4744, 4906, 8481, 42, 0, 0, 19, 23, 342, 3, 34687, 25919, 29252, 2, 0, 0, 319
156,7,11, 1060317,benign, 518, 146, 8547, 0, 5822, 2694, 1, 464, 699, 0, 189, 33594, 397, 3, 43, 6719, 328, 443, 5, 13016, 9002, 19516, 0, 0, 25, 4560, 5170, 8473, 42, 0, 0, 18, 20, 153, 2, 33695, 25288, 28582, 2, 0, 0, 319
157,6,24, 1058401,benign, 792, 148, 8579, 0, 5826, 2694, 2, 464, 699, 0, 196, 33964, 397, 3, 42, 8001, 322, 513, 5, 14081, 10082, 19549, 0, 0, 25, 4765, 4827, 8483, 42, 0, 0, 18, 20, 159, 3, 34772, 25862, 29133, 2, 0, 0, 320
158,5,18, 1054228,benign, 635, 147, 8575, 3, 5828, 2691, 1, 464, 699, 0, 199, 33378, 397, 3, 40, 7086, 360, 508, 5, 12958, 8979, 19482, 0, 0, 25, 4715, 4892, 8486, 42, 0, 0, 18, 20, 160, 3, 34144, 24971, 28243, 2, 0, 0, 317
159,7,12, 1053131,benign, 632, 148, 8575, 0, 5829, 2694, 1, 464, 699, 0, 196, 33528, 397, 3, 42, 7032, 317, 502, 5, 13483, 9570, 19503, 0, 0, 25, 4723, 4875, 8493, 42, 0, 0, 18, 20, 158, 4, 34145, 25890, 29177, 2, 0, 0, 319
160,9,10, 1055721,benign, 699, 147, 8565, 0, 5826, 2696, 2, 464, 699, 0, 192, 33856, 397, 3, 41, 7366, 321, 447, 5, 13446, 9538, 19494, 0, 0, 25, 4711, 4892, 8488, 41, 0, 0, 18, 20, 160, 3, 34532, 25634, 28926, 2, 0, 0, 319
161,6,27, 1050463,benign, 544, 148, 8557, 0, 5827, 2696, 2, 464, 699, 0, 204, 33630, 397, 3, 43, 6743, 318, 442, 5, 13236, 9257, 19508, 0, 0, 25, 4712, 4886, 8476, 42, 0, 0, 18, 20, 157, 3, 33803, 25425, 28873, 2, 0, 0, 439
162,6,11, 1058258,benign, 789, 149, 8573, 0, 5825, 2688, 1, 464, 699, 0, 195, 33815, 397, 3, 41, 7482, 291, 444, 6, 13895, 9932, 19519, 0, 0, 25, 4846, 4877, 8487, 42, 0, 0, 18, 20, 153, 2, 34528, 25928, 29179, 2, 0, 0, 317
163,5,17, 1055670,benign, 709, 148, 8577, 0, 5826, 2692, 1, 464, 699, 0, 201, 33869, 397, 3, 41, 7162, 303, 445, 5, 13712, 9739, 19506, 0, 0, 25, 4826, 5025, 8481, 42, 0, 0, 18, 20, 162, 2, 34408, 25503, 28776, 2, 0, 0, 377
164,3,29, 1057747,SDC, 773, 147, 8562, 0, 5823, 2694, 2, 464, 694, 0, 196, 34293, 392, 3, 41, 7300, 336, 572, 5, 13801, 9903, 19502, 0, 0, 25, 4800, 4841, 8482, 42, 0, 0, 18, 20, 159, 3, 34788, 25877, 29194, 2, 0, 0, 385
165,5,15, 1053906,benign, 654, 148, 8570, 0, 5825, 2696, 2, 464, 699, 0, 201, 34262, 397, 3, 41, 7035, 315, 514, 5, 13749, 9781, 19512, 0, 0, 25, 4720, 4888, 8487, 42, 0, 0, 18, 20, 159, 3, 34157, 25470, 28797, 2, 0, 0, 317
166,1,20, 1058577,benign, 799, 149, 8569, 0, 5824, 2690, 3, 464, 699, 0, 201, 34163, 397, 3, 41, 7923, 332, 444, 5, 14224, 10266, 19548, 0, 0, 25, 4726, 4873, 8479, 42, 0, 0, 18, 20, 159, 3, 34980, 26175, 29484, 2, 0, 0, 319
167,5,6, 1050079,benign, 541, 147, 8558, 0, 5828, 2691, 2, 464, 699, 0, 196, 33765, 397, 3, 41, 6758, 321, 667, 5, 13096, 9114, 19523, 0, 0, 25, 4718, 4898, 8482, 42, 0, 0, 18, 20, 166, 2, 34052, 25450, 28722, 2, 0, 0, 316
168,5,12, 1056182,benign, 730, 149, 8571, 0, 5825, 2691, 2, 464, 699, 0, 196, 34124, 397, 3, 43, 7131, 327, 444, 5, 13496, 9459, 19507, 0, 0, 25, 5030, 4696, 8479, 42, 0, 0, 18, 20, 158, 2, 34441, 25951, 29453, 2, 0, 0, 317
169,9,13, 1054862,benign, 675, 148, 8565, 0, 5827, 2692, 1, 464, 699, 0, 193, 33887, 397, 3, 41, 7096, 337, 535, 5, 13594, 9520, 19499, 0, 0, 25, 4722, 4883, 8489, 42, 0, 0, 18, 20, 160, 3, 34440, 25879, 29128, 2, 0, 0, 419
170,2,6, 1056932,benign, 721, 146, 8591, 3, 5829, 2695, 1, 464, 699, 0, 196, 33906, 397, 3, 44, 7426, 300, 444, 5, 13692, 9661, 19481, 0, 0, 25, 4726, 4870, 8488, 42, 0, 0, 18, 20, 166, 3, 34666, 25515, 28796, 2, 0, 0, 316
171,7,29, 1055311,benign, 700, 148, 8575, 0, 5830, 2696, 1, 464, 699, 0, 202, 34057, 397, 3, 41, 7448, 297, 538, 6, 14087, 9912, 19505, 0, 0, 25, 5137, 5179, 8488, 42, 0, 0, 18, 20, 158, 4, 34636, 25647, 29015, 2, 0, 0, 317
172,1,10, 1052945,benign, 631, 148, 8572, 0, 5829, 2691, 1, 464, 699, 0, 194, 33540, 397, 3, 44, 6886, 271, 637, 5, 13487, 9517, 19509, 0, 0, 25, 4788, 4928, 8484, 42, 0, 0, 18, 20, 158, 3, 34205, 25914, 29192, 2, 0, 0, 316
173,6,4, 1051803,benign, 582, 147, 8560, 0, 5828, 2695, 1, 464, 699, 0, 204, 33168, 397, 3, 41, 7163, 285, 444, 5, 13462, 9432, 19501, 0, 0, 25, 4808, 4830, 8483, 42, 0, 0, 18, 20, 160, 3, 34201, 25643, 28950, 2, 0, 0, 319
174,3,27, 1051101,benign, 557, 148, 8553, 0, 5826, 2691, 2, 464, 699, 0, 198, 33818, 397, 3, 43, 6591, 300, 447, 5, 13158, 8952, 19485, 0, 0, 25, 4727, 4881, 8488, 42, 0, 0, 18, 20, 157, 3, 34011, 25761, 29016, 2, 0, 0, 319
175,4,0, 1051257,benign, 557, 149, 8562, 1, 5827, 2698, 1, 464, 699, 0, 200, 33861, 397, 3, 41, 6477, 300, 572, 5, 13304, 9341, 19495, 0, 0, 25, 4796, 4969, 8477, 41, 0, 0, 18, 20, 161, 3, 34178, 25208, 28489, 2, 0, 0, 390
176,2,29, 1059245,benign, 818, 147, 8566, 0, 5830, 2690, 2, 464, 699, 0, 200, 34088, 397, 3, 43, 7323, 289, 444, 5, 14164, 10131, 19529, 0, 0, 25, 4715, 4885, 8485, 41, 0, 0, 18, 20, 160, 4, 34641, 26003, 29222, 2, 0, 0, 321
177,3,19, 1056604,benign, 708, 146, 8576, 3, 5829, 2687, 1, 464, 699, 0, 196, 33511, 397, 3, 41, 7548, 313, 446, 5, 13542, 9519, 19480, 0, 0, 25, 4733, 4865, 8486, 42, 0, 0, 18, 20, 159, 4, 34078, 25820, 29108, 2, 0, 0, 319
178,3,2, 1060369,benign, 804, 146, 8582, 0, 5828, 2695, 1, 464, 699, 0, 210, 33825, 397, 3, 40, 7309, 297, 524, 5, 14167, 10199, 19562, 0, 0, 25, 4731, 4879, 8495, 42, 0, 0, 19, 23, 160, 3, 34923, 25931, 29420, 2, 0, 0, 322
179,2,2, 1059477,SDC, 820, 147, 8567, 0, 5820, 2696, 2, 464, 694, 0, 196, 34376, 392, 3, 43, 7242, 320, 453, 5, 13936, 10017, 19550, 0, 0, 25, 4757, 4837, 8481, 42, 0, 0, 18, 20, 166, 4, 34856, 25942, 29219, 2, 0, 0, 446
180,0,20, 1057234,benign, 766, 149, 8575, 0, 5830, 2699, 1, 464, 699, 0, 194, 34122, 397, 3, 45, 7297, 467, 443, 5, 13799, 9604, 19500, 0, 0, 25, 4906, 4694, 8491, 42, 0, 0, 19, 23, 161, 3, 34873, 26190, 29521, 2, 0, 0, 319
181,0,26, 1054812,benign, 652, 147, 8567, 3, 5828, 2683, 3, 464, 699, 0, 203, 33526, 397, 3, 40, 7486, 329, 504, 5, 13282, 9293, 19494, 0, 0, 25, 4761, 4841, 8487, 42, 0, 0, 18, 20, 158, 3, 33823, 25464, 28918, 2, 0, 0, 317
182,6,29, 1054624,benign, 647, 148, 8559, 3, 5820, 2685, 1, 464, 699, 0, 192, 33803, 397, 3, 41, 6989, 277, 443, 5, 13295, 9063, 19468, 0, 0, 25, 4712, 4898, 8480, 42, 0, 0, 18, 20, 161, 3, 34039, 25503, 28767, 2, 0, 0, 375
183,0,13, 1056927,benign, 744, 149, 8574, 0, 5826, 2687, 1, 464, 699, 0, 196, 33957, 397, 3, 43, 7360, 251, 447, 5, 13669, 9729, 19489, 0, 0, 25, 4795, 4943, 8485, 42, 0, 0, 18, 20, 157, 2, 34816, 25950, 29233, 2, 0, 0, 386
184,7,17, 1051638,benign, 575, 147, 8557, 0, 5826, 2689, 1, 464, 699, 0, 193, 33302, 397, 3, 43, 6970, 335, 444, 5, 13627, 9547, 19501, 0, 0, 25, 4710, 4894, 8489, 42, 0, 0, 18, 20, 168, 3, 34090, 25957, 29313, 2, 0, 0, 318
185,6,4, 1057634,benign, 774, 148, 8580, 0, 5824, 2684, 2, 464, 699, 0, 199, 33987, 397, 3, 41, 7307, 308, 446, 5, 13896, 9900, 19515, 0, 0, 25, 4720, 4881, 8486, 42, 0, 0, 18, 20, 158, 3, 34630, 25955, 29238, 2, 0, 0, 386
186,2,14, 1056012,SDC, 691, 146, 8561, 3, 5818, 2695, 1, 464, 694, 0, 198, 33564, 392, 3, 40, 7116, 335, 445, 5, 13519, 9541, 19458, 0, 0, 25, 4767, 4830, 8479, 42, 0, 0, 18, 20, 232, 2, 33978, 25423, 28875, 2, 0, 0, 317
187,10,13, 1055177,benign, 691, 150, 8568, 0, 5823, 2689, 1, 464, 699, 0, 195, 33758, 397, 3, 41, 6904, 541, 559, 5, 13193, 9234, 19505, 0, 0, 25, 4699, 4902, 8479, 42, 0, 0, 18, 20, 159, 3, 34238, 26097, 29431, 2, 0, 0, 319
188,1,15, 1059344,benign, 793, 145, 8583, 3, 5831, 2694, 1, 464, 699, 0, 193, 33962, 397, 3, 42, 7650, 310, 442, 5, 13512, 9515, 19480, 0, 0, 25, 4715, 4891, 8485, 42, 0, 0, 18, 20, 158, 4, 34252, 25977, 29265, 2, 0, 0, 378
189,4,31, 1056658,benign, 745, 149, 8572, 0, 5830, 2688, 1, 464, 699, 0, 197, 33885, 397, 3, 39, 7112, 300, 505, 5, 13831, 9835, 19502, 0, 0, 25, 4786, 4941, 8475, 42, 0, 0, 18, 20, 152, 2, 34266, 25788, 29040, 1, 0, 0, 319
190,5,4, 1055809,benign, 713, 148, 8571, 0, 5830, 2690, 2, 464, 699, 0, 196, 34156, 397, 3, 43, 7327, 309, 500, 5, 13766, 9850, 19525, 0, 0, 25, 4717, 4883, 8487, 42, 0, 0, 18, 20, 159, 3, 34601, 25875, 29212, 2, 0, 0, 319
191,0,0, 1055470,benign, 700, 147, 8573, 0, 5825, 2691, 2, 464, 699, 0, 198, 34220, 397, 3, 40, 6993, 323, 516, 5, 13685, 9724, 19520, 0, 0, 25, 4775, 4834, 8489, 42, 0, 0, 18, 20, 160, 3, 34448, 25638, 28919, 2, 0, 0, 319
192,4,14, 1052350,benign, 596, 148, 8573, 0, 5825, 2690, 1, 464, 699, 0, 196, 33632, 397, 3, 43, 7108, 308, 441, 5, 13935, 9954, 19509, 0, 0, 25, 4723, 4875, 8488, 42, 0, 0, 18, 20, 157, 4, 34248, 25797, 29073, 2, 0, 0, 319
193,2,28, 1055878,SDC, 708, 149, 8560, 0, 5821, 2695, 1, 464, 694, 0, 198, 33624, 392, 3, 41, 7442, 314, 459, 5, 13692, 9703, 19484, 0, 0, 25, 4710, 4883, 8484, 42, 0, 0, 18, 20, 158, 4, 34486, 25673, 29027, 2, 0, 0, 443
194,3,24, 1053111,benign, 623, 147, 8569, 0, 5825, 2692, 1, 464, 699, 0, 200, 33619, 397, 3, 42, 6866, 322, 504, 5, 13369, 9376, 19505, 0, 0, 25, 5036, 4700, 8484, 42, 0, 0, 18, 20, 158, 3, 34029, 25505, 28798, 2, 0, 0, 316
195,6,14, 1054502,benign, 679, 148, 8558, 1, 5823, 2688, 1, 464, 699, 0, 194, 33879, 397, 3, 41, 7352, 444, 444, 5, 13635, 9685, 19521, 0, 0, 25, 4750, 4895, 8480, 42, 0, 0, 18, 20, 160, 3, 34152, 25757, 29240, 2, 0, 0, 319
196,5,24, 1051160,benign, 537, 148, 8560, 3, 5825, 2685, 2, 464, 699, 0, 201, 33370, 397, 3, 40, 6933, 308, 446, 5, 13140, 9183, 19485, 0, 0, 25, 4843, 5017, 8484, 42, 0, 0, 18, 20, 170, 3, 33603, 25055, 28403, 2, 0, 0, 319
197,1,15, 1053778,benign, 642, 150, 8571, 0, 5828, 2688, 1, 464, 699, 0, 202, 33815, 397, 3, 41, 7028, 526, 442, 5, 13817, 9826, 19504, 0, 0, 25, 4744, 4877, 8489, 42, 0, 0, 18, 20, 158, 4, 34382, 25474, 28925, 2, 0, 0, 319
198,10,23, 1054034,benign, 661, 148, 8555, 0, 5830, 2687, 4, 464, 699, 0, 199, 33480, 397, 3, 41, 7306, 544, 444, 5, 13236, 9233, 19497, 0, 0, 25, 4709, 4883, 8479, 42, 0, 0, 18, 20, 160, 3, 33983, 25569, 28888, 2, 0, 0, 316
199,6,6, 1053266,benign, 623, 148, 8572, 0, 5830, 2692, 1, 464, 700, 0, 197, 33634, 397, 3, 42, 6931, 411, 509, 5, 13797, 9802, 19500, 0, 0, 25, 4797, 4975, 8489, 40, 0, 0, 18, 20, 158, 4, 34375, 25726, 29024, 2, 0, 0, 316
200,6,26, 1053100,benign, 598, 147, 8564, 3, 5830, 2697, 1, 464, 699, 0, 195, 33274, 397, 3, 40, 6792, 307, 449, 5, 13219, 9172, 19474, 0, 0, 25, 4713, 4880, 8485, 42, 0, 0, 19, 23, 347, 3, 34066, 25512, 28806, 1, 0, 0, 317
201,0,25, 1050958,benign, 563, 149, 8562, 0, 5829, 2696, 2, 464, 699, 0, 201, 33540, 397, 3, 43, 6824, 305, 662, 5, 13170, 9211, 19506, 0, 0, 25, 4925, 5095, 8482, 42, 0, 0, 18, 20, 172, 3, 34018, 25455, 28778, 2, 0, 0, 317
202,4,15, 1055651,benign, 715, 149, 8572, 0, 5828, 2695, 1, 464, 699, 0, 206, 33717, 397, 3, 41, 7300, 328, 440, 5, 13624, 9615, 19498, 0, 0, 25, 4779, 4814, 8485, 40, 0, 0, 19, 23, 160, 4, 34565, 26024, 29502, 2, 0, 0, 320
203,8,1, 1052093,benign, 594, 146, 8563, 0, 5830, 2696, 1, 464, 699, 0, 203, 34042, 397, 3, 41, 6945, 361, 445, 5, 13658, 9669, 19514, 0, 0, 25, 4723, 4882, 8491, 42, 0, 0, 18, 20, 160, 3, 34505, 25342, 28624, 2, 0, 0, 319
204,6,17, 1052405,benign, 596, 150, 8559, 0, 5825, 2692, 2, 464, 699, 0, 201, 33544, 397, 3, 42, 6779, 292, 446, 5, 13752, 9753, 19522, 0, 0, 25, 4779, 4828, 8481, 42, 0, 0, 18, 20, 168, 3, 34132, 25596, 28865, 2, 0, 0, 316
205,0,18, 1050709,benign, 548, 148, 8559, 0, 5827, 2697, 1, 464, 699, 0, 199, 33767, 397, 3, 41, 6913, 305, 648, 6, 13276, 9287, 19505, 0, 0, 25, 4704, 4899, 8479, 42, 0, 0, 18, 20, 158, 4, 34147, 25760, 29127, 2, 0, 0, 319
206,6,18, 1059578,benign, 509, 148, 8555, 0, 5821, 2689, 1, 464, 699, 0, 194, 33468, 397, 3, 39, 6790, 256, 436, 5, 12973, 8989, 19504, 0, 0, 25, 4534, 5117, 8478, 34, 0, 0, 18, 20, 152, 2, 33860, 25612, 29000, 2, 0, 0, 317
207,2,7, 1053443,benign, 639, 149, 8555, 0, 5827, 2686, 1, 464, 699, 0, 207, 33898, 397, 3, 41, 7055, 492, 444, 5, 13863, 9876, 19528, 0, 0, 25, 4729, 4877, 8481, 41, 0, 0, 18, 20, 166, 4, 34359, 25421, 28724, 2, 0, 0, 317
208,9,5, 1057976,benign, 751, 145, 8576, 3, 5827, 2690, 2, 464, 700, 0, 201, 33640, 397, 3, 41, 7694, 335, 443, 5, 13231, 9290, 19480, 0, 0, 25, 4895, 4708, 8482, 41, 0, 0, 18, 20, 160, 3, 34459, 25535, 28795, 2, 0, 0, 318
209,0,19, 1060086,benign, 430, 146, 8541, 0, 5818, 2693, 2, 464, 699, 0, 199, 32632, 397, 3, 40, 6504, 279, 438, 5, 12704, 8672, 19482, 0, 0, 25, 4566, 5166, 8482, 42, 0, 0, 18, 20, 152, 2, 33218, 24717, 27846, 1, 0, 0, 326
210,6,10, 1053941,benign, 657, 147, 8557, 0, 5824, 2687, 2, 464, 699, 0, 196, 33706, 397, 3, 41, 6703, 334, 512, 5, 13931, 9991, 19514, 0, 0, 25, 4716, 4884, 8484, 42, 0, 0, 18, 20, 160, 3, 34054, 25358, 28647, 2, 0, 0, 432
211,0,10, 1059118,benign, 822, 147, 8588, 0, 5826, 2691, 1, 464, 699, 0, 197, 34213, 397, 3, 41, 7857, 308, 444, 5, 13890, 9902, 19513, 0, 0, 25, 4777, 4938, 8487, 42, 0, 0, 18, 20, 167, 4, 34751, 25875, 29335, 2, 0, 0, 316
212,8,22, 1057367,benign, 762, 147, 8578, 0, 5828, 2695, 2, 464, 699, 0, 200, 34347, 397, 3, 41, 7368, 284, 445, 5, 13947, 9764, 19494, 0, 0, 25, 4730, 4891, 8488, 42, 0, 0, 18, 20, 157, 4, 34928, 25836, 29134, 2, 0, 0, 379
213,6,28, 1055331,benign, 686, 147, 8575, 0, 5825, 2694, 2, 464, 699, 0, 204, 33959, 397, 3, 41, 7388, 304, 501, 5, 13774, 9818, 19520, 0, 0, 25, 4714, 4890, 8482, 42, 0, 0, 18, 20, 158, 2, 34459, 25434, 28731, 2, 0, 0, 436
214,1,12, 1059977,benign, 819, 147, 8574, 0, 5830, 2695, 5, 464, 700, 0, 200, 34274, 397, 3, 43, 7379, 294, 443, 5, 13695, 9809, 19517, 0, 0, 25, 4736, 4910, 8507, 42, 0, 0, 18, 20, 161, 3, 34784, 25926, 29220, 2, 0, 0, 316
215,7,25, 1053039,benign, 635, 150, 8564, 0, 5821, 2689, 1, 464, 699, 0, 197, 33405, 397, 3, 42, 6835, 299, 514, 5, 14042, 9936, 19517, 0, 0, 25, 4733, 4863, 8486, 42, 0, 0, 18, 20, 158, 4, 34426, 25965, 29228, 2, 0, 0, 319
216,2,18, 1054452,SDC, 640, 145, 8566, 3, 5820, 2692, 1, 464, 694, 0, 201, 32935, 392, 3, 41, 6812, 307, 513, 5, 13216, 9212, 19465, 0, 0, 25, 4717, 4888, 8480, 41, 0, 0, 18, 20, 157, 4, 33707, 25195, 28676, 2, 0, 0, 385
217,1,14, 1052389,benign, 594, 148, 8560, 0, 5827, 2697, 5, 464, 699, 0, 196, 33436, 397, 3, 41, 6890, 312, 513, 5, 13154, 9107, 19503, 0, 0, 25, 4981, 4625, 8482, 41, 0, 0, 18, 20, 160, 3, 34258, 25638, 28932, 2, 0, 0, 319
218,3,14, 1053162,SDC, 626, 147, 8553, 0, 5819, 2693, 1, 464, 694, 0, 202, 33947, 392, 3, 44, 7055, 323, 443, 5, 13860, 9803, 19504, 0, 0, 25, 4722, 4878, 8495, 42, 0, 0, 18, 20, 158, 3, 34812, 25843, 29126, 2, 0, 0, 316
219,5,16, 1052961,benign, 630, 148, 8570, 0, 5831, 2698, 2, 464, 699, 0, 198, 34220, 397, 3, 43, 6965, 274, 442, 5, 13521, 9481, 19510, 0, 0, 25, 4727, 4880, 8481, 42, 0, 0, 18, 20, 158, 4, 34013, 25413, 28724, 2, 0, 0, 317
220,9,31, 1051014,benign, 551, 146, 8558, 0, 5828, 2691, 2, 464, 699, 0, 194, 33809, 397, 3, 43, 7069, 337, 450, 5, 13418, 9422, 19498, 0, 0, 25, 4776, 4818, 8487, 42, 0, 0, 18, 20, 160, 3, 34230, 25399, 28843, 2, 0, 0, 319
221,4,6, 1056085,benign, 715, 149, 8573, 1, 5823, 2688, 1, 464, 699, 0, 193, 33587, 397, 3, 41, 7395, 310, 530, 5, 13602, 9595, 19513, 0, 0, 25, 4721, 4872, 8489, 42, 0, 0, 18, 20, 159, 3, 34223, 26280, 29566, 2, 0, 0, 316
222,10,23, 1051327,benign, 565, 149, 8549, 0, 5823, 2688, 5, 464, 699, 0, 195, 33904, 397, 3, 41, 6728, 304, 442, 5, 13609, 9596, 19492, 0, 0, 25, 4714, 4890, 8493, 42, 0, 0, 18, 20, 159, 3, 33920, 25622, 28873, 2, 0, 0, 376
223,1,8, 1051516,SDC, 549, 146, 8548, 3, 5823, 2691, 1, 464, 694, 0, 202, 33187, 392, 3, 41, 6674, 303, 573, 5, 13017, 9069, 19469, 0, 0, 25, 4713, 4882, 8476, 42, 0, 0, 18, 20, 167, 3, 34367, 25114, 28578, 2, 0, 0, 317
224,3,6, 1059381,SDC, 829, 148, 8564, 0, 5823, 2699, 4, 464, 694, 0, 198, 34321, 392, 3, 42, 7655, 281, 447, 5, 13737, 9796, 19496, 0, 0, 25, 4709, 4895, 8489, 42, 0, 0, 18, 20, 160, 3, 34672, 26127, 29419, 2, 0, 0, 319
225,0,30, 1050978,benign, 553, 148, 8565, 0, 5827, 2694, 2, 464, 699, 0, 203, 33989, 397, 3, 43, 6690, 305, 442, 5, 13500, 9523, 19529, 0, 0, 25, 4952, 4777, 8484, 42, 0, 0, 18, 20, 160, 3, 34080, 25485, 28771, 2, 0, 0, 319
226,4,19, 1060398,benign, 824, 147, 8597, 0, 5831, 2696, 2, 464, 699, 0, 201, 34396, 397, 3, 40, 8095, 318, 448, 5, 13881, 9957, 19531, 0, 0, 25, 4748, 4882, 8496, 42, 0, 0, 18, 20, 158, 3, 34950, 26339, 29824, 1, 0, 0, 376
227,6,29, 1052690,benign, 610, 148, 8565, 0, 5829, 2698, 2, 464, 699, 0, 204, 33564, 397, 3, 41, 7123, 510, 515, 5, 13661, 9661, 19505, 0, 0, 25, 4788, 4819, 8486, 42, 0, 0, 18, 20, 175, 2, 34285, 25675, 28954, 2, 0, 0, 317
228,7,0, 1058179,benign, 796, 150, 8577, 0, 5823, 2689, 1, 464, 699, 0, 205, 33928, 397, 3, 42, 7414, 337, 444, 5, 13661, 9704, 19594, 0, 0, 25, 4730, 4887, 8489, 42, 0, 0, 18, 20, 236, 3, 34799, 25820, 29108, 2, 0, 0, 320
229,6,4, 1051101,benign, 553, 146, 8566, 0, 5827, 2691, 1, 464, 699, 0, 193, 33487, 397, 3, 43, 7142, 335, 454, 5, 13533, 9551, 19517, 0, 0, 25, 4904, 4698, 8481, 42, 0, 0, 18, 20, 158, 4, 34354, 25172, 28652, 2, 0, 0, 317
230,0,25, 1059024,benign, 782, 145, 8583, 4, 5827, 2687, 1, 464, 699, 0, 200, 33991, 397, 3, 40, 7722, 306, 443, 5, 13465, 9464, 19477, 0, 0, 25, 4738, 4873, 8491, 42, 0, 0, 18, 20, 157, 4, 34374, 25338, 28594, 2, 0, 0, 442
231,10,12, 1058224,benign, 759, 147, 8566, 3, 5828, 2695, 1, 464, 699, 0, 194, 33630, 397, 3, 41, 7464, 259, 448, 5, 13415, 9431, 19477, 0, 0, 25, 4787, 4819, 8497, 42, 0, 0, 18, 20, 158, 2, 34622, 25983, 29293, 2, 0, 0, 376
232,9,6, 1057502,benign, 763, 149, 8568, 0, 5825, 2694, 2, 464, 699, 0, 198, 34115, 397, 3, 41, 7128, 438, 559, 5, 13902, 9852, 19500, 0, 0, 25, 4805, 4805, 8485, 42, 0, 0, 18, 20, 158, 3, 34643, 25827, 29408, 2, 0, 0, 317
233,7,17, 1058362,benign, 800, 149, 8574, 0, 5828, 2694, 1, 464, 699, 0, 199, 34031, 397, 3, 43, 7290, 329, 445, 5, 14323, 10335, 19564, 0, 0, 25, 4736, 4903, 8485, 42, 0, 0, 18, 20, 158, 3, 34971, 25958, 29221, 2, 0, 0, 384
234,6,24, 1057997,benign, 776, 148, 8578, 0, 5827, 2695, 1, 464, 699, 0, 197, 34273, 397, 3, 42, 7717, 331, 454, 5, 13861, 9869, 19503, 0, 0, 25, 4749, 4861, 8484, 42, 0, 0, 18, 20, 168, 3, 34849, 25880, 29183, 2, 0, 0, 318
235,4,18, 1056401,benign, 725, 147, 8580, 0, 5824, 2689, 1, 464, 699, 0, 199, 34113, 397, 3, 41, 7416, 311, 438, 5, 13808, 9772, 19500, 0, 0, 25, 4980, 4613, 8487, 42, 0, 0, 18, 20, 161, 3, 34530, 26030, 29354, 2, 0, 0, 333
236,5,11, 1055821,benign, 703, 149, 8570, 0, 5825, 2689, 1, 464, 699, 0, 197, 33874, 397, 3, 43, 7244, 301, 443, 6, 13894, 9905, 19506, 0, 0, 25, 4723, 4870, 8486, 42, 0, 0, 18, 20, 159, 3, 34712, 26104, 29446, 2, 0, 0, 447
237,3,8, 1057033,benign, 745, 146, 8575, 0, 5828, 2696, 1, 464, 699, 0, 198, 33896, 397, 3, 43, 7254, 299, 503, 5, 14055, 10063, 19561, 0, 0, 25, 4730, 4874, 8484, 42, 0, 0, 18, 20, 158, 4, 34953, 25841, 29123, 2, 0, 0, 377
238,0,23, 1050963,benign, 566, 147, 8565, 0, 5827, 2690, 1, 464, 699, 0, 194, 33367, 397, 3, 42, 6491, 447, 442, 5, 13372, 9386, 19512, 0, 0, 25, 4961, 4645, 8492, 42, 0, 0, 18, 20, 161, 3, 33933, 25359, 28708, 2, 0, 0, 385
239,2,0, 1059988,benign, 786, 147, 8584, 3, 5826, 2692, 1, 464, 699, 0, 199, 34068, 397, 3, 41, 7391, 295, 447, 5, 13712, 9805, 19513, 0, 0, 25, 4701, 4906, 8489, 42, 0, 0, 19, 23, 214, 4, 34596, 25662, 29063, 2, 0, 0, 319
240,1,13, 1058980,benign, 784, 147, 8570, 3, 5826, 2689, 2, 464, 699, 0, 196, 34041, 397, 3, 41, 7412, 339, 442, 5, 13608, 9644, 19500, 0, 0, 25, 4733, 4906, 8486, 42, 0, 0, 18, 20, 158, 3, 34108, 25934, 29349, 2, 0, 0, 319
241,0,9, 1055671,benign, 709, 146, 8563, 0, 5827, 2691, 5, 464, 699, 0, 195, 33637, 397, 3, 41, 7117, 305, 442, 5, 14011, 9861, 19509, 0, 0, 25, 4796, 4831, 8489, 42, 0, 0, 18, 20, 166, 3, 34521, 25686, 29164, 2, 0, 0, 446
242,3,2, 1059724,benign, 433, 147, 8555, 0, 5822, 2694, 1, 464, 699, 0, 191, 33029, 397, 3, 40, 6316, 285, 438, 5, 12679, 8508, 19471, 0, 0, 25, 4440, 5154, 8486, 42, 0, 0, 18, 20, 153, 2, 33284, 24735, 28053, 2, 0, 0, 317
243,4,24, 1059939,benign, 825, 148, 8583, 0, 5830, 2689, 1, 464, 699, 0, 201, 34308, 397, 3, 42, 7601, 296, 445, 5, 14027, 10129, 19580, 0, 0, 25, 4713, 4903, 8497, 42, 0, 0, 18, 20, 307, 3, 34842, 25772, 29054, 1, 0, 0, 317
244,1,28, 1059494,benign, 815, 148, 8576, 0, 5830, 2690, 1, 464, 699, 0, 193, 34163, 397, 3, 43, 7864, 318, 448, 6, 14279, 10292, 19547, 0, 0, 25, 4722, 4899, 8486, 42, 0, 0, 18, 20, 160, 3, 34743, 26033, 29324, 2, 0, 0, 323
245,5,31, 1052543,benign, 609, 148, 8570, 0, 5827, 2695, 1, 464, 699, 0, 201, 33785, 397, 3, 43, 7026, 370, 573, 5, 13369, 9354, 19496, 0, 0, 25, 5005, 4770, 8490, 42, 0, 0, 19, 23, 159, 3, 34398, 25385, 28718, 2, 0, 0, 317
246,2,14, 1053146,SDC, 619, 149, 8556, 0, 5822, 2698, 1, 464, 694, 0, 198, 34170, 392, 3, 42, 6618, 319, 512, 5, 13465, 9486, 19475, 0, 0, 25, 4745, 4864, 8489, 42, 0, 0, 18, 20, 159, 4, 34097, 25225, 28552, 2, 0, 0, 317
247,8,6, 1060089,benign, 431, 148, 8556, 0, 5823, 2696, 1, 464, 699, 0, 189, 32928, 397, 3, 42, 6217, 340, 499, 5, 12438, 8449, 19488, 0, 0, 25, 4459, 5179, 8482, 42, 0, 0, 18, 20, 167, 3, 33538, 24787, 28051, 2, 0, 0, 320
248,6,3, 1056368,benign, 701, 148, 8571, 4, 5825, 2692, 1, 464, 699, 0, 195, 33428, 397, 3, 40, 7585, 307, 657, 5, 13243, 9272, 19479, 0, 0, 25, 4719, 4881, 8482, 42, 0, 0, 18, 20, 158, 4, 34429, 25443, 28844, 2, 0, 0, 317
249,4,15, 1057605,benign, 758, 146, 8580, 0, 5828, 2690, 1, 464, 699, 0, 201, 33797, 397, 3, 42, 7353, 298, 442, 5, 13804, 9709, 19509, 0, 0, 25, 4722, 4891, 8485, 42, 0, 0, 18, 20, 158, 3, 34620, 25831, 29120, 1, 0, 0, 320
250,6,5, 1059089,benign, 807, 146, 8582, 0, 5825, 2689, 1, 464, 699, 0, 199, 33828, 397, 3, 41, 7802, 309, 443, 5, 14095, 10101, 19539, 0, 0, 25, 4800, 4846, 8482, 40, 0, 0, 18, 20, 159, 3, 34656, 26352, 29722, 2, 0, 0, 320
251,8,18, 1057734,benign, 763, 148, 8570, 0, 5829, 2693, 1, 464, 699, 0, 196, 33726, 397, 3, 42, 7507, 306, 504, 5, 13741, 9737, 19511, 0, 0, 25, 4703, 4896, 8492, 42, 0, 0, 18, 20, 166, 3, 34709, 26262, 29753, 2, 0, 0, 379
252,3,22, 1051638,benign, 575, 146, 8565, 0, 5829, 2691, 2, 464, 699, 0, 198, 33777, 397, 3, 41, 6812, 315, 765, 5, 14025, 10040, 19561, 0, 0, 25, 4729, 4880, 8483, 42, 0, 0, 18, 20, 166, 2, 34280, 25364, 28644, 2, 0, 0, 447
253,5,5, 1054680,benign, 650, 148, 8561, 3, 5826, 2691, 1, 464, 699, 0, 195, 33444, 397, 3, 40, 7217, 297, 446, 5, 13201, 9194, 19484, 0, 0, 25, 4741, 4901, 8484, 42, 0, 0, 18, 20, 157, 3, 33765, 25634, 28982, 2, 0, 0, 320
254,10,2, 1060117,benign, 807, 146, 8578, 0, 5821, 2690, 1, 464, 699, 0, 198, 33881, 397, 3, 40, 7252, 511, 575, 5, 13940, 9779, 19492, 0, 0, 25, 4766, 4937, 8481, 42, 0, 0, 18, 20, 158, 3, 35055, 25797, 29270, 1, 0, 0, 320
255,0,22, 1058712,benign, 773, 147, 8584, 3, 5827, 2689, 3, 464, 699, 0, 198, 34004, 397, 3, 41, 7319, 501, 442, 5, 13600, 9577, 19475, 0, 0, 25, 4781, 4951, 8483, 42, 0, 0, 18, 20, 160, 3, 34431, 25835, 29143, 2, 0, 0, 320
256,3,13, 1050172,benign, 507, 145, 8568, 3, 5828, 2693, 1, 464, 699, 0, 200, 33326, 397, 3, 40, 6569, 307, 504, 5, 13094, 9112, 19484, 0, 0, 25, 4704, 4901, 8484, 42, 0, 0, 18, 20, 158, 3, 33826, 25042, 28532, 2, 0, 0, 316
257,3,5, 1057630,benign, 762, 146, 8578, 0, 5830, 2685, 3, 464, 700, 0, 198, 33905, 397, 3, 41, 7389, 330, 448, 5, 14118, 10174, 19537, 0, 0, 25, 4740, 4904, 8483, 42, 0, 0, 18, 20, 158, 3, 34683, 25918, 29207, 2, 0, 0, 317
258,2,17, 1051786,SDC, 586, 147, 8561, 0, 5824, 2694, 1, 464, 694, 0, 194, 33566, 392, 3, 41, 6878, 299, 445, 5, 13833, 9821, 19502, 0, 0, 25, 4831, 5020, 8479, 42, 0, 0, 18, 20, 158, 2, 34624, 25776, 29101, 2, 0, 0, 316
259,2,22, 1060263,benign, 523, 147, 8554, 0, 5826, 2694, 1, 464, 699, 0, 191, 33451, 397, 3, 41, 6708, 255, 462, 5, 13412, 9334, 19498, 0, 0, 25, 4525, 5125, 8474, 36, 0, 0, 19, 23, 160, 3, 33950, 25279, 28574, 2, 0, 0, 414
260,1,2, 1050661,benign, 540, 146, 8563, 0, 5826, 2690, 1, 464, 699, 0, 194, 33372, 397, 3, 41, 6793, 335, 505, 5, 13377, 9517, 19538, 0, 0, 25, 4720, 4926, 8489, 42, 0, 0, 18, 20, 167, 3, 33858, 25600, 28878, 2, 0, 0, 645
261,3,30, 1055130,benign, 698, 146, 8572, 0, 5825, 2688, 1, 464, 699, 0, 196, 33982, 397, 3, 41, 7291, 434, 444, 5, 13821, 9812, 19515, 0, 0, 25, 4766, 4834, 8489, 42, 0, 0, 18, 20, 158, 2, 34409, 25855, 29205, 2, 0, 0, 319
262,2,8, 1056266,SDC, 735, 148, 8561, 0, 5819, 2697, 1, 464, 694, 0, 201, 34022, 392, 3, 41, 7803, 302, 454, 6, 13642, 9695, 19491, 0, 0, 25, 4722, 4878, 8487, 42, 0, 0, 18, 20, 166, 3, 34865, 25430, 28683, 2, 0, 0, 317
263,5,6, 1053314,benign, 628, 146, 8565, 0, 5827, 2690, 2, 464, 699, 0, 202, 33514, 397, 3, 42, 7349, 325, 501, 5, 14087, 10094, 19533, 0, 0, 25, 4735, 4863, 8479, 42, 0, 0, 18, 20, 160, 4, 34705, 25603, 28922, 2, 0, 0, 407
264,6,20, 1056458,benign, 728, 147, 8573, 0, 5827, 2689, 2, 464, 699, 0, 198, 33795, 397, 3, 41, 7366, 357, 443, 5, 13716, 9711, 19510, 0, 0, 25, 5030, 4696, 8482, 42, 0, 0, 18, 20, 159, 3, 34452, 25963, 29453, 2, 0, 0, 318
265,6,8, 1059247,benign, 821, 148, 8586, 0, 5827, 2692, 2, 464, 699, 0, 201, 34095, 397, 3, 43, 7928, 335, 458, 5, 14455, 10287, 19574, 0, 0, 25, 4718, 4899, 8492, 42, 0, 0, 18, 20, 158, 3, 34307, 25925, 29197, 2, 0, 0, 319
266,5,5, 1058493,benign, 795, 147, 8574, 0, 5826, 2691, 3, 464, 700, 0, 196, 34270, 397, 3, 43, 7394, 301, 444, 5, 13851, 9882, 19497, 0, 0, 25, 4712, 4896, 8490, 42, 0, 0, 18, 20, 286, 4, 34664, 26153, 29449, 2, 0, 0, 320
267,4,0, 1058537,benign, 789, 148, 8572, 1, 5824, 2688, 2, 464, 699, 0, 197, 34170, 397, 3, 41, 7882, 326, 444, 6, 13600, 9614, 19509, 0, 0, 25, 4858, 5021, 8498, 42, 0, 0, 18, 20, 157, 4, 34824, 25960, 29229, 2, 0, 0, 316
268,0,6, 1050188,benign, 511, 147, 8561, 3, 5829, 2693, 1, 464, 699, 0, 196, 33404, 397, 3, 42, 6647, 388, 443, 5, 12984, 8998, 19470, 0, 0, 25, 4698, 4912, 8480, 42, 0, 0, 18, 20, 158, 3, 33676, 24984, 28473, 2, 0, 0, 319
269,2,18, 1050994,benign, 556, 148, 8559, 0, 5825, 2687, 2, 464, 699, 0, 200, 33375, 397, 3, 43, 6569, 376, 444, 5, 13203, 9064, 19510, 0, 0, 25, 4721, 4914, 8487, 42, 0, 0, 18, 20, 207, 2, 34184, 25328, 28820, 2, 0, 0, 377
270,1,0, 1056950,benign, 755, 147, 8578, 0, 5825, 2692, 1, 464, 699, 0, 196, 34011, 397, 3, 41, 7351, 333, 442, 5, 13956, 9984, 19526, 0, 0, 25, 4728, 4876, 8487, 42, 0, 0, 18, 20, 158, 4, 34864, 25489, 28772, 2, 0, 0, 317
271,0,6, 1053455,benign, 646, 147, 8579, 0, 5826, 2693, 2, 464, 699, 0, 196, 33629, 397, 3, 42, 6995, 336, 443, 5, 13445, 9493, 19491, 0, 0, 25, 4729, 4877, 8486, 42, 0, 0, 18, 20, 160, 3, 34516, 25426, 28738, 2, 0, 0, 317
272,0,6, 1058189,benign, 778, 148, 8573, 0, 5825, 2695, 1, 464, 699, 0, 197, 34105, 397, 3, 42, 7572, 305, 454, 5, 13717, 9719, 19515, 0, 0, 25, 4736, 4864, 8500, 42, 0, 0, 18, 20, 160, 3, 34684, 25710, 28986, 2, 0, 0, 384
273,6,7, 1053651,benign, 633, 149, 8562, 0, 5821, 2688, 2, 464, 699, 0, 198, 33384, 397, 3, 40, 6835, 325, 572, 5, 13566, 9561, 19523, 0, 0, 25, 4779, 4828, 8485, 41, 0, 0, 18, 20, 160, 4, 34399, 25706, 28989, 2, 0, 0, 386
274,2,12, 1058873,SDC, 800, 149, 8574, 0, 5817, 2693, 2, 464, 694, 0, 195, 34362, 392, 3, 41, 7072, 330, 513, 5, 13866, 9875, 19502, 0, 0, 25, 4851, 5002, 8477, 42, 0, 0, 18, 20, 157, 3, 34365, 26269, 29794, 2, 0, 0, 319
275,1,16, 1059526,benign, 532, 146, 8554, 0, 5823, 2691, 1, 464, 699, 0, 190, 32985, 397, 3, 42, 6419, 328, 450, 5, 13320, 9290, 19502, 0, 0, 25, 4438, 5170, 8477, 36, 0, 0, 18, 20, 354, 3, 34348, 25436, 28741, 1, 0, 0, 319
276,6,30, 1059451,benign, 816, 148, 8578, 0, 5826, 2691, 1, 464, 699, 0, 203, 34020, 397, 3, 42, 7882, 309, 447, 5, 13916, 9890, 19528, 0, 0, 25, 5057, 5216, 8485, 42, 0, 0, 18, 20, 211, 3, 34871, 26047, 29528, 2, 0, 0, 319
277,6,15, 1050344,benign, 514, 146, 8554, 3, 5828, 2691, 1, 464, 700, 0, 198, 33679, 397, 3, 42, 6613, 293, 450, 5, 12811, 8806, 19481, 0, 0, 25, 4700, 4896, 8482, 42, 0, 0, 18, 20, 160, 4, 33992, 25003, 28266, 2, 0, 0, 317
278,10,30, 1055140,benign, 665, 149, 8576, 3, 5828, 2690, 1, 464, 699, 0, 197, 33718, 397, 3, 40, 7224, 468, 530, 5, 13130, 9134, 19468, 0, 0, 25, 4728, 4884, 8482, 42, 0, 0, 18, 20, 160, 3, 34353, 25666, 29169, 2, 0, 0, 384
279,1,31, 1050260,benign, 510, 148, 8554, 3, 5820, 2687, 2, 464, 699, 0, 199, 33190, 397, 3, 40, 6751, 539, 455, 5, 12865, 8983, 19478, 0, 0, 25, 4692, 4903, 8484, 42, 0, 0, 18, 20, 158, 4, 33757, 25109, 28529, 2, 0, 0, 392
280,0,24, 1055788,benign, 684, 147, 8572, 3, 5827, 2689, 2, 464, 699, 0, 196, 33667, 397, 3, 42, 7346, 294, 442, 5, 13431, 9425, 19484, 0, 0, 25, 4781, 4944, 8480, 42, 0, 0, 18, 20, 158, 3, 33797, 25547, 28964, 2, 0, 0, 316
281,0,20, 1052906,benign, 621, 148, 8566, 0, 5827, 2697, 5, 464, 699, 0, 201, 33497, 397, 3, 41, 7128, 541, 444, 5, 13330, 9320, 19490, 0, 0, 25, 4721, 4879, 8489, 42, 0, 0, 18, 20, 160, 3, 34586, 25636, 28903, 2, 0, 0, 317
282,0,5, 1055391,benign, 694, 148, 8569, 0, 5826, 2695, 2, 464, 699, 0, 198, 33760, 397, 3, 41, 6939, 341, 442, 5, 14159, 9939, 19515, 0, 0, 25, 4801, 4792, 8483, 42, 0, 0, 18, 20, 160, 3, 34324, 25676, 28945, 2, 0, 0, 319
283,10,19, 1051827,benign, 595, 148, 8561, 0, 5827, 2687, 1, 464, 699, 0, 204, 33907, 397, 3, 41, 6771, 289, 447, 5, 13261, 9310, 19596, 0, 0, 25, 4791, 4973, 8480, 42, 0, 0, 18, 20, 166, 3, 34319, 25422, 28780, 2, 0, 0, 317
284,0,20, 1054840,benign, 654, 147, 8576, 3, 5827, 2689, 1, 464, 699, 0, 195, 33272, 397, 3, 40, 7294, 301, 447, 5, 13579, 9571, 19469, 0, 0, 25, 4726, 4895, 8484, 42, 0, 0, 18, 20, 159, 4, 34280, 25026, 28279, 2, 0, 0, 383
285,2,26, 1051784,SDC, 557, 146, 8552, 3, 5828, 2687, 2, 464, 694, 0, 198, 33206, 392, 3, 40, 7016, 248, 444, 5, 12910, 8982, 19470, 0, 0, 25, 4810, 5011, 8497, 42, 0, 0, 18, 20, 160, 4, 33803, 25156, 28662, 2, 0, 0, 316
286,10,22, 1057400,benign, 733, 147, 8568, 3, 5829, 2697, 1, 464, 699, 0, 195, 33453, 397, 3, 40, 7390, 297, 438, 6, 13574, 9552, 19476, 0, 0, 25, 4738, 4867, 8490, 42, 0, 0, 18, 20, 159, 3, 34276, 25946, 29228, 2, 0, 0, 321
287,8,6, 1052561,benign, 612, 147, 8568, 0, 5828, 2697, 2, 464, 699, 0, 196, 33404, 397, 3, 44, 7224, 303, 511, 5, 13366, 9387, 19498, 0, 0, 25, 4869, 4904, 8486, 42, 0, 0, 18, 20, 158, 3, 34286, 25497, 28795, 2, 0, 0, 323
288,8,14, 1059347,benign, 829, 147, 8571, 0, 5824, 2690, 2, 464, 699, 0, 198, 34287, 397, 3, 41, 7429, 313, 447, 5, 13923, 9943, 19493, 0, 0, 25, 4785, 4827, 8477, 41, 0, 0, 18, 20, 161, 4, 34889, 26000, 29278, 2, 0, 0, 320
289,0,1, 1053771,benign, 655, 149, 8567, 0, 5824, 2692, 3, 464, 700, 0, 200, 33788, 397, 3, 40, 6680, 342, 439, 5, 13614, 9596, 19506, 0, 0, 25, 4728, 4873, 8488, 42, 0, 0, 18, 20, 158, 3, 34422, 25985, 29281, 2, 0, 0, 321
290,5,25, 1055486,benign, 697, 150, 8577, 0, 5825, 2694, 1, 464, 699, 0, 195, 33917, 397, 3, 43, 7440, 346, 443, 5, 13747, 9853, 19513, 0, 0, 25, 4714, 4889, 8486, 42, 0, 0, 18, 20, 157, 2, 34121, 25571, 28854, 2, 0, 0, 385
291,4,2, 1055996,benign, 688, 149, 8566, 4, 5822, 2687, 1, 464, 699, 0, 195, 33955, 397, 3, 40, 7417, 484, 453, 5, 13102, 9192, 19468, 0, 0, 25, 4850, 5015, 8480, 41, 0, 0, 19, 22, 155, 2, 34322, 25662, 28950, 1, 0, 0, 323
292,2,10, 1050583,SDC, 539, 149, 8551, 0, 5820, 2692, 1, 464, 694, 0, 204, 33335, 392, 3, 44, 6803, 522, 445, 5, 13570, 9577, 19512, 0, 0, 25, 4710, 4885, 8480, 42, 0, 0, 18, 20, 170, 2, 33991, 25530, 28806, 2, 0, 0, 317
293,0,28, 1055769,benign, 718, 148, 8574, 0, 5825, 2690, 3, 464, 694, 0, 194, 34011, 392, 3, 42, 7569, 343, 504, 5, 13959, 9759, 19488, 0, 0, 25, 4952, 4642, 8494, 42, 0, 0, 18, 20, 158, 4, 34604, 25887, 29194, 2, 0, 0, 317
294,4,15, 1052494,benign, 601, 148, 8561, 0, 5828, 2693, 2, 464, 699, 0, 198, 34041, 397, 3, 43, 7240, 308, 438, 5, 13511, 9479, 19505, 0, 0, 25, 4729, 4867, 8482, 42, 0, 0, 18, 20, 152, 2, 34014, 25281, 28611, 1, 0, 0, 379
295,7,10, 1057075,benign, 741, 147, 8576, 0, 5828, 2694, 1, 464, 699, 0, 195, 34146, 397, 3, 41, 7285, 331, 502, 5, 13979, 9774, 19508, 0, 0, 25, 4748, 4892, 8481, 42, 0, 0, 18, 20, 160, 3, 34664, 25995, 29271, 2, 0, 0, 333
296,1,22, 1051646,SDC, 574, 148, 8564, 0, 5828, 2688, 6, 464, 695, 0, 199, 33418, 392, 3, 40, 6853, 308, 457, 5, 13182, 9207, 19488, 0, 0, 25, 4706, 4884, 8480, 42, 0, 0, 18, 20, 317, 4, 34116, 25816, 29119, 2, 0, 0, 316
297,7,14, 1057504,benign, 737, 146, 8577, 3, 5827, 2692, 2, 464, 699, 0, 198, 33561, 397, 3, 40, 7231, 326, 510, 5, 13398, 9325, 19479, 0, 0, 25, 4723, 4883, 8486, 42, 0, 0, 18, 20, 160, 3, 34238, 25545, 28820, 2, 0, 0, 317
298,1,18, 1054847,benign, 686, 147, 8563, 0, 5831, 2692, 2, 464, 699, 0, 198, 33868, 397, 3, 41, 7000, 301, 573, 5, 13484, 9454, 19515, 0, 0, 25, 4776, 4826, 8480, 42, 0, 0, 19, 23, 160, 4, 34263, 25734, 29023, 2, 0, 0, 319
299,6,20, 1059571,benign, 513, 147, 8552, 0, 5820, 2689, 1, 464, 699, 0, 197, 33151, 397, 3, 41, 6507, 308, 442, 5, 13253, 9099, 19506, 0, 0, 25, 4767, 4976, 8482, 36, 0, 0, 18, 20, 166, 3, 33823, 25027, 28511, 2, 0, 0, 316
300,4,18, 1053787,benign, 653, 149, 8565, 0, 5825, 2690, 1, 464, 699, 0, 194, 33358, 397, 3, 41, 6945, 307, 700, 5, 14023, 9896, 19527, 0, 0, 25, 4734, 4874, 8474, 42, 0, 0, 18, 20, 153, 2, 34065, 25546, 28908, 1, 0, 0, 323
301,5,11, 1054864,benign, 655, 147, 8574, 3, 5827, 2691, 4, 464, 699, 0, 196, 33797, 397, 3, 41, 7227, 305, 441, 5, 13060, 9050, 19483, 0, 0, 25, 4766, 4846, 8489, 42, 0, 0, 18, 20, 160, 3, 33930, 25555, 28832, 2, 0, 0, 321
302,4,26, 1059093,benign, 818, 149, 8580, 0, 5829, 2692, 2, 464, 699, 0, 195, 34344, 397, 3, 40, 7993, 335, 438, 5, 14044, 10093, 19532, 0, 0, 25, 4717, 4890, 8484, 42, 0, 0, 18, 20, 153, 2, 34637, 25819, 29171, 1, 0, 0, 317
303,6,16, 1055880,benign, 685, 147, 8572, 3, 5827, 2697, 1, 464, 699, 0, 198, 33327, 397, 3, 40, 7355, 321, 446, 5, 13346, 9347, 19467, 0, 0, 25, 4730, 4873, 8490, 42, 0, 0, 18, 20, 160, 3, 34433, 25369, 28622, 2, 0, 0, 318
304,4,26, 1055834,benign, 714, 148, 8569, 0, 5829, 2696, 1, 464, 699, 0, 198, 34077, 397, 3, 40, 7014, 323, 440, 5, 13850, 9819, 19494, 0, 0, 25, 4852, 5009, 8474, 40, 0, 0, 18, 20, 153, 2, 34338, 25754, 29277, 1, 0, 0, 317
305,6,12, 1050187,benign, 529, 149, 8552, 0, 5824, 2685, 1, 464, 699, 0, 199, 33442, 397, 3, 43, 6821, 306, 442, 5, 13528, 9532, 19507, 0, 0, 25, 4695, 4914, 8487, 42, 0, 0, 19, 23, 162, 3, 34041, 25040, 28323, 2, 0, 0, 393
306,1,30, 1058938,benign, 806, 150, 8579, 0, 5830, 2691, 5, 464, 699, 0, 194, 34180, 397, 3, 43, 7780, 318, 452, 5, 13807, 9829, 19505, 0, 0, 25, 4785, 4822, 8485, 42, 0, 0, 18, 20, 168, 4, 35081, 26255, 29537, 2, 0, 0, 384
307,6,23, 1050886,benign, 558, 149, 8556, 0, 5825, 2688, 2, 464, 700, 0, 200, 33599, 397, 3, 41, 6873, 331, 445, 5, 13359, 9387, 19524, 0, 0, 25, 4704, 4894, 8490, 42, 0, 0, 18, 20, 158, 3, 34063, 25434, 28906, 2, 0, 0, 443
308,3,7, 1054480,SDC, 644, 148, 8553, 3, 5822, 2694, 1, 464, 694, 0, 195, 33578, 392, 3, 40, 7022, 325, 445, 5, 13578, 9643, 19472, 0, 0, 25, 4711, 4884, 8482, 42, 0, 0, 18, 20, 158, 4, 34160, 25522, 29019, 2, 0, 0, 317
309,3,20, 1060152,benign, 494, 148, 8545, 2, 5818, 2685, 1, 464, 699, 0, 193, 33047, 397, 3, 38, 6467, 302, 504, 5, 12826, 8782, 19485, 0, 0, 25, 4446, 5161, 8477, 34, 0, 0, 18, 20, 158, 3, 33669, 24857, 28105, 1, 0, 0, 317
310,5,15, 1050376,benign, 514, 146, 8561, 3, 5827, 2697, 3, 464, 699, 0, 195, 33301, 397, 3, 43, 6942, 364, 443, 5, 13019, 9000, 19479, 0, 0, 25, 4700, 4901, 8487, 42, 0, 0, 18, 20, 159, 3, 33970, 24912, 28418, 2, 0, 0, 323
311,6,25, 1051068,benign, 535, 145, 8557, 3, 5824, 2688, 1, 464, 699, 0, 197, 33209, 397, 3, 42, 6564, 309, 444, 5, 13371, 9376, 19485, 0, 0, 25, 4713, 4888, 8478, 34, 0, 0, 18, 20, 160, 3, 34323, 25089, 28590, 2, 0, 0, 317
312,7,31, 1057856,benign, 749, 148, 8585, 3, 5835, 2689, 5, 464, 699, 0, 198, 33484, 397, 3, 41, 7382, 332, 510, 5, 13674, 9689, 19488, 0, 0, 25, 4977, 4757, 8474, 42, 0, 0, 18, 20, 278, 4, 34691, 25743, 29047, 2, 0, 0, 316
313,3,10, 1057380,benign, 731, 148, 8572, 3, 5822, 2692, 2, 464, 699, 0, 194, 33900, 397, 3, 42, 7534, 292, 504, 5, 13589, 9538, 19481, 0, 0, 25, 4812, 4828, 8484, 42, 0, 0, 18, 20, 159, 3, 34205, 25769, 29245, 2, 0, 0, 322
314,1,26, 1054216,SDC, 632, 146, 8564, 3, 5819, 2694, 1, 464, 694, 0, 202, 33676, 392, 3, 44, 7175, 334, 443, 5, 13214, 9146, 19447, 0, 0, 25, 4718, 4882, 8481, 42, 0, 0, 18, 20, 158, 3, 34252, 25471, 28939, 2, 0, 0, 320
315,4,10, 1055083,benign, 696, 149, 8562, 1, 5821, 2687, 2, 464, 699, 0, 201, 33904, 397, 3, 40, 7408, 325, 499, 5, 13364, 9404, 19501, 0, 0, 25, 4792, 4950, 8473, 42, 0, 0, 18, 20, 353, 2, 34911, 25903, 29290, 2, 0, 0, 377
316,2,25, 1052068,benign, 567, 147, 8559, 3, 5826, 2688, 2, 464, 699, 0, 194, 33285, 397, 3, 40, 6975, 328, 569, 5, 13692, 9700, 19479, 0, 0, 25, 4722, 4880, 8481, 42, 0, 0, 18, 20, 158, 4, 34362, 25540, 28834, 2, 0, 0, 319
317,10,19, 1052153,benign, 603, 149, 8560, 0, 5825, 2689, 1, 464, 699, 0, 193, 33993, 397, 3, 41, 7032, 281, 456, 5, 13745, 9571, 19507, 0, 0, 25, 4734, 4905, 8484, 42, 0, 0, 18, 20, 158, 3, 34631, 25443, 28894, 2, 0, 0, 376
318,8,10, 1054151,benign, 655, 147, 8567, 0, 5828, 2689, 2, 464, 699, 0, 199, 33741, 397, 3, 41, 7511, 331, 445, 5, 13374, 9393, 19493, 0, 0, 25, 4715, 4882, 8485, 42, 0, 0, 18, 20, 157, 3, 34511, 25401, 28691, 2, 0, 0, 384
319,10,9, 1056482,benign, 725, 148, 8576, 0, 5829, 2689, 2, 464, 699, 0, 201, 34110, 397, 3, 41, 7491, 324, 445, 5, 13801, 9803, 19504, 0, 0, 25, 4956, 4638, 8489, 42, 0, 0, 18, 20, 166, 3, 34805, 25821, 29103, 2, 0, 0, 316
320,5,5, 1052334,benign, 604, 150, 8559, 0, 5822, 2694, 5, 464, 699, 0, 194, 34130, 397, 3, 42, 6803, 307, 499, 5, 14125, 10093, 19551, 0, 0, 25, 4868, 4992, 8481, 42, 0, 0, 18, 20, 166, 3, 34365, 25637, 28996, 2, 0, 0, 317
321,7,30, 1050737,benign, 556, 147, 8560, 0, 5826, 2693, 1, 464, 699, 0, 194, 33681, 397, 3, 41, 6748, 309, 503, 5, 13614, 9625, 19518, 0, 0, 25, 4700, 4891, 8478, 42, 0, 0, 18, 20, 306, 3, 34032, 25563, 28815, 2, 0, 0, 377
322,8,6, 1056837,benign, 742, 147, 8575, 0, 5827, 2696, 1, 464, 699, 0, 193, 33918, 397, 3, 44, 7475, 313, 573, 5, 13835, 9860, 19504, 0, 0, 25, 4797, 4943, 8481, 42, 0, 0, 18, 20, 161, 3, 34724, 25796, 29085, 2, 0, 0, 319
323,4,26, 1059449,benign, 818, 148, 8585, 0, 5826, 2688, 2, 464, 699, 0, 196, 33906, 397, 3, 41, 7605, 303, 444, 5, 14017, 9801, 19501, 0, 0, 25, 4707, 4899, 8484, 42, 0, 0, 18, 20, 161, 2, 35058, 25961, 29462, 1, 0, 0, 317
324,3,21, 1052061,benign, 587, 149, 8568, 0, 5834, 2687, 2, 464, 699, 0, 202, 33747, 397, 3, 41, 6712, 289, 530, 5, 13648, 9656, 19508, 0, 0, 25, 4723, 4879, 8482, 42, 0, 0, 18, 20, 158, 3, 33994, 25162, 28690, 2, 0, 0, 317
325,9,5, 1058346,benign, 796, 149, 8570, 0, 5822, 2687, 1, 464, 699, 0, 200, 33876, 397, 3, 41, 7851, 340, 504, 5, 14158, 10107, 19546, 0, 0, 25, 4715, 4890, 8490, 42, 0, 0, 18, 20, 158, 4, 34754, 25953, 29226, 2, 0, 0, 322
326,6,15, 1055101,benign, 683, 147, 8566, 0, 5830, 2695, 1, 464, 699, 0, 195, 33652, 397, 3, 41, 6980, 306, 442, 5, 13703, 9593, 19516, 0, 0, 25, 4830, 5024, 8489, 42, 0, 0, 19, 23, 163, 3, 34502, 25931, 29387, 2, 0, 0, 376
327,1,14, 1053754,benign, 648, 147, 8568, 0, 5829, 2698, 2, 464, 699, 0, 195, 33668, 397, 3, 41, 7034, 536, 515, 5, 13772, 9763, 19497, 0, 0, 25, 4790, 4810, 8480, 41, 0, 0, 18, 20, 158, 3, 34059, 25598, 28886, 2, 0, 0, 317
328,1,28, 1052586,benign, 603, 148, 8566, 0, 5829, 2697, 1, 464, 699, 0, 210, 33767, 397, 3, 44, 6923, 329, 541, 5, 13266, 9285, 19490, 0, 0, 25, 4785, 4937, 8484, 41, 0, 0, 19, 23, 162, 4, 34120, 25829, 29171, 2, 0, 0, 378
329,2,29, 1060254,benign, 526, 148, 8558, 0, 5825, 2687, 1, 464, 699, 0, 190, 33294, 397, 3, 42, 6817, 306, 453, 5, 13155, 9121, 19503, 0, 0, 25, 4767, 4971, 8479, 36, 0, 0, 18, 20, 157, 3, 34005, 25318, 28606, 2, 0, 0, 317
330,9,22, 1051644,benign, 555, 147, 8570, 3, 5830, 2694, 1, 464, 699, 0, 197, 32951, 397, 3, 43, 6697, 330, 444, 5, 13079, 9121, 19573, 0, 0, 25, 4971, 4768, 8484, 42, 0, 0, 18, 20, 160, 3, 34328, 25444, 28721, 2, 0, 0, 319
331,4,2, 1051813,benign, 594, 148, 8558, 2, 5829, 2696, 2, 464, 699, 0, 194, 33725, 397, 3, 41, 6984, 327, 597, 6, 13589, 9660, 19508, 0, 0, 25, 4806, 4793, 8490, 42, 0, 0, 18, 20, 166, 4, 34626, 25677, 28946, 1, 0, 0, 316
332,6,26, 1057755,benign, 769, 148, 8578, 0, 5822, 2688, 2, 464, 699, 0, 196, 34152, 397, 3, 42, 7368, 317, 442, 5, 13595, 9671, 19517, 0, 0, 25, 4797, 4843, 8490, 42, 0, 0, 18, 20, 166, 4, 34575, 25740, 29012, 2, 0, 0, 322
333,10,9, 1052170,benign, 602, 150, 8550, 0, 5825, 2688, 1, 464, 699, 0, 195, 33704, 397, 3, 41, 7092, 289, 510, 5, 13858, 9727, 19511, 0, 0, 25, 4806, 4969, 8507, 42, 0, 0, 18, 20, 158, 3, 34630, 25487, 28741, 2, 0, 0, 321
334,3,24, 1057535,benign, 761, 148, 8566, 0, 5828, 2693, 1, 464, 699, 0, 193, 34249, 397, 3, 41, 7389, 303, 518, 5, 13933, 9802, 19520, 0, 0, 25, 4728, 4872, 8486, 42, 0, 0, 18, 20, 158, 3, 34728, 25980, 29321, 2, 0, 0, 316
335,5,23, 1058156,benign, 759, 148, 8574, 3, 5830, 2697, 2, 464, 699, 0, 196, 33812, 397, 3, 42, 7464, 342, 451, 5, 13952, 9968, 19482, 0, 0, 25, 4726, 4871, 8482, 41, 0, 0, 18, 20, 159, 3, 34367, 25551, 28820, 2, 0, 0, 376
336,1,13, 1053554,benign, 643, 148, 8569, 0, 5827, 2688, 2, 464, 699, 0, 202, 33826, 397, 3, 41, 7003, 326, 661, 5, 13088, 9090, 19497, 0, 0, 25, 4961, 4762, 8478, 42, 0, 0, 18, 20, 160, 4, 33989, 25511, 28845, 2, 0, 0, 319
337,7,15, 1054939,benign, 694, 146, 8563, 0, 5828, 2697, 2, 464, 699, 0, 198, 33954, 397, 3, 41, 6879, 297, 730, 5, 13692, 9677, 19507, 0, 0, 25, 4715, 4880, 8488, 42, 0, 0, 18, 20, 158, 3, 34521, 25699, 28973, 2, 0, 0, 319
338,5,5, 1059044,benign, 785, 145, 8578, 3, 5828, 2695, 1, 464, 699, 0, 196, 33888, 397, 3, 40, 7359, 304, 444, 5, 13602, 9588, 19476, 0, 0, 25, 4804, 4977, 8496, 42, 0, 0, 18, 20, 207, 2, 34084, 25907, 29196, 2, 0, 0, 317
339,6,21, 1052139,benign, 588, 148, 8559, 1, 5825, 2688, 2, 464, 699, 0, 198, 33993, 397, 3, 41, 6887, 504, 505, 5, 13689, 9690, 19519, 0, 0, 25, 4849, 5011, 8490, 42, 0, 0, 18, 20, 166, 3, 34071, 25485, 28787, 2, 0, 0, 378
340,5,30, 1055906,benign, 710, 148, 8569, 0, 5823, 2688, 6, 464, 699, 0, 196, 33661, 397, 3, 41, 7351, 310, 471, 5, 13703, 9782, 19524, 0, 0, 25, 4790, 4852, 8482, 42, 0, 0, 19, 23, 160, 4, 34336, 25785, 29072, 2, 0, 0, 319
341,7,25, 1057889,benign, 767, 148, 8583, 0, 5823, 2691, 1, 464, 699, 0, 197, 34018, 397, 3, 41, 7404, 467, 445, 5, 13740, 9726, 19490, 0, 0, 25, 4786, 4814, 8487, 42, 0, 0, 18, 20, 158, 4, 34656, 26168, 29427, 2, 0, 0, 447
342,0,21, 1051662,benign, 583, 147, 8569, 0, 5829, 2693, 1, 464, 699, 0, 201, 33549, 397, 3, 41, 7154, 300, 447, 5, 13596, 9588, 19504, 0, 0, 25, 4718, 4891, 8488, 42, 0, 0, 18, 20, 159, 3, 33992, 25607, 28892, 2, 0, 0, 376
343,2,5, 1053853,benign, 644, 147, 8575, 0, 5829, 2694, 3, 464, 699, 0, 198, 33692, 397, 3, 41, 6813, 291, 443, 5, 13841, 9699, 19504, 0, 0, 25, 4704, 4896, 8487, 42, 0, 0, 19, 23, 162, 3, 34182, 25606, 28876, 2, 0, 0, 376
344,6,12, 1057670,benign, 760, 147, 8581, 0, 5831, 2697, 1, 464, 699, 0, 198, 34042, 397, 3, 41, 7298, 309, 513, 5, 13960, 9736, 19514, 0, 0, 25, 4726, 4875, 8482, 42, 0, 0, 18, 20, 159, 4, 34482, 25997, 29283, 2, 0, 0, 319
345,6,9, 1052670,benign, 623, 148, 8573, 0, 5829, 2691, 1, 464, 699, 0, 196, 33950, 397, 3, 41, 6869, 315, 443, 5, 13378, 9379, 19497, 0, 0, 25, 4801, 4805, 8482, 42, 0, 0, 19, 23, 160, 3, 34060, 25767, 29250, 2, 0, 0, 319
346,10,17, 1051011,benign, 561, 150, 8550, 0, 5823, 2693, 1, 464, 699, 0, 193, 33526, 397, 3, 41, 6848, 486, 448, 5, 13680, 9666, 19497, 0, 0, 25, 4782, 4959, 8488, 42, 0, 0, 18, 20, 158, 4, 34248, 25681, 28976, 2, 0, 0, 320
347,7,31, 1058512,benign, 767, 147, 8580, 3, 5828, 2693, 1, 464, 699, 0, 195, 34218, 397, 3, 41, 7735, 246, 446, 5, 13908, 9925, 19463, 0, 0, 25, 4769, 4841, 8486, 42, 0, 0, 18, 20, 161, 3, 34318, 25443, 28718, 2, 0, 0, 608
348,5,15, 1051769,benign, 583, 147, 8558, 0, 5825, 2688, 1, 464, 699, 0, 198, 33423, 397, 3, 41, 6631, 309, 445, 5, 13521, 9515, 19520, 0, 0, 25, 4705, 4904, 8487, 42, 0, 0, 18, 20, 160, 3, 34561, 25351, 28651, 2, 0, 0, 446
349,3,10, 1053487,SDC, 628, 149, 8565, 0, 5823, 2696, 2, 464, 694, 0, 198, 33487, 392, 3, 41, 6706, 319, 446, 5, 13768, 9847, 19497, 0, 0, 25, 4958, 4633, 8485, 42, 0, 0, 18, 20, 160, 3, 33964, 25881, 29192, 2, 0, 0, 319
350,8,30, 1054163,benign, 667, 147, 8562, 0, 5831, 2696, 4, 464, 699, 0, 196, 33695, 397, 3, 41, 7101, 331, 452, 5, 13267, 9324, 19489, 0, 0, 25, 4775, 4836, 8483, 42, 0, 0, 18, 20, 158, 4, 34486, 25676, 28946, 2, 0, 0, 322
351,1,13, 1056549,benign, 732, 148, 8574, 0, 5826, 2686, 1, 464, 699, 0, 195, 33800, 397, 3, 42, 7529, 334, 443, 5, 14137, 10210, 19545, 0, 0, 25, 4749, 4898, 8498, 40, 0, 0, 18, 20, 267, 4, 34664, 26070, 29519, 2, 0, 0, 384
352,9,26, 1055946,benign, 725, 148, 8567, 0, 5827, 2696, 1, 464, 699, 0, 195, 33731, 397, 3, 41, 7455, 313, 505, 5, 13334, 9401, 19513, 0, 0, 25, 4926, 5107, 8484, 42, 0, 0, 18, 20, 160, 3, 34409, 25892, 29285, 2, 0, 0, 323
353,5,25, 1056776,benign, 714, 147, 8569, 3, 5826, 2689, 2, 464, 699, 0, 196, 33666, 397, 3, 40, 7315, 414, 447, 5, 13576, 9559, 19482, 0, 0, 25, 4734, 4868, 8483, 42, 0, 0, 18, 20, 159, 3, 34218, 26138, 29575, 2, 0, 0, 316
354,8,22, 1051956,benign, 563, 147, 8561, 3, 5827, 2696, 1, 464, 699, 0, 203, 33094, 397, 3, 39, 6752, 332, 437, 5, 13307, 9327, 19504, 0, 0, 25, 4971, 4631, 8482, 42, 0, 0, 18, 20, 189, 2, 33736, 25278, 28814, 2, 0, 0, 319
355,6,8, 1050106,benign, 525, 149, 8549, 0, 5828, 2687, 1, 464, 699, 0, 200, 33450, 397, 3, 41, 6632, 310, 501, 5, 13580, 9441, 19505, 0, 0, 25, 4453, 5147, 8479, 42, 0, 0, 18, 20, 166, 2, 33848, 25640, 28897, 2, 0, 0, 319
356,6,26, 1057042,benign, 750, 149, 8575, 0, 5826, 2689, 2, 464, 699, 0, 199, 34451, 397, 3, 41, 7292, 331, 447, 5, 13622, 9650, 19501, 0, 0, 25, 4867, 4987, 8487, 42, 0, 0, 18, 20, 159, 3, 34726, 25776, 29075, 2, 0, 0, 316
357,4,4, 1056564,benign, 707, 146, 8572, 3, 5824, 2690, 1, 464, 699, 0, 201, 33470, 397, 3, 42, 7422, 324, 454, 5, 13474, 9507, 19491, 0, 0, 25, 4750, 4871, 8479, 42, 0, 0, 18, 20, 153, 2, 34514, 25473, 28728, 2, 0, 0, 316
358,8,11, 1059827,benign, 828, 149, 8579, 0, 5823, 2690, 2, 464, 699, 0, 199, 33985, 397, 3, 43, 7464, 291, 571, 5, 14193, 9985, 19502, 0, 0, 25, 4897, 4700, 8478, 41, 0, 0, 18, 20, 158, 3, 35161, 25717, 29162, 2, 0, 0, 384
359,2,14, 1053972,benign, 625, 145, 8563, 3, 5831, 2697, 3, 464, 700, 0, 199, 32966, 397, 3, 40, 6972, 319, 506, 5, 13597, 9692, 19483, 0, 0, 25, 4724, 4883, 8484, 42, 0, 0, 18, 20, 159, 3, 34212, 25271, 28743, 2, 0, 0, 317
360,4,8, 1052370,benign, 595, 147, 8568, 1, 5823, 2686, 2, 464, 699, 0, 196, 33790, 397, 3, 41, 6791, 302, 439, 5, 13015, 9071, 19524, 0, 0, 25, 4728, 4874, 8487, 42, 0, 0, 18, 20, 155, 2, 34554, 25545, 28848, 2, 0, 0, 319
361,6,4, 1054761,benign, 669, 147, 8562, 0, 5826, 2693, 2, 464, 699, 0, 197, 33737, 397, 3, 42, 7136, 292, 445, 5, 13806, 9789, 19481, 0, 0, 25, 4968, 4675, 8482, 42, 0, 0, 18, 20, 158, 4, 34614, 25446, 28740, 2, 0, 0, 319
362,3,9, 1053748,SDC, 622, 150, 8556, 4, 5815, 2687, 1, 464, 694, 0, 195, 33218, 392, 3, 42, 7232, 316, 442, 5, 13396, 9245, 19464, 0, 0, 25, 4709, 4881, 8482, 42, 0, 0, 18, 20, 157, 4, 33697, 25245, 28539, 2, 0, 0, 317
363,9,19, 1053172,benign, 600, 148, 8560, 3, 5824, 2692, 2, 464, 699, 0, 211, 33325, 397, 3, 42, 7343, 307, 454, 5, 13301, 9073, 19478, 0, 0, 25, 4708, 4882, 8479, 42, 0, 0, 19, 23, 161, 3, 33879, 25016, 28406, 2, 0, 0, 317
364,6,16, 1050678,benign, 557, 148, 8557, 0, 5830, 2696, 1, 464, 699, 0, 194, 33580, 397, 3, 45, 6801, 338, 443, 5, 13574, 9590, 19514, 0, 0, 25, 4715, 4908, 8490, 42, 0, 0, 18, 20, 157, 4, 34044, 25526, 28823, 2, 0, 0, 316
365,7,31, 1051028,benign, 533, 146, 8568, 3, 5829, 2691, 2, 464, 699, 0, 202, 33172, 397, 3, 42, 7180, 296, 444, 5, 13114, 9149, 19479, 0, 0, 25, 4710, 4890, 8488, 42, 0, 0, 18, 20, 158, 4, 34289, 25077, 28309, 2, 0, 0, 378
366,9,20, 1059116,benign, 787, 145, 8574, 3, 5826, 2689, 1, 464, 699, 0, 195, 33861, 397, 3, 40, 7321, 336, 509, 5, 13840, 9840, 19463, 0, 0, 25, 4703, 4904, 8486, 42, 0, 0, 18, 20, 159, 3, 34607, 25507, 28779, 2, 0, 0, 394
367,7,8, 1050328,benign, 512, 146, 8556, 3, 5825, 2690, 5, 464, 699, 0, 199, 33277, 397, 3, 42, 6742, 315, 454, 5, 13295, 9331, 19471, 0, 0, 25, 4684, 4921, 8479, 42, 0, 0, 18, 20, 158, 4, 34076, 25064, 28433, 2, 0, 0, 317
368,0,27, 1049955,benign, 519, 147, 8556, 0, 5825, 2696, 1, 464, 699, 0, 196, 33483, 397, 3, 42, 7055, 270, 456, 5, 13036, 9098, 19495, 0, 0, 25, 4563, 5157, 8490, 42, 0, 0, 18, 20, 168, 3, 33969, 25523, 28782, 2, 0, 0, 316
369,1,29, 1052324,benign, 577, 147, 8568, 3, 5829, 2690, 2, 464, 699, 0, 203, 33478, 397, 3, 41, 7303, 270, 448, 5, 13426, 9398, 19481, 0, 0, 25, 4730, 4879, 8484, 42, 0, 0, 18, 20, 166, 4, 34407, 25568, 28930, 2, 0, 0, 316
370,7,26, 1054959,benign, 686, 146, 8559, 0, 5828, 2697, 2, 464, 699, 0, 197, 33847, 397, 3, 41, 7012, 319, 444, 5, 13676, 9674, 19494, 0, 0, 25, 4717, 4881, 8478, 42, 0, 0, 18, 20, 161, 3, 34192, 25566, 28871, 2, 0, 0, 320
371,9,10, 1060075,benign, 435, 148, 8556, 0, 5821, 2693, 1, 464, 699, 0, 186, 33110, 397, 3, 40, 6358, 287, 595, 5, 12600, 8589, 19483, 0, 0, 25, 4479, 5165, 8484, 42, 0, 0, 18, 20, 158, 3, 33333, 24667, 27869, 2, 0, 0, 319
372,5,8, 1051912,benign, 562, 147, 8575, 3, 5827, 2689, 1, 464, 699, 0, 203, 33530, 397, 3, 40, 7181, 327, 449, 5, 12967, 8921, 19474, 0, 0, 25, 5074, 4749, 8482, 42, 0, 0, 18, 20, 158, 3, 33555, 25521, 28826, 2, 0, 0, 319
373,9,23, 1056833,benign, 748, 148, 8572, 1, 5826, 2694, 2, 464, 699, 0, 196, 34161, 397, 3, 41, 7507, 317, 730, 5, 13852, 9814, 19490, 0, 0, 25, 4729, 4867, 8476, 42, 0, 0, 18, 20, 158, 4, 34670, 25865, 29164, 2, 0, 0, 321
374,0,17, 1050456,SDC, 515, 145, 8555, 3, 5821, 2694, 1, 464, 694, 0, 196, 33157, 392, 3, 41, 6807, 344, 452, 5, 12906, 8919, 19477, 0, 0, 25, 4754, 4957, 8487, 42, 0, 0, 18, 20, 158, 4, 34146, 25213, 28499, 2, 0, 0, 319
375,1,15, 1052805,benign, 620, 146, 8567, 0, 5825, 2691, 1, 464, 699, 0, 204, 33468, 397, 3, 41, 6820, 310, 503, 5, 13155, 9201, 19519, 0, 0, 25, 4780, 4820, 8487, 42, 0, 0, 18, 20, 160, 3, 34181, 25749, 29062, 2, 0, 0, 384
376,3,25, 1059239,SDC, 812, 148, 8570, 0, 5823, 2686, 2, 464, 694, 0, 204, 33939, 392, 3, 43, 7977, 304, 443, 5, 14409, 10463, 19553, 0, 0, 25, 4718, 4888, 8482, 42, 0, 0, 18, 20, 157, 3, 34345, 25844, 29145, 2, 0, 0, 321
377,10,25, 1051493,benign, 575, 149, 8558, 0, 5825, 2695, 1, 464, 699, 0, 194, 33600, 397, 3, 41, 6659, 335, 450, 5, 13891, 9675, 19502, 0, 0, 25, 4779, 4951, 8482, 42, 0, 0, 18, 20, 160, 3, 33875, 25251, 28558, 2, 0, 0, 317
378,7,22, 1057127,benign, 759, 147, 8577, 0, 5830, 2695, 1, 464, 699, 0, 195, 33905, 397, 3, 43, 7667, 311, 445, 5, 13680, 9765, 19525, 0, 0, 25, 4789, 4936, 8479, 42, 0, 0, 19, 23, 159, 3, 34452, 26173, 29673, 2, 0, 0, 317
379,0,2, 1056363,benign, 736, 147, 8570, 0, 5823, 2694, 1, 464, 699, 0, 197, 33829, 397, 3, 41, 7357, 315, 444, 5, 13869, 9939, 19521, 0, 0, 25, 4758, 4882, 8488, 42, 0, 0, 18, 20, 159, 3, 34519, 25901, 29163, 2, 0, 0, 317
380,9,16, 1057161,benign, 762, 147, 8579, 0, 5825, 2689, 1, 464, 699, 0, 197, 33863, 397, 3, 41, 7365, 321, 454, 5, 13710, 9727, 19493, 0, 0, 25, 4744, 4859, 8479, 41, 0, 0, 18, 20, 158, 4, 34939, 25901, 29311, 2, 0, 0, 316
381,9,28, 1055689,benign, 704, 147, 8571, 0, 5825, 2691, 2, 464, 699, 0, 202, 33844, 397, 3, 42, 7192, 362, 444, 5, 13686, 9682, 19528, 0, 0, 25, 4787, 4939, 8486, 42, 0, 0, 18, 20, 158, 4, 34738, 25868, 29133, 2, 0, 0, 317
382,6,8, 1056073,benign, 714, 147, 8576, 0, 5828, 2696, 1, 464, 699, 0, 200, 34219, 397, 3, 43, 7178, 344, 454, 5, 13664, 9697, 19513, 0, 0, 25, 4782, 4820, 8477, 42, 0, 0, 18, 20, 159, 3, 34616, 25920, 29205, 2, 0, 0, 316
383,3,10, 1049923,SDC, 519, 150, 8556, 1, 5822, 2696, 1, 464, 694, 0, 199, 33406, 392, 3, 44, 6669, 538, 479, 6, 13188, 9172, 19495, 0, 0, 25, 4694, 4896, 8479, 42, 0, 0, 18, 20, 195, 6, 34153, 25530, 28943, 3, 0, 0, 319
384,4,28, 1054484,benign, 644, 147, 8559, 2, 5827, 2691, 1, 464, 699, 0, 196, 33404, 397, 3, 39, 6977, 314, 439, 5, 13843, 9869, 19487, 0, 0, 25, 4897, 4705, 8482, 42, 0, 0, 18, 20, 153, 2, 34310, 25566, 28858, 1, 0, 0, 378
385,7,7, 1059057,benign, 807, 147, 8590, 0, 5833, 2685, 2, 464, 699, 0, 197, 34138, 397, 3, 41, 7725, 331, 503, 5, 14202, 10221, 19554, 0, 0, 25, 4730, 4878, 8474, 42, 0, 0, 18, 20, 159, 3, 34620, 25740, 29101, 2, 0, 0, 379
386,2,7, 1055557,SDC, 693, 148, 8567, 0, 5819, 2694, 1, 464, 694, 0, 197, 34107, 392, 3, 41, 7439, 307, 573, 5, 13814, 9867, 19490, 0, 0, 25, 4724, 4893, 8487, 42, 0, 0, 18, 20, 159, 3, 34628, 26099, 29369, 2, 0, 0, 316
387,4,19, 1058243,benign, 777, 149, 8572, 0, 5821, 2687, 2, 464, 699, 0, 197, 34496, 397, 3, 39, 7544, 295, 451, 5, 14316, 10349, 19558, 0, 0, 25, 4795, 4811, 8484, 42, 0, 0, 18, 20, 153, 2, 34514, 25885, 29249, 1, 0, 0, 323
388,0,27, 1057600,benign, 740, 147, 8580, 3, 5827, 2696, 1, 464, 699, 0, 197, 33852, 397, 3, 40, 7301, 291, 445, 5, 13697, 9744, 19483, 0, 0, 25, 4709, 4883, 8481, 42, 0, 0, 18, 20, 158, 3, 34197, 25571, 29099, 2, 0, 0, 317
389,8,18, 1051673,benign, 575, 149, 8558, 0, 5827, 2696, 2, 464, 699, 0, 202, 33644, 397, 3, 41, 7068, 565, 506, 5, 13201, 9193, 19500, 0, 0, 25, 4775, 4946, 8489, 42, 0, 0, 18, 20, 160, 3, 34009, 25211, 28719, 2, 0, 0, 317
390,8,16, 1058468,benign, 765, 147, 8566, 2, 5826, 2694, 5, 464, 700, 0, 197, 33721, 397, 3, 41, 7356, 287, 448, 5, 13866, 9822, 19484, 0, 0, 25, 4892, 5068, 8492, 42, 0, 0, 18, 20, 160, 4, 34455, 25669, 29072, 2, 0, 0, 316
391,6,10, 1050925,benign, 566, 148, 8561, 0, 5828, 2690, 5, 464, 699, 0, 200, 33246, 397, 3, 41, 6519, 300, 512, 5, 13385, 9411, 19485, 0, 0, 25, 4725, 4882, 8489, 42, 0, 0, 18, 20, 160, 4, 34375, 25575, 28935, 2, 0, 0, 378
392,3,24, 1058275,SDC, 794, 149, 8569, 0, 5822, 2697, 2, 464, 694, 0, 205, 33957, 392, 3, 41, 7165, 303, 741, 5, 14236, 10203, 19531, 0, 0, 25, 4707, 4892, 8481, 42, 0, 0, 18, 20, 159, 3, 34544, 26173, 29654, 2, 0, 0, 379
393,9,31, 1059415,benign, 815, 147, 8568, 0, 5828, 2686, 2, 464, 699, 0, 196, 34278, 397, 3, 41, 8115, 313, 444, 5, 14319, 10304, 19556, 0, 0, 25, 4711, 4891, 8483, 42, 0, 0, 18, 20, 361, 3, 34778, 25593, 28873, 2, 0, 0, 384
394,6,22, 1052374,benign, 613, 149, 8560, 0, 5824, 2688, 1, 464, 699, 0, 197, 33490, 397, 3, 41, 6710, 325, 463, 5, 13305, 9281, 19490, 0, 0, 25, 4720, 4881, 8481, 42, 0, 0, 18, 20, 160, 3, 34214, 25354, 28824, 2, 0, 0, 386
395,0,2, 1050231,benign, 534, 150, 8562, 0, 5831, 2695, 2, 464, 699, 0, 199, 33695, 397, 3, 43, 6890, 341, 443, 5, 13257, 9298, 19501, 0, 0, 25, 4724, 4874, 8496, 42, 0, 0, 18, 20, 161, 3, 34281, 25694, 29023, 2, 0, 0, 447
396,6,16, 1055236,benign, 666, 146, 8574, 3, 5832, 2688, 1, 464, 699, 0, 201, 33818, 397, 3, 41, 7246, 322, 444, 5, 13439, 9542, 19517, 0, 0, 25, 4736, 4868, 8480, 42, 0, 0, 18, 20, 159, 4, 34277, 25592, 28964, 2, 0, 0, 321
397,7,12, 1059158,benign, 805, 146, 8570, 0, 5828, 2695, 2, 464, 699, 0, 195, 34027, 397, 3, 43, 7686, 339, 451, 5, 14156, 10140, 19544, 0, 0, 25, 4786, 4945, 8479, 40, 0, 0, 18, 20, 172, 4, 34729, 26008, 29279, 2, 0, 0, 321
398,0,1, 1052115,benign, 601, 146, 8568, 0, 5830, 2687, 1, 464, 699, 0, 199, 33970, 397, 3, 41, 7068, 308, 505, 5, 13290, 9294, 19490, 0, 0, 25, 4731, 4861, 8485, 42, 0, 0, 18, 20, 158, 4, 34219, 25798, 29074, 2, 0, 0, 319
399,1,26, 1059314,benign, 827, 149, 8584, 0, 5821, 2688, 1, 464, 699, 0, 197, 34353, 397, 3, 43, 7573, 249, 662, 5, 13831, 9865, 19516, 0, 0, 25, 4972, 4629, 8488, 42, 0, 0, 18, 20, 159, 3, 34634, 26055, 29396, 2, 0, 0, 319
400,5,24, 1053494,benign, 630, 148, 8563, 0, 5826, 2695, 1, 464, 699, 0, 194, 33356, 397, 3, 42, 6939, 305, 444, 5, 13711, 9698, 19490, 0, 0, 25, 4908, 5063, 8486, 42, 0, 0, 18, 20, 157, 4, 34309, 25558, 29060, 2, 0, 0, 316
401,5,29, 1059713,benign, 434, 148, 8556, 0, 5820, 2690, 2, 464, 699, 0, 187, 32688, 397, 3, 42, 6216, 292, 438, 5, 12804, 8740, 19514, 0, 0, 25, 4442, 5196, 8481, 42, 0, 0, 18, 20, 152, 2, 33194, 24749, 28087, 2, 0, 0, 319
402,9,20, 1059088,benign, 786, 145, 8576, 3, 5832, 2695, 1, 464, 699, 0, 198, 33823, 397, 3, 41, 7518, 298, 445, 5, 13813, 9813, 19464, 0, 0, 25, 4720, 4875, 8490, 41, 0, 0, 18, 20, 161, 3, 34482, 25968, 29296, 2, 0, 0, 318
403,3,1, 1051492,SDC, 549, 147, 8562, 3, 5823, 2699, 1, 464, 694, 0, 195, 33027, 392, 3, 40, 6636, 308, 505, 5, 13341, 9355, 19461, 0, 0, 25, 4713, 4886, 8485, 42, 0, 0, 18, 20, 161, 3, 33780, 25009, 28301, 2, 0, 0, 376
404,2,11, 1052511,SDC, 602, 147, 8563, 0, 5825, 2699, 1, 464, 694, 0, 195, 33515, 392, 3, 41, 7005, 517, 453, 5, 13358, 9430, 19488, 0, 0, 25, 4790, 4800, 8478, 42, 0, 0, 18, 20, 160, 3, 34160, 25279, 28658, 2, 0, 0, 317
405,4,8, 1057673,benign, 777, 147, 8573, 1, 5827, 2691, 1, 464, 699, 0, 194, 34582, 397, 3, 41, 7754, 300, 507, 5, 14436, 10179, 19537, 0, 0, 25, 4871, 4995, 8482, 42, 0, 0, 18, 20, 160, 4, 34849, 25486, 28775, 2, 0, 0, 385
406,9,22, 1051473,benign, 583, 147, 8567, 0, 5827, 2687, 3, 464, 699, 0, 194, 33893, 397, 3, 42, 6664, 282, 452, 5, 13425, 9368, 19499, 0, 0, 25, 4705, 4901, 8486, 42, 0, 0, 18, 20, 161, 3, 34292, 25361, 28785, 2, 0, 0, 320
407,2,16, 1054007,SDC, 659, 147, 8556, 0, 5822, 2697, 1, 464, 694, 0, 197, 33662, 392, 3, 41, 6809, 328, 540, 5, 13607, 9563, 19498, 0, 0, 25, 4733, 4905, 8491, 41, 0, 0, 18, 20, 160, 3, 34228, 25746, 29054, 2, 0, 0, 319
408,2,15, 1059976,benign, 789, 148, 8582, 3, 5826, 2697, 1, 464, 699, 0, 196, 33517, 397, 3, 42, 7394, 334, 443, 5, 14079, 10139, 19547, 0, 0, 25, 4711, 4897, 8492, 42, 0, 0, 18, 20, 162, 2, 34677, 25981, 29237, 2, 0, 0, 317
409,1,30, 1053736,benign, 620, 148, 8558, 3, 5826, 2696, 2, 464, 699, 0, 197, 33284, 397, 3, 42, 7298, 422, 441, 5, 13383, 9392, 19472, 0, 0, 25, 4788, 4822, 8478, 42, 0, 0, 18, 20, 280, 3, 34147, 25256, 28786, 2, 0, 0, 318
410,3,19, 1059834,SDC, 815, 147, 8586, 0, 5822, 2698, 2, 464, 694, 14, 194, 34664, 392, 3, 43, 7291, 359, 442, 5, 13805, 9880, 19521, 0, 0, 25, 4733, 4874, 8479, 42, 0, 0, 18, 20, 158, 3, 34501, 26301, 29600, 2, 0, 0, 317
411,9,25, 1052320,benign, 576, 146, 8557, 3, 5828, 2695, 1, 464, 699, 0, 197, 33164, 397, 3, 41, 6888, 361, 502, 5, 12948, 8963, 19490, 0, 0, 25, 4794, 4806, 8484, 42, 0, 0, 18, 20, 159, 2, 34041, 25154, 28623, 2, 0, 0, 320
412,4,29, 1050465,benign, 548, 150, 8560, 0, 5823, 2688, 2, 464, 699, 0, 197, 33356, 397, 3, 40, 6683, 295, 450, 5, 13432, 9398, 19502, 0, 0, 25, 4708, 4888, 8486, 42, 0, 0, 18, 20, 307, 3, 34363, 25737, 29212, 1, 0, 0, 316
413,0,24, 1053595,benign, 650, 149, 8574, 0, 5830, 2687, 3, 464, 699, 0, 196, 34014, 397, 3, 41, 6951, 306, 454, 5, 13352, 9169, 19495, 0, 0, 25, 4798, 4847, 8481, 42, 0, 0, 18, 20, 158, 3, 34431, 25616, 28909, 2, 0, 0, 319
414,7,22, 1052690,benign, 613, 149, 8566, 0, 5829, 2696, 2, 464, 699, 0, 198, 33697, 397, 3, 44, 6849, 332, 442, 5, 13392, 9409, 19520, 0, 0, 25, 4945, 5110, 8485, 42, 0, 0, 18, 20, 169, 3, 34086, 25756, 29041, 2, 0, 0, 319
415,8,10, 1055327,benign, 697, 147, 8569, 0, 5824, 2690, 1, 464, 699, 0, 199, 33840, 397, 3, 41, 7167, 309, 507, 5, 13471, 9473, 19521, 0, 0, 25, 4710, 4901, 8488, 42, 0, 0, 18, 20, 157, 4, 34080, 25887, 29174, 2, 0, 0, 320
416,3,22, 1051640,SDC, 553, 145, 8556, 3, 5822, 2693, 1, 464, 694, 0, 201, 33409, 392, 3, 40, 6620, 292, 509, 5, 13372, 9306, 19474, 0, 0, 25, 4718, 4882, 8486, 42, 0, 0, 18, 20, 166, 3, 34144, 25189, 28451, 2, 0, 0, 317
417,6,30, 1056874,benign, 743, 147, 8572, 0, 5828, 2696, 2, 464, 699, 0, 197, 33893, 397, 3, 41, 7229, 263, 445, 5, 13684, 9630, 19509, 0, 0, 25, 4981, 4656, 8487, 42, 0, 0, 18, 20, 160, 3, 34489, 25729, 29250, 2, 0, 0, 318
418,0,28, 1053060,benign, 598, 147, 8573, 3, 5830, 2691, 1, 464, 699, 0, 195, 33516, 397, 3, 41, 6815, 348, 456, 5, 13446, 9456, 19478, 0, 0, 25, 4712, 4883, 8480, 42, 0, 0, 18, 20, 181, 3, 33753, 25291, 28573, 2, 0, 0, 320
419,6,13, 1058972,benign, 782, 148, 8571, 3, 5828, 2692, 1, 464, 699, 0, 195, 33815, 397, 3, 40, 7490, 360, 445, 5, 13553, 9540, 19479, 0, 0, 25, 4706, 4888, 8480, 42, 0, 0, 18, 20, 158, 4, 34827, 25618, 28904, 2, 0, 0, 317
420,1,9, 1052507,benign, 601, 149, 8572, 0, 5826, 2689, 2, 464, 699, 0, 195, 33862, 397, 3, 42, 6809, 299, 441, 5, 13519, 9486, 19498, 0, 0, 25, 4749, 4862, 8484, 42, 0, 0, 18, 20, 264, 3, 34083, 25689, 28962, 2, 0, 0, 317
421,10,7, 1053246,benign, 632, 146, 8568, 0, 5827, 2695, 1, 464, 699, 0, 198, 33863, 397, 3, 41, 6880, 304, 509, 5, 13651, 9669, 19501, 0, 0, 25, 4724, 4879, 8477, 42, 0, 0, 18, 20, 158, 4, 34203, 25442, 28734, 2, 0, 0, 317
422,3,29, 1051728,benign, 558, 147, 8574, 3, 5829, 2695, 1, 464, 699, 0, 196, 33476, 397, 3, 40, 6910, 356, 444, 5, 12873, 8933, 19475, 0, 0, 25, 4769, 4944, 8482, 42, 0, 0, 18, 20, 162, 2, 33777, 24982, 28364, 2, 0, 0, 385
423,3,5, 1059455,SDC, 825, 149, 8567, 0, 5817, 2694, 2, 464, 694, 1, 200, 34014, 392, 3, 42, 7835, 297, 661, 5, 14094, 10006, 19547, 0, 0, 25, 4735, 4905, 8482, 42, 0, 0, 18, 20, 244, 5, 35156, 26076, 29344, 3, 0, 0, 316
424,7,21, 1058882,benign, 807, 149, 8579, 0, 5822, 2686, 2, 464, 699, 0, 194, 34036, 397, 3, 43, 7699, 338, 444, 5, 13995, 10020, 19547, 0, 0, 25, 4850, 5006, 8484, 42, 0, 0, 18, 20, 158, 4, 34753, 26212, 29491, 2, 0, 0, 319
425,1,17, 1055658,benign, 716, 150, 8558, 0, 5822, 2687, 1, 464, 699, 0, 198, 34049, 397, 3, 41, 7209, 302, 503, 5, 13412, 9438, 19492, 0, 0, 25, 4720, 4875, 8483, 42, 0, 0, 18, 20, 158, 4, 34509, 25955, 29247, 2, 0, 0, 317
426,9,20, 1055613,benign, 695, 149, 8566, 0, 5828, 2696, 1, 464, 699, 0, 196, 33870, 397, 3, 42, 7120, 273, 559, 5, 13832, 9876, 19525, 0, 0, 25, 4768, 4835, 8488, 42, 0, 0, 18, 20, 167, 3, 34473, 25597, 28885, 2, 0, 0, 415
427,10,7, 1059185,benign, 807, 148, 8578, 0, 5828, 2691, 1, 464, 699, 0, 193, 34113, 397, 3, 43, 7320, 293, 451, 5, 14086, 10077, 19557, 0, 0, 25, 4785, 4826, 8488, 42, 0, 0, 18, 20, 159, 3, 34363, 25827, 29090, 2, 0, 0, 319
428,8,3, 1055670,benign, 708, 149, 8565, 0, 5827, 2698, 1, 464, 699, 0, 200, 33814, 397, 3, 43, 7378, 312, 448, 5, 14050, 9924, 19522, 0, 0, 25, 4711, 4898, 8489, 42, 0, 0, 18, 20, 161, 3, 34490, 25508, 28835, 2, 0, 0, 317
429,3,26, 1058824,SDC, 779, 146, 8567, 3, 5820, 2690, 2, 464, 694, 0, 197, 34274, 392, 3, 40, 7599, 317, 513, 5, 13501, 9497, 19473, 0, 0, 25, 4766, 4831, 8479, 42, 0, 0, 18, 20, 158, 3, 34522, 25556, 28904, 2, 0, 0, 319
430,3,13, 1058970,SDC, 800, 149, 8565, 0, 5824, 2694, 1, 464, 694, 0, 198, 34183, 392, 3, 41, 7435, 301, 499, 5, 14098, 10163, 19525, 0, 0, 25, 4705, 4887, 8483, 42, 0, 0, 18, 20, 159, 3, 34483, 26362, 29767, 2, 0, 0, 319
431,0,10, 1060004,benign, 782, 147, 8577, 3, 5831, 2699, 2, 464, 699, 0, 206, 33938, 397, 3, 40, 7295, 281, 505, 5, 13314, 9408, 19502, 0, 0, 25, 4763, 4890, 8510, 42, 0, 0, 19, 23, 162, 3, 34802, 25932, 29226, 2, 0, 0, 378
432,10,5, 1052214,benign, 590, 146, 8567, 0, 5827, 2689, 1, 464, 699, 0, 196, 33428, 397, 3, 41, 7091, 328, 510, 5, 13500, 9509, 19513, 0, 0, 25, 5035, 4698, 8478, 42, 0, 0, 19, 23, 160, 4, 34296, 25429, 28767, 2, 0, 0, 321
433,7,3, 1054325,benign, 673, 147, 8564, 0, 5827, 2693, 2, 464, 699, 0, 201, 34045, 397, 3, 42, 7229, 333, 447, 5, 13679, 9675, 19491, 0, 0, 25, 4766, 4835, 8489, 42, 0, 0, 18, 20, 160, 3, 34244, 26012, 29309, 2, 0, 0, 321
434,6,9, 1051023,benign, 557, 147, 8554, 0, 5820, 2692, 6, 464, 700, 0, 196, 33362, 397, 3, 42, 7066, 306, 445, 5, 13349, 9317, 19509, 0, 0, 25, 4712, 4886, 8486, 42, 0, 0, 18, 20, 174, 4, 34331, 25595, 29018, 2, 0, 0, 319
435,9,13, 1052248,benign, 572, 146, 8567, 3, 5826, 2691, 1, 464, 699, 0, 199, 33483, 397, 3, 40, 7188, 331, 575, 5, 13335, 9385, 19458, 0, 0, 25, 4719, 4886, 8471, 42, 0, 0, 18, 20, 158, 3, 33778, 25567, 28998, 2, 0, 0, 316
436,2,7, 1051806,SDC, 583, 148, 8555, 0, 5817, 2690, 1, 464, 694, 0, 197, 33762, 392, 3, 41, 6629, 317, 445, 5, 13208, 9245, 19489, 0, 0, 25, 4728, 4874, 8489, 42, 0, 0, 18, 20, 158, 3, 34471, 25999, 29259, 2, 0, 0, 323
437,0,24, 1051087,benign, 559, 148, 8572, 0, 5832, 2691, 1, 464, 699, 0, 199, 33895, 397, 3, 42, 6592, 285, 444, 5, 13715, 9690, 19508, 0, 0, 25, 4776, 4938, 8483, 42, 0, 0, 18, 20, 158, 4, 34282, 25478, 28749, 2, 0, 0, 319
438,4,29, 1055958,benign, 713, 148, 8560, 0, 5829, 2694, 1, 464, 699, 0, 195, 33720, 397, 3, 40, 7184, 300, 439, 5, 13786, 9598, 19498, 0, 0, 25, 4856, 5003, 8479, 42, 0, 0, 18, 20, 153, 2, 34313, 25994, 29271, 1, 0, 0, 319
