num,reg,pos,loc,res,1,3,4,5,6,7,10,12,13,15,16,17,18,23,80,96,97,98,101,102,103,104,108,109,110,112,113,114,115,118,119,120,129,131,133,138,139,140,142,144,145,146
0,3,18, 1051122,SDC, 537, 22, 8803, 0, 5566, 2236, 41, 350, 534, 0, 170, 33326, 400, 398, 36, 6608, 333, 1, 2, 11670, 9503, 18734, 140, 175, 142, 5540, 5725, 7770, 42, 35, 29, 9, 4, 1, 1, 25552, 28999, 31231, 2, 155, 207, 251
1,6,19, 1054623,benign, 630, 22, 8811, 0, 5569, 2242, 41, 350, 539, 0, 158, 33599, 405, 397, 35, 6770, 294, 2, 2, 12125, 10127, 18808, 167, 203, 142, 5797, 5470, 7751, 42, 35, 29, 9, 4, 1, 0, 25637, 29105, 31353, 2, 397, 451, 495
2,0,4, 1059922,benign, 778, 23, 8817, 0, 5576, 2238, 42, 350, 539, 0, 161, 33955, 405, 400, 34, 7036, 261, 1, 3, 12471, 10300, 18824, 160, 195, 142, 5573, 5706, 7776, 41, 35, 29, 9, 5, 1, 0, 26182, 29430, 31662, 2, 187, 241, 285
3,2,22, 1055404,SDC, 633, 24, 8808, 4, 5564, 2242, 41, 350, 534, 0, 162, 33763, 400, 386, 35, 6900, 324, 1, 2, 11598, 9469, 18708, 173, 207, 139, 5556, 5712, 7748, 41, 35, 29, 8, 3, 1, 0, 25776, 29104, 31357, 2, 166, 218, 262
4,8,3, 1058905,benign, 761, 22, 8818, 0, 5572, 2234, 41, 351, 539, 0, 169, 33778, 405, 396, 38, 7395, 253, 2, 2, 12207, 10062, 18797, 137, 172, 142, 6045, 5215, 7755, 42, 35, 29, 8, 3, 7, 0, 25910, 29185, 31433, 2, 143, 195, 239
5,8,23, 1051169,benign, 529, 22, 8813, 0, 5570, 2239, 41, 350, 539, 0, 170, 33516, 405, 370, 35, 6522, 338, 7, 3, 11449, 9325, 18766, 123, 158, 142, 6048, 5206, 7760, 42, 35, 29, 9, 4, 1, 1, 25253, 28608, 30827, 2, 165, 217, 261
6,7,9, 1051793,benign, 545, 24, 8801, 0, 5570, 2234, 41, 350, 539, 0, 173, 33282, 405, 404, 37, 6600, 317, 7, 2, 11242, 9132, 18774, 168, 204, 142, 5552, 5713, 7750, 41, 35, 29, 8, 4, 1, 0, 25782, 29129, 31378, 2, 150, 202, 246
7,0,0, 1052204,benign, 533, 22, 8804, 4, 5567, 2240, 41, 350, 539, 0, 165, 33527, 405, 379, 34, 6452, 333, 123, 3, 11085, 8982, 18731, 134, 169, 142, 5556, 5712, 7776, 42, 35, 30, 9, 3, 1, 0, 25042, 28347, 30567, 2, 162, 214, 258
8,10,30, 1056901,benign, 698, 22, 8848, 0, 5569, 2235, 41, 350, 539, 0, 160, 33992, 405, 591, 35, 7124, 283, 7, 3, 11901, 9994, 18746, 123, 158, 142, 5814, 5442, 7757, 40, 35, 29, 8, 2, 1, 1, 25976, 29253, 31480, 2, 188, 241, 285
9,0,13, 1055724,benign, 645, 23, 8809, 4, 5567, 2237, 41, 350, 539, 0, 167, 33417, 405, 417, 36, 7087, 269, 2, 2, 11544, 9434, 18749, 146, 179, 144, 6065, 5204, 7750, 42, 35, 29, 8, 2, 1, 0, 25472, 28838, 31070, 2, 143, 195, 239
10,2,29, 1054633,benign, 635, 23, 8802, 0, 5573, 2243, 42, 350, 539, 0, 165, 33691, 405, 371, 35, 7220, 273, 1, 4, 12132, 9886, 18777, 129, 164, 142, 5538, 5723, 7755, 42, 35, 29, 9, 3, 1, 0, 25410, 28641, 30873, 2, 143, 195, 239
11,6,21, 1052901,benign, 581, 22, 8821, 0, 5571, 2244, 42, 350, 539, 0, 172, 33682, 405, 387, 35, 6943, 261, 1, 3, 11102, 8987, 18782, 137, 172, 142, 5553, 5713, 7749, 40, 35, 29, 8, 5, 2, 0, 25640, 29080, 31329, 2, 162, 215, 259
12,8,18, 1050410,benign, 499, 22, 8805, 0, 5568, 2236, 41, 350, 539, 0, 162, 33252, 405, 432, 35, 6456, 328, 0, 3, 11595, 9399, 18720, 145, 178, 144, 5530, 5738, 7771, 42, 35, 29, 8, 3, 2, 0, 25603, 28779, 31011, 2, 180, 232, 276
13,5,15, 1050388,benign, 476, 22, 8809, 4, 5569, 2238, 41, 350, 539, 0, 159, 33432, 405, 378, 35, 6347, 522, 2, 3, 11798, 9552, 18739, 206, 241, 139, 5770, 5508, 7754, 42, 35, 29, 8, 4, 7, 0, 25154, 28634, 30861, 2, 177, 229, 273
14,0,25, 1056745,benign, 702, 22, 8838, 0, 5569, 2241, 41, 350, 539, 0, 159, 33610, 405, 433, 35, 7109, 334, 1, 2, 11840, 9757, 18779, 132, 167, 142, 5799, 5460, 7769, 42, 36, 28, 8, 4, 2, 0, 26074, 29242, 31507, 2, 156, 208, 252
15,0,8, 1056919,benign, 695, 22, 8812, 0, 5568, 2238, 42, 350, 539, 0, 161, 33639, 405, 406, 36, 7080, 235, 1, 3, 11842, 9726, 18768, 137, 172, 142, 5821, 5443, 7755, 42, 35, 29, 8, 4, 1, 0, 25879, 29098, 31325, 2, 195, 247, 291
16,6,16, 1050947,benign, 522, 22, 8833, 0, 5570, 2240, 41, 350, 539, 0, 161, 33586, 405, 379, 37, 6427, 276, 1, 3, 11470, 9338, 18764, 130, 165, 142, 5557, 5711, 7748, 42, 34, 29, 8, 3, 8, 0, 25409, 28610, 30882, 2, 165, 218, 262
17,9,2, 1057832,benign, 710, 22, 8840, 4, 5570, 2243, 42, 350, 539, 0, 159, 33581, 405, 371, 35, 7284, 478, 2, 3, 12044, 9889, 18737, 122, 157, 142, 5807, 5454, 7750, 42, 35, 31, 8, 3, 0, 0, 25728, 28975, 31223, 2, 142, 194, 238
18,7,30, 1053898,benign, 611, 24, 8817, 0, 5573, 2238, 41, 350, 539, 0, 169, 33636, 405, 408, 36, 6603, 244, 1, 2, 12037, 9978, 18754, 139, 174, 142, 5787, 5471, 7752, 42, 35, 31, 8, 4, 0, 0, 25555, 28767, 30987, 2, 183, 235, 279
19,4,31, 1051745,benign, 546, 22, 8826, 0, 5567, 2243, 41, 350, 539, 0, 165, 33673, 405, 378, 34, 6423, 405, 0, 2, 12031, 9773, 18741, 131, 166, 142, 6062, 5213, 7754, 42, 35, 29, 8, 3, 2, 0, 25614, 28979, 31212, 2, 322, 374, 418
20,10,26, 1052899,benign, 583, 22, 8814, 0, 5573, 2239, 41, 350, 539, 0, 160, 33250, 405, 384, 36, 6426, 254, 1, 4, 11789, 9599, 18759, 135, 170, 142, 5567, 5707, 7756, 42, 35, 29, 8, 4, 7, 0, 25975, 29129, 31349, 2, 154, 206, 250
21,8,16, 1059591,benign, 485, 22, 8794, 0, 5569, 2234, 41, 350, 539, 0, 166, 33174, 405, 421, 35, 6127, 304, 0, 2, 11440, 9276, 18740, 130, 165, 142, 5278, 5985, 7751, 36, 35, 29, 8, 4, 14, 0, 25074, 28327, 30586, 2, 150, 202, 246
22,7,29, 1059772,benign, 455, 21, 8793, 4, 5569, 2237, 41, 350, 539, 0, 160, 33134, 405, 418, 34, 6094, 263, 22, 4, 11008, 8979, 18743, 165, 199, 142, 5548, 5738, 7761, 42, 35, 29, 8, 4, 14, 0, 24822, 28091, 30326, 2, 158, 210, 254
23,5,5, 1059656,benign, 458, 22, 8789, 4, 5567, 2237, 42, 350, 539, 0, 153, 32987, 405, 370, 33, 6277, 340, 0, 1, 11231, 9054, 18720, 142, 175, 144, 5277, 5995, 7746, 42, 36, 28, 9, 4, 4, 0, 25045, 28246, 30479, 2, 142, 194, 238
24,0,29, 1050076,benign, 466, 22, 8830, 4, 5568, 2238, 41, 350, 539, 0, 160, 33115, 405, 385, 36, 6539, 264, 14, 2, 11288, 9127, 18750, 154, 189, 142, 5793, 5482, 7755, 41, 35, 29, 8, 5, 1, 1, 25217, 28736, 30956, 2, 186, 240, 284
25,5,23, 1059825,benign, 785, 22, 8840, 0, 5566, 2234, 41, 350, 539, 0, 158, 33965, 405, 402, 36, 7621, 264, 1, 4, 12007, 9941, 18731, 132, 167, 142, 5269, 5995, 7752, 42, 35, 29, 8, 3, 1, 0, 25704, 29114, 31381, 2, 142, 194, 238
26,1,19, 1050355,benign, 502, 22, 8800, 0, 5568, 2239, 41, 350, 539, 0, 166, 33385, 405, 430, 36, 6243, 396, 1, 2, 11639, 9491, 18799, 134, 169, 142, 5590, 5668, 7752, 42, 35, 29, 8, 4, 8, 1, 25261, 28685, 30904, 2, 142, 194, 238
27,9,13, 1055377,benign, 664, 22, 8810, 0, 5569, 2244, 41, 350, 539, 0, 169, 33318, 405, 386, 36, 6724, 252, 7, 2, 12031, 9861, 18749, 160, 194, 142, 5812, 5461, 7768, 42, 35, 29, 8, 2, 2, 0, 25404, 28686, 30924, 2, 150, 202, 246
28,0,6, 1056709,benign, 704, 23, 8818, 0, 5569, 2241, 41, 351, 539, 0, 167, 33901, 405, 370, 36, 6931, 296, 122, 3, 12085, 9880, 18741, 160, 195, 142, 5810, 5472, 7754, 42, 35, 29, 8, 4, 2, 0, 25878, 29216, 31466, 2, 189, 243, 287
29,4,31, 1058906,benign, 766, 22, 8832, 0, 5569, 2244, 41, 350, 539, 0, 170, 33819, 405, 391, 34, 7125, 463, 2, 2, 12240, 10125, 18788, 130, 165, 142, 5781, 5489, 7752, 42, 35, 29, 8, 3, 0, 0, 26177, 29398, 31677, 1, 371, 423, 467
30,9,18, 1053089,benign, 592, 22, 8803, 0, 5567, 2239, 41, 351, 539, 0, 166, 33480, 405, 410, 37, 6573, 294, 1, 5, 11355, 9282, 18762, 131, 166, 142, 5561, 5701, 7761, 42, 35, 29, 8, 3, 8, 0, 25446, 28927, 31165, 2, 190, 244, 288
31,1,28, 1056841,benign, 699, 22, 8838, 0, 5571, 2240, 41, 350, 539, 0, 159, 33802, 405, 416, 39, 7211, 357, 1, 4, 12423, 10095, 18800, 162, 197, 142, 5822, 5450, 7760, 42, 35, 29, 8, 3, 1, 1, 25706, 28965, 31185, 2, 157, 209, 253
32,9,0, 1059039,benign, 775, 23, 8826, 0, 5570, 2241, 41, 350, 539, 0, 170, 34394, 405, 390, 37, 7610, 313, 1, 3, 12229, 10039, 18783, 158, 193, 142, 5549, 5744, 7750, 42, 35, 29, 8, 3, 1, 0, 25885, 29142, 31373, 2, 150, 202, 246
33,4,27, 1055112,benign, 627, 22, 8821, 3, 5571, 2240, 41, 350, 539, 0, 171, 33870, 405, 415, 33, 6867, 330, 1, 3, 11496, 9362, 18735, 166, 200, 142, 5795, 5478, 7753, 42, 35, 29, 9, 3, 1, 0, 25361, 28615, 30882, 2, 169, 221, 265
34,3,30, 1060226,benign, 494, 22, 8800, 0, 5570, 2238, 41, 350, 539, 0, 159, 33632, 405, 425, 34, 6615, 360, 14, 4, 11584, 9366, 18740, 154, 189, 142, 5285, 5991, 7762, 36, 35, 29, 8, 5, 14, 0, 25119, 28285, 30506, 2, 181, 235, 279
35,2,26, 1057423,benign, 723, 22, 8840, 0, 5569, 2245, 41, 350, 539, 0, 167, 33917, 405, 386, 35, 7244, 331, 1, 2, 12136, 9966, 18736, 122, 157, 142, 5794, 5469, 7772, 42, 36, 28, 8, 3, 2, 0, 25852, 29053, 31301, 2, 200, 254, 298
36,0,27, 1056909,benign, 721, 22, 8843, 0, 5568, 2240, 41, 351, 539, 0, 162, 34366, 405, 393, 36, 7056, 296, 2, 3, 11788, 9738, 18759, 153, 188, 142, 5569, 5689, 7764, 42, 35, 31, 8, 3, 7, 0, 25809, 28984, 31234, 2, 144, 196, 240
37,9,15, 1051509,benign, 528, 23, 8813, 0, 5571, 2237, 42, 350, 539, 0, 159, 33424, 405, 371, 36, 6494, 264, 2, 3, 11482, 9364, 18760, 130, 165, 142, 5790, 5472, 7775, 42, 35, 29, 9, 4, 1, 0, 25666, 28868, 31099, 2, 168, 220, 264
38,10,4, 1055639,benign, 673, 22, 8818, 0, 5569, 2243, 41, 350, 539, 0, 162, 33899, 405, 399, 36, 6632, 274, 1, 2, 11660, 9560, 18764, 152, 187, 142, 5795, 5460, 7761, 42, 36, 28, 8, 5, 7, 1, 25628, 28935, 31177, 2, 181, 235, 279
39,10,28, 1057153,benign, 708, 22, 8835, 0, 5576, 2239, 41, 350, 539, 0, 168, 34186, 405, 540, 35, 7285, 267, 1, 3, 11900, 9825, 18781, 123, 158, 142, 5797, 5455, 7761, 42, 35, 29, 8, 4, 7, 0, 26000, 29363, 31610, 2, 143, 195, 239
40,6,5, 1056472,benign, 667, 22, 8810, 4, 5569, 2240, 41, 350, 539, 0, 166, 33448, 405, 411, 37, 7225, 331, 7, 2, 11973, 9839, 18722, 142, 175, 144, 5802, 5462, 7754, 42, 35, 31, 8, 3, 1, 1, 25922, 29309, 31541, 2, 180, 232, 276
41,4,0, 1054155,benign, 622, 23, 8826, 1, 5569, 2244, 41, 350, 539, 0, 177, 33894, 405, 396, 34, 6582, 316, 13, 2, 12016, 9902, 18766, 166, 202, 142, 5569, 5710, 7778, 42, 35, 29, 8, 5, 8, 2, 25636, 29124, 31390, 3, 142, 194, 238
42,6,31, 1051113,benign, 533, 22, 8812, 0, 5571, 2235, 41, 350, 539, 0, 165, 33555, 405, 378, 37, 6492, 279, 7, 4, 11409, 9320, 18784, 122, 157, 142, 5783, 5470, 7752, 42, 35, 29, 8, 3, 7, 0, 25587, 28754, 31019, 2, 150, 202, 246
43,2,30, 1050139,benign, 496, 22, 8809, 0, 5571, 2241, 41, 350, 539, 0, 163, 33511, 405, 404, 38, 6441, 440, 7, 2, 11625, 9429, 18755, 375, 410, 142, 5529, 5761, 7753, 42, 35, 29, 8, 5, 1, 0, 25235, 28517, 30783, 2, 143, 195, 239
44,0,0, 1056441,benign, 696, 23, 8827, 0, 5567, 2236, 41, 350, 539, 0, 167, 33629, 405, 379, 36, 6947, 332, 7, 2, 12100, 10074, 18792, 123, 158, 142, 5550, 5706, 7754, 42, 35, 29, 8, 3, 1, 0, 25766, 28987, 31213, 2, 143, 195, 239
45,6,28, 1058378,benign, 754, 23, 8825, 0, 5570, 2239, 41, 350, 539, 0, 167, 33807, 405, 387, 36, 7165, 266, 2, 2, 12222, 10122, 18808, 130, 165, 142, 5555, 5717, 7753, 42, 35, 29, 8, 3, 7, 0, 25968, 29250, 31497, 2, 195, 247, 291
46,9,12, 1053383,benign, 590, 22, 8816, 0, 5569, 2238, 41, 351, 539, 0, 171, 33768, 405, 422, 37, 7099, 332, 8, 2, 12074, 9841, 18767, 162, 198, 142, 6050, 5223, 7749, 42, 35, 30, 8, 4, 2, 3, 25931, 29122, 31342, 2, 152, 204, 248
47,3,5, 1055774,SDC, 663, 23, 8805, 0, 5569, 2240, 41, 350, 534, 0, 168, 33823, 400, 423, 37, 6726, 265, 2, 3, 11789, 9628, 18737, 137, 170, 144, 5785, 5473, 7758, 42, 35, 29, 8, 4, 7, 0, 25837, 29042, 31292, 2, 152, 204, 248
48,0,9, 1059706,benign, 483, 20, 8790, 0, 5566, 2239, 41, 350, 539, 0, 158, 33309, 405, 400, 36, 6508, 265, 13, 2, 11321, 9131, 18753, 123, 158, 142, 5781, 5484, 7747, 42, 35, 29, 8, 3, 0, 0, 25303, 28477, 30696, 2, 154, 206, 250
49,7,29, 1053546,benign, 606, 23, 8813, 0, 5571, 2236, 41, 350, 539, 0, 167, 33786, 405, 392, 37, 6529, 252, 7, 2, 12061, 9943, 18763, 142, 175, 144, 5544, 5722, 7762, 42, 35, 29, 7, 3, 1, 0, 25670, 28883, 31118, 2, 150, 202, 246
50,6,29, 1052494,benign, 569, 23, 8812, 0, 5568, 2242, 41, 350, 539, 0, 160, 33846, 405, 416, 35, 6430, 316, 2, 2, 11884, 9655, 18738, 168, 204, 142, 6059, 5211, 7775, 42, 35, 29, 8, 4, 1, 0, 25383, 28604, 30859, 2, 150, 202, 246
51,2,8, 1059202,SDC, 787, 23, 8833, 0, 5566, 2242, 41, 350, 534, 0, 159, 34285, 400, 416, 38, 7143, 273, 1, 2, 12520, 10209, 18779, 183, 219, 142, 5606, 5646, 7754, 42, 35, 29, 8, 4, 1, 0, 26129, 29329, 31601, 2, 187, 241, 285
52,6,25, 1055160,benign, 628, 24, 8814, 4, 5569, 2244, 41, 350, 539, 0, 173, 33023, 405, 377, 34, 6952, 316, 8, 2, 11105, 8951, 18771, 137, 172, 142, 6039, 5221, 7753, 42, 36, 28, 8, 4, 7, 0, 25544, 28951, 31177, 2, 155, 207, 251
53,6,8, 1058391,benign, 751, 23, 8829, 0, 5573, 2239, 41, 350, 539, 0, 157, 34038, 405, 412, 36, 6982, 276, 1, 4, 11916, 9827, 18753, 139, 174, 142, 5555, 5714, 7756, 42, 35, 29, 8, 2, 1, 0, 25793, 29112, 31332, 2, 167, 219, 263
54,10,7, 1059764,benign, 454, 22, 8798, 4, 5567, 2241, 42, 350, 539, 0, 157, 33039, 405, 384, 34, 6120, 322, 5, 2, 11309, 9127, 18722, 145, 180, 142, 5275, 5993, 7751, 42, 35, 29, 8, 3, 41, 0, 25169, 28358, 30614, 2, 143, 195, 239
55,0,22, 1056266,SDC, 686, 22, 8813, 0, 5563, 2236, 41, 350, 534, 0, 166, 33705, 400, 412, 35, 7054, 412, 2, 3, 12000, 9916, 18783, 125, 160, 142, 6047, 5211, 7756, 42, 35, 29, 8, 3, 7, 0, 25527, 28750, 30969, 2, 176, 229, 273
56,1,0, 1055848,benign, 652, 22, 8826, 4, 5568, 2234, 41, 350, 539, 0, 172, 33295, 405, 400, 34, 7007, 332, 8, 2, 11518, 9418, 18738, 130, 165, 142, 5786, 5489, 7751, 42, 35, 31, 9, 3, 1, 1, 25643, 28852, 31120, 2, 142, 194, 238
57,10,12, 1053945,benign, 605, 22, 8811, 0, 5567, 2244, 41, 350, 539, 0, 166, 33633, 405, 395, 35, 6416, 262, 1, 3, 11514, 9314, 18743, 166, 204, 142, 5541, 5728, 7758, 42, 35, 29, 8, 4, 1, 0, 25943, 29249, 31480, 2, 142, 194, 238
58,8,14, 1054271,benign, 619, 22, 8817, 0, 5569, 2239, 41, 351, 539, 0, 177, 33861, 405, 387, 35, 6565, 401, 1, 5, 11712, 9673, 18764, 137, 172, 142, 5791, 5473, 7750, 42, 35, 29, 8, 3, 7, 0, 25896, 29179, 31416, 2, 168, 220, 264
59,2,23, 1058828,benign, 742, 22, 8843, 4, 5569, 2235, 41, 350, 539, 0, 161, 33730, 405, 418, 36, 7002, 348, 1, 2, 12015, 9966, 18755, 146, 179, 144, 5795, 5479, 7776, 42, 35, 29, 8, 5, 7, 0, 26090, 29304, 31542, 2, 188, 241, 285
60,0,23, 1056012,benign, 653, 22, 8805, 4, 5572, 2235, 41, 351, 539, 0, 169, 33558, 405, 382, 35, 6997, 274, 8, 4, 11614, 9557, 18753, 137, 170, 144, 6043, 5216, 7761, 42, 36, 28, 8, 3, 0, 1, 25650, 29147, 31413, 2, 158, 210, 254
61,6,2, 1059527,benign, 476, 22, 8809, 0, 5570, 2240, 41, 351, 539, 0, 165, 33463, 405, 378, 35, 6429, 318, 14, 3, 11450, 9180, 18772, 122, 157, 142, 5337, 5923, 7745, 36, 35, 29, 9, 3, 14, 1, 25286, 28582, 30807, 2, 171, 223, 267
62,9,12, 1051800,benign, 522, 22, 8818, 4, 5568, 2242, 41, 350, 539, 0, 160, 32981, 405, 401, 36, 6373, 265, 1, 2, 11254, 9070, 18757, 155, 190, 142, 5818, 5450, 7753, 42, 36, 28, 9, 4, 7, 0, 25296, 28639, 30888, 2, 175, 227, 271
63,8,1, 1052105,benign, 561, 22, 8820, 0, 5569, 2241, 41, 350, 539, 0, 163, 33641, 405, 394, 36, 6737, 310, 7, 2, 11523, 9276, 18769, 367, 402, 142, 5810, 5478, 7754, 42, 35, 31, 9, 2, 1, 0, 25569, 28776, 31026, 2, 168, 220, 264
64,7,31, 1052169,benign, 564, 23, 8817, 0, 5567, 2238, 41, 350, 539, 0, 160, 33942, 405, 398, 35, 7029, 254, 7, 2, 12068, 9888, 18758, 160, 195, 142, 5558, 5718, 7751, 42, 35, 29, 8, 3, 1, 0, 25607, 28911, 31146, 2, 377, 429, 473
65,0,1, 1051770,benign, 546, 22, 8804, 0, 5568, 2237, 41, 350, 539, 0, 167, 33972, 405, 416, 36, 6376, 505, 2, 3, 11518, 9619, 18754, 130, 165, 142, 5789, 5476, 7753, 42, 35, 29, 8, 4, 2, 0, 25208, 28531, 30826, 2, 159, 211, 255
66,1,4, 1058770,benign, 765, 22, 8831, 0, 5573, 2238, 41, 350, 539, 0, 166, 34240, 405, 378, 35, 7637, 336, 1, 3, 11899, 9797, 18748, 182, 217, 142, 5570, 5712, 7756, 42, 35, 29, 8, 3, 2, 0, 26014, 29281, 31502, 2, 155, 207, 251
67,6,19, 1053862,benign, 613, 22, 8802, 0, 5572, 2239, 42, 350, 539, 0, 160, 33405, 405, 418, 36, 6907, 340, 1, 3, 11440, 9353, 18772, 122, 157, 142, 5801, 5458, 7753, 42, 35, 29, 9, 3, 1, 1, 25685, 29016, 31254, 2, 185, 239, 283
68,7,14, 1056629,benign, 691, 24, 8812, 0, 5569, 2237, 41, 350, 539, 0, 158, 33752, 405, 388, 37, 6949, 321, 8, 3, 12186, 9926, 18748, 130, 165, 142, 5811, 5453, 7757, 42, 35, 29, 8, 4, 7, 0, 25577, 28808, 31056, 2, 182, 234, 278
69,6,9, 1057535,benign, 725, 22, 8842, 0, 5570, 2240, 41, 350, 539, 0, 164, 33924, 405, 523, 35, 7236, 353, 1, 3, 12497, 10381, 18842, 130, 165, 142, 5303, 5968, 7742, 34, 35, 31, 9, 3, 2, 0, 25937, 29190, 31422, 2, 155, 207, 251
70,8,31, 1057544,benign, 703, 23, 8842, 4, 5570, 2242, 41, 350, 539, 0, 160, 33473, 405, 392, 35, 7176, 264, 131, 3, 11457, 9310, 18709, 135, 170, 142, 5568, 5696, 7756, 41, 35, 29, 8, 3, 1, 0, 25635, 28878, 31150, 2, 142, 194, 238
71,2,5, 1053034,SDC, 578, 22, 8818, 0, 5564, 2244, 41, 350, 534, 0, 164, 33919, 400, 370, 36, 7088, 319, 8, 2, 11691, 9553, 18733, 155, 190, 142, 5549, 5710, 7748, 42, 36, 28, 8, 3, 8, 0, 25695, 29185, 31452, 2, 142, 194, 238
72,7,6, 1060218,benign, 480, 23, 8801, 0, 5568, 2237, 41, 351, 539, 0, 155, 33004, 405, 431, 34, 6102, 328, 13, 3, 11245, 9096, 18757, 153, 188, 142, 5271, 5996, 7747, 34, 35, 29, 8, 3, 0, 0, 25219, 28436, 30668, 2, 175, 227, 271
73,6,29, 1059792,benign, 456, 22, 8789, 4, 5564, 2239, 41, 350, 539, 0, 159, 33143, 405, 398, 36, 6124, 466, 26, 3, 11436, 9221, 18739, 162, 198, 142, 5978, 5294, 7735, 42, 35, 29, 9, 3, 0, 0, 24837, 28231, 30508, 2, 180, 232, 276
74,6,0, 1054164,benign, 598, 22, 8840, 4, 5568, 2238, 41, 350, 539, 0, 158, 33648, 405, 411, 34, 6662, 264, 2, 2, 11380, 9144, 18709, 130, 165, 142, 5541, 5717, 7757, 41, 35, 31, 8, 4, 1, 0, 25311, 28499, 30747, 2, 182, 235, 279
75,9,4, 1051902,benign, 549, 23, 8809, 0, 5570, 2235, 41, 350, 539, 0, 177, 33925, 405, 396, 34, 6317, 275, 1, 3, 11859, 9721, 18735, 353, 388, 142, 5803, 5493, 7771, 42, 35, 29, 8, 4, 2, 1, 25570, 28865, 31150, 2, 169, 221, 265
76,0,1, 1053100,benign, 563, 22, 8811, 4, 5569, 2237, 41, 350, 539, 0, 157, 33564, 405, 379, 34, 6534, 322, 8, 2, 11357, 9308, 18729, 130, 165, 142, 5804, 5469, 7754, 41, 35, 29, 8, 4, 1, 1, 25686, 29018, 31289, 2, 150, 202, 246
77,1,29, 1058373,crash/hangs,-,-,-,-,-,-,-,-,-,-,-,-,-,-,-,-,-,-,-,-,-,-,-,-,-,-,-,-,-,-,-,-,-,-,-,-,-,-,-,-,-,-
78,5,12, 1051155,benign, 525, 22, 8804, 0, 5569, 2237, 41, 350, 539, 0, 165, 33330, 405, 378, 35, 6492, 258, 8, 4, 11603, 9410, 18765, 138, 171, 144, 6036, 5233, 7758, 42, 35, 29, 8, 4, 1, 0, 25665, 28851, 31090, 2, 154, 206, 250
79,4,18, 1051011,benign, 516, 23, 8801, 0, 5569, 2241, 41, 350, 539, 0, 165, 33231, 405, 387, 35, 6507, 298, 0, 2, 11544, 9416, 18751, 122, 157, 142, 5804, 5449, 7752, 40, 36, 28, 8, 3, 0, 0, 25393, 28533, 30771, 2, 164, 216, 260
80,8,15, 1058152,benign, 716, 23, 8808, 4, 5572, 2243, 41, 350, 539, 0, 169, 33716, 405, 382, 36, 7225, 255, 1, 3, 11980, 9748, 18726, 167, 203, 142, 5555, 5720, 7768, 42, 35, 29, 9, 3, 2, 1, 26017, 29336, 31584, 2, 179, 231, 275
81,5,28, 1057180,benign, 691, 22, 8831, 4, 5572, 2236, 41, 350, 539, 0, 172, 33593, 405, 566, 35, 7153, 364, 8, 2, 11673, 9458, 18750, 180, 215, 142, 6085, 5196, 7760, 42, 35, 29, 8, 5, 0, 0, 25571, 28866, 31144, 2, 161, 214, 258
82,8,25, 1057061,benign, 716, 22, 8840, 0, 5567, 2239, 41, 350, 539, 0, 161, 33740, 405, 383, 37, 7600, 299, 8, 3, 12113, 9906, 18763, 169, 205, 142, 5815, 5457, 7775, 42, 36, 28, 8, 5, 1, 0, 25982, 29402, 31637, 2, 172, 224, 268
83,4,9, 1056004,benign, 654, 22, 8836, 4, 5568, 2240, 41, 350, 539, 0, 160, 33893, 405, 380, 32, 6806, 288, 1, 2, 11389, 9212, 18715, 131, 166, 142, 5802, 5471, 7776, 42, 35, 29, 8, 4, 2, 0, 25449, 28736, 30971, 2, 176, 228, 272
84,10,18, 1052605,benign, 565, 22, 8825, 0, 5568, 2236, 41, 351, 539, 0, 168, 33896, 405, 390, 34, 6830, 256, 1, 4, 11522, 9324, 18766, 181, 217, 142, 5801, 5466, 7754, 42, 35, 29, 8, 3, 1, 0, 25927, 29121, 31347, 2, 144, 196, 240
85,9,28, 1053878,benign, 609, 22, 8827, 0, 5568, 2235, 42, 351, 539, 0, 166, 33880, 405, 426, 36, 6776, 360, 7, 3, 11462, 9394, 18782, 130, 165, 142, 5540, 5725, 7758, 42, 35, 29, 9, 3, 8, 0, 25164, 28481, 30714, 2, 354, 408, 452
86,5,28, 1056039,benign, 679, 22, 8823, 0, 5570, 2240, 41, 350, 539, 0, 174, 33755, 405, 390, 37, 7392, 315, 1, 3, 11900, 9911, 18775, 122, 157, 142, 5569, 5700, 7757, 42, 35, 29, 8, 4, 2, 0, 26009, 29395, 31643, 2, 150, 202, 246
87,6,27, 1050352,benign, 478, 22, 8817, 4, 5570, 2240, 41, 351, 539, 0, 169, 33174, 405, 380, 35, 6300, 295, 2, 4, 11311, 9102, 18716, 138, 171, 144, 5787, 5486, 7751, 42, 35, 29, 8, 3, 8, 0, 24879, 28297, 30518, 2, 154, 206, 250
88,3,27, 1052109,SDC, 564, 22, 8820, 0, 5568, 2244, 41, 350, 534, 0, 170, 33788, 400, 371, 36, 6491, 467, 1, 3, 11380, 9280, 18756, 149, 184, 144, 5817, 5459, 7759, 42, 35, 31, 9, 3, 7, 0, 25600, 28778, 31005, 2, 163, 215, 259
89,6,27, 1059804,benign, 463, 22, 8803, 3, 5565, 2238, 41, 350, 539, 0, 150, 33237, 405, 370, 36, 6001, 373, 22, 3, 11116, 8879, 18722, 139, 174, 142, 5781, 5486, 7770, 42, 35, 29, 8, 5, 14, 0, 24784, 28071, 30304, 2, 143, 195, 239
90,4,29, 1058835,benign, 766, 22, 8828, 0, 5574, 2243, 41, 350, 539, 0, 160, 34302, 405, 430, 35, 7578, 327, 1, 3, 11696, 9595, 18766, 182, 218, 142, 6050, 5232, 7754, 42, 35, 29, 9, 4, 1, 0, 25726, 29031, 31257, 2, 335, 387, 431
91,5,31, 1057270,benign, 716, 22, 8823, 0, 5568, 2233, 41, 351, 539, 0, 174, 34319, 405, 373, 36, 7452, 278, 7, 3, 12006, 9819, 18777, 123, 158, 142, 5534, 5713, 7774, 42, 35, 29, 8, 3, 7, 0, 25696, 28976, 31244, 2, 177, 229, 273
92,8,26, 1051316,benign, 507, 23, 8808, 4, 5570, 2238, 41, 351, 539, 0, 165, 33266, 405, 388, 35, 6447, 424, 123, 3, 11391, 9215, 18745, 130, 165, 142, 5541, 5731, 7750, 42, 35, 29, 8, 3, 2, 0, 25348, 28846, 31094, 2, 200, 254, 298
93,8,0, 1059633,benign, 487, 22, 8804, 0, 5569, 2235, 41, 350, 539, 0, 159, 33542, 405, 384, 34, 6102, 325, 14, 3, 11914, 9686, 18743, 154, 189, 142, 5274, 5990, 7750, 34, 36, 28, 8, 2, 14, 0, 25417, 28806, 31015, 2, 187, 241, 285
94,10,5, 1050410,benign, 501, 24, 8798, 0, 5568, 2236, 41, 350, 539, 0, 169, 33268, 405, 419, 35, 6660, 310, 1, 3, 11406, 9358, 18756, 123, 158, 142, 6043, 5211, 7765, 42, 36, 28, 8, 3, 1, 0, 25369, 28649, 30870, 2, 142, 194, 238
95,10,12, 1059246,benign, 788, 24, 8818, 0, 5577, 2240, 41, 350, 539, 0, 170, 34072, 405, 418, 35, 7646, 261, 1, 3, 12395, 10171, 18825, 122, 157, 142, 5795, 5462, 7752, 42, 35, 29, 8, 4, 2, 0, 25854, 29125, 31356, 2, 188, 242, 286
96,8,11, 1052333,benign, 574, 22, 8799, 0, 5566, 2241, 42, 350, 539, 0, 163, 33604, 405, 397, 36, 6451, 277, 1, 3, 11615, 9575, 18731, 134, 169, 142, 5564, 5707, 7769, 41, 35, 29, 8, 5, 2, 0, 25495, 28756, 31024, 2, 368, 420, 464
97,3,11, 1060140,benign, 435, 22, 8809, 4, 5574, 2237, 41, 350, 539, 0, 167, 33011, 405, 371, 34, 6184, 346, 1, 2, 11143, 9111, 18739, 123, 158, 142, 5538, 5724, 7764, 42, 35, 29, 8, 4, 1, 0, 25324, 28615, 30853, 2, 143, 195, 239
98,8,6, 1052156,benign, 535, 22, 8828, 4, 5568, 2238, 41, 350, 539, 0, 166, 33375, 405, 397, 35, 6545, 262, 8, 3, 11532, 9347, 18728, 122, 157, 142, 5540, 5713, 7762, 42, 35, 29, 8, 4, 1, 0, 25691, 28928, 31194, 2, 181, 235, 279
99,5,19, 1053074,benign, 596, 22, 8808, 0, 5570, 2235, 41, 350, 539, 0, 165, 33450, 405, 412, 36, 6914, 265, 1, 3, 12035, 9825, 18747, 160, 195, 142, 6059, 5219, 7761, 42, 35, 29, 9, 2, 1, 0, 25860, 29164, 31429, 2, 150, 202, 246
100,2,19, 1054694,SDC, 633, 22, 8808, 0, 5566, 2241, 41, 350, 534, 0, 160, 33795, 400, 397, 35, 6885, 337, 7, 2, 11595, 9556, 18768, 137, 170, 144, 5811, 5451, 7760, 42, 35, 29, 8, 4, 1, 0, 25581, 28822, 31070, 2, 186, 240, 284
101,0,11, 1054879,benign, 651, 23, 8834, 0, 5571, 2236, 41, 350, 539, 0, 171, 33501, 405, 417, 36, 6943, 269, 2, 4, 11613, 9633, 18760, 150, 185, 142, 5786, 5477, 7753, 42, 35, 29, 8, 3, 2, 1, 25598, 28828, 31065, 2, 202, 255, 299
102,10,2, 1051065,benign, 517, 22, 8808, 0, 5572, 2240, 41, 350, 539, 0, 168, 33214, 405, 382, 36, 6525, 230, 8, 3, 12009, 9516, 18778, 147, 182, 142, 5785, 5479, 7778, 42, 35, 29, 8, 2, 1, 0, 25326, 28492, 30740, 2, 150, 202, 246
103,0,6, 1051292,SDC, 510, 22, 8811, 4, 5564, 2241, 42, 350, 534, 0, 162, 32869, 400, 371, 36, 6387, 284, 2, 4, 11563, 9451, 18686, 334, 369, 142, 5794, 5501, 7755, 42, 35, 31, 8, 3, 7, 1, 24930, 28184, 30434, 2, 191, 243, 287
104,7,9, 1057249,benign, 720, 23, 8836, 0, 5568, 2238, 41, 350, 539, 0, 165, 33784, 405, 378, 36, 7038, 351, 2, 3, 11918, 9908, 18770, 154, 189, 142, 5795, 5462, 7751, 42, 35, 29, 8, 5, 7, 0, 26089, 29231, 31462, 2, 172, 224, 268
105,5,19, 1051881,benign, 552, 22, 8828, 0, 5569, 2239, 41, 350, 539, 0, 169, 33528, 405, 371, 36, 6947, 270, 1, 3, 11462, 9357, 18778, 151, 186, 142, 5818, 5453, 7754, 42, 35, 29, 8, 5, 1, 0, 25475, 28732, 30951, 2, 203, 257, 301
106,3,18, 1056903,benign, 715, 22, 8836, 0, 5568, 2234, 41, 351, 539, 0, 162, 33973, 405, 378, 35, 6776, 272, 1, 2, 12353, 10199, 18786, 132, 167, 142, 5814, 5456, 7756, 42, 35, 29, 8, 3, 1, 0, 26045, 29386, 31618, 2, 143, 195, 239
107,0,18, 1053026,benign, 585, 22, 8807, 0, 5569, 2237, 41, 351, 539, 0, 172, 33735, 405, 398, 36, 6620, 349, 2, 3, 11930, 9823, 18746, 130, 165, 142, 5565, 5701, 7770, 42, 35, 29, 8, 3, 2, 1, 25732, 29201, 31420, 2, 142, 194, 238
108,1,21, 1059272,benign, 755, 22, 8812, 4, 5571, 2242, 41, 350, 539, 0, 166, 33907, 405, 401, 35, 7631, 326, 7, 2, 11538, 9401, 18747, 148, 183, 142, 5857, 5405, 7759, 42, 35, 29, 8, 3, 0, 0, 26108, 29308, 31556, 2, 164, 216, 260
109,8,30, 1060050,benign, 779, 22, 8828, 0, 5569, 2235, 41, 350, 539, 0, 159, 33900, 405, 382, 36, 7019, 291, 2, 5, 12219, 10053, 18826, 130, 165, 142, 5546, 5733, 7760, 42, 36, 28, 8, 3, 14, 0, 25926, 29137, 31378, 2, 158, 210, 254
110,5,28, 1054920,benign, 619, 22, 8828, 4, 5569, 2237, 41, 350, 539, 0, 169, 33310, 405, 371, 35, 6614, 262, 1, 2, 11673, 9529, 18731, 122, 157, 142, 6052, 5207, 7752, 42, 35, 29, 8, 5, 2, 1, 25807, 28973, 31211, 2, 169, 221, 265
111,9,2, 1050867,benign, 523, 22, 8821, 0, 5572, 2239, 41, 351, 539, 0, 159, 33219, 405, 412, 37, 6373, 284, 1, 5, 11656, 9431, 18808, 182, 218, 142, 5796, 5483, 7754, 42, 35, 29, 8, 3, 8, 2, 25481, 28781, 31065, 2, 158, 210, 254
112,3,27, 1050312,benign, 477, 23, 8813, 4, 5568, 2238, 41, 350, 539, 0, 159, 33181, 405, 400, 34, 6497, 333, 1, 3, 11272, 9082, 18721, 143, 178, 142, 5768, 5485, 7777, 42, 35, 29, 7, 3, 1, 0, 24927, 28169, 30400, 2, 154, 206, 250
113,8,31, 1054912,benign, 618, 22, 8807, 4, 5570, 2235, 41, 350, 539, 0, 161, 33379, 405, 390, 37, 6641, 338, 2, 3, 11553, 9414, 18731, 325, 360, 142, 5813, 5477, 7755, 42, 36, 28, 8, 4, 1, 0, 25216, 28537, 30803, 2, 156, 208, 252
114,2,9, 1051944,benign, 526, 22, 8823, 4, 5571, 2239, 41, 350, 539, 0, 166, 33557, 405, 370, 37, 6468, 348, 1, 2, 11606, 9314, 18722, 130, 165, 142, 6044, 5218, 7756, 42, 35, 29, 8, 5, 1, 1, 25210, 28487, 30707, 2, 150, 202, 246
115,2,2, 1060205,benign, 476, 24, 8776, 0, 5570, 2237, 41, 350, 539, 0, 151, 33202, 405, 384, 38, 6132, 352, 0, 2, 11488, 9265, 18770, 316, 351, 142, 5354, 5933, 7742, 36, 35, 29, 8, 3, 22, 1, 25184, 28452, 30708, 2, 150, 202, 246
116,1,12, 1056286,benign, 698, 22, 8844, 0, 5568, 2237, 41, 350, 539, 0, 166, 34082, 405, 385, 36, 7247, 339, 1, 3, 11781, 9691, 18764, 137, 172, 142, 5543, 5719, 7752, 42, 35, 29, 9, 4, 1, 0, 25765, 29061, 31311, 2, 186, 240, 284
117,8,2, 1051316,benign, 506, 22, 8802, 4, 5570, 2243, 42, 350, 539, 0, 167, 32997, 405, 386, 35, 6716, 334, 1, 3, 11099, 8902, 18710, 176, 212, 142, 5598, 5664, 7755, 42, 36, 28, 8, 4, 1, 0, 25259, 28622, 30843, 2, 143, 195, 239
118,8,20, 1054663,benign, 642, 23, 8836, 0, 5567, 2242, 41, 350, 539, 0, 164, 33935, 405, 385, 37, 7029, 246, 1, 3, 11486, 9384, 18755, 294, 329, 142, 5816, 5487, 7750, 42, 35, 29, 8, 1, 2, 0, 25803, 29107, 31362, 2, 142, 194, 238
119,0,30, 1052921,benign, 586, 22, 8822, 0, 5568, 2237, 41, 350, 539, 0, 167, 33635, 405, 404, 38, 7009, 269, 1, 3, 11650, 9513, 18779, 130, 165, 142, 5790, 5485, 7750, 42, 36, 28, 8, 3, 2, 0, 25386, 28789, 31055, 2, 143, 195, 239
120,8,15, 1059307,benign, 784, 22, 8826, 0, 5571, 2235, 41, 350, 539, 0, 162, 34245, 405, 397, 36, 7599, 338, 1, 4, 12246, 10144, 18801, 150, 183, 144, 5802, 5467, 7774, 42, 35, 29, 8, 4, 2, 0, 26140, 29318, 31566, 2, 187, 241, 285
121,3,12, 1052390,benign, 565, 22, 8820, 0, 5572, 2239, 41, 350, 539, 0, 158, 33271, 405, 415, 35, 6571, 329, 2, 4, 11744, 9749, 18773, 132, 167, 142, 6051, 5213, 7753, 42, 35, 29, 8, 3, 7, 0, 25607, 28838, 31110, 2, 342, 394, 438
122,4,28, 1060132,benign, 739, 23, 8833, 3, 5569, 2244, 41, 350, 539, 0, 173, 33942, 405, 383, 34, 7431, 261, 2, 3, 11940, 9790, 18727, 136, 171, 142, 5285, 5976, 7748, 42, 36, 28, 8, 2, 1, 0, 25923, 29131, 31357, 2, 165, 218, 262
123,3,13, 1057715,SDC, 723, 22, 8826, 0, 5566, 2242, 41, 350, 534, 0, 170, 34138, 400, 371, 36, 6875, 349, 2, 4, 12102, 9889, 18754, 151, 186, 140, 5791, 5468, 7777, 42, 35, 31, 8, 4, 7, 0, 25740, 28981, 31202, 2, 157, 209, 253
124,6,21, 1058811,benign, 763, 22, 8851, 0, 5569, 2242, 41, 350, 539, 0, 166, 34287, 405, 410, 35, 7155, 263, 1, 3, 12281, 10054, 18781, 131, 166, 142, 5798, 5464, 7756, 42, 35, 29, 8, 5, 1, 0, 26020, 29354, 31626, 2, 175, 227, 271
125,2,25, 1055110,benign, 650, 22, 8827, 0, 5571, 2241, 41, 350, 539, 0, 169, 34354, 405, 390, 36, 6884, 277, 2, 4, 12055, 9768, 18742, 123, 158, 142, 5536, 5711, 7776, 42, 36, 28, 8, 3, 1, 0, 25947, 29156, 31406, 2, 175, 227, 271
126,8,30, 1058092,benign, 719, 22, 8817, 4, 5566, 2238, 41, 351, 539, 0, 173, 33804, 405, 394, 36, 6969, 315, 1, 2, 11696, 9626, 18746, 168, 204, 142, 5559, 5718, 7750, 42, 35, 29, 8, 4, 1, 0, 25713, 28911, 31132, 2, 152, 204, 248
127,4,17, 1053596,benign, 575, 23, 8822, 4, 5570, 2242, 42, 350, 539, 0, 160, 33430, 405, 394, 41, 6851, 291, 279, 5, 11533, 9649, 18751, 163, 199, 142, 5555, 5714, 7772, 42, 35, 29, 9, 3, 1, 0, 25240, 28515, 30741, 2, 164, 216, 260
128,8,28, 1053240,benign, 569, 23, 8820, 4, 5568, 2242, 42, 350, 539, 0, 168, 33809, 405, 379, 36, 6972, 266, 346, 3, 11387, 9378, 18738, 122, 157, 142, 5776, 5466, 7779, 42, 35, 29, 8, 4, 2, 0, 25588, 28819, 31040, 2, 155, 207, 251
129,6,10, 1059774,benign, 484, 22, 8789, 0, 5566, 2237, 41, 350, 539, 0, 160, 33151, 405, 394, 35, 6335, 491, 9, 3, 11097, 8914, 18762, 136, 171, 142, 5766, 5486, 7756, 42, 35, 29, 8, 3, 14, 0, 25281, 28704, 30953, 2, 172, 224, 268
130,10,23, 1057299,benign, 715, 23, 8805, 0, 5572, 2238, 41, 350, 539, 0, 165, 34244, 405, 402, 36, 6863, 292, 1, 5, 12050, 9655, 18757, 360, 395, 142, 5563, 5724, 7776, 42, 35, 29, 8, 3, 8, 0, 26425, 29678, 31926, 2, 155, 207, 251
131,6,11, 1059959,benign, 781, 23, 8829, 0, 5577, 2240, 42, 350, 539, 0, 166, 33831, 405, 399, 34, 6954, 278, 2, 3, 12010, 9922, 18775, 363, 398, 142, 5582, 5728, 7783, 42, 36, 28, 8, 3, 1, 0, 26280, 29566, 31801, 2, 150, 202, 246
132,6,6, 1057933,benign, 733, 22, 8831, 0, 5572, 2236, 41, 350, 539, 0, 168, 33882, 405, 386, 37, 7369, 258, 1, 2, 12176, 9944, 18755, 131, 166, 142, 5616, 5649, 7769, 42, 35, 29, 8, 2, 2, 0, 26005, 29327, 31553, 2, 150, 202, 246
133,3,27, 1053853,benign, 610, 24, 8824, 0, 5566, 2241, 41, 351, 539, 0, 167, 33588, 405, 369, 35, 6853, 320, 2, 3, 11860, 9711, 18786, 130, 165, 142, 5855, 5401, 7759, 42, 35, 29, 8, 3, 75, 1, 25630, 28981, 31229, 2, 144, 196, 240
134,8,29, 1058198,benign, 750, 22, 8839, 0, 5569, 2235, 41, 351, 539, 0, 159, 34162, 405, 408, 35, 7572, 314, 1, 4, 12449, 10265, 18798, 123, 158, 142, 5542, 5712, 7753, 42, 35, 29, 8, 5, 1, 0, 25704, 28987, 31206, 2, 188, 242, 286
135,9,31, 1057004,benign, 687, 22, 8827, 4, 5570, 2237, 41, 350, 539, 0, 167, 33876, 405, 394, 36, 7059, 341, 0, 2, 11644, 9540, 18739, 122, 157, 142, 5547, 5697, 7756, 41, 36, 28, 8, 4, 1, 0, 25535, 28733, 30984, 2, 186, 240, 284
136,4,8, 1059424,benign, 759, 24, 8824, 4, 5566, 2234, 41, 350, 539, 0, 172, 33682, 405, 431, 35, 7556, 313, 2, 2, 11661, 9543, 18739, 145, 178, 144, 5537, 5725, 7750, 42, 35, 29, 7, 4, 0, 0, 25905, 29056, 31305, 2, 143, 195, 239
137,8,12, 1051004,benign, 495, 22, 8816, 4, 5570, 2241, 41, 350, 539, 0, 164, 33754, 405, 370, 37, 6355, 310, 7, 4, 11336, 9078, 18756, 324, 359, 142, 5808, 5493, 7754, 42, 35, 29, 8, 3, 1, 0, 25419, 28698, 30923, 2, 142, 194, 238
138,9,30, 1060054,benign, 767, 22, 8835, 0, 5572, 2244, 41, 350, 539, 0, 167, 33825, 405, 370, 37, 7079, 286, 2, 4, 12158, 10180, 18803, 153, 188, 142, 5868, 5405, 7757, 42, 35, 29, 8, 3, 1, 1, 26186, 29636, 31868, 2, 164, 216, 260
139,4,15, 1057237,benign, 721, 22, 8835, 0, 5571, 2235, 41, 351, 539, 0, 168, 33804, 405, 370, 35, 7026, 223, 1, 2, 12105, 9996, 18792, 175, 210, 142, 5614, 5660, 7757, 42, 35, 29, 9, 3, 2, 0, 26073, 29342, 31569, 2, 141, 193, 237
140,4,26, 1050606,benign, 520, 22, 8802, 0, 5570, 2241, 41, 350, 539, 0, 167, 33362, 405, 432, 35, 6266, 319, 0, 2, 11555, 9272, 18731, 134, 169, 142, 5792, 5486, 7755, 42, 35, 31, 8, 5, 2, 0, 25323, 28808, 31046, 1, 143, 195, 239
141,4,17, 1051093,benign, 520, 22, 8800, 0, 5570, 2235, 41, 350, 539, 0, 161, 33201, 405, 418, 35, 6210, 329, 1, 2, 11365, 9192, 18749, 130, 165, 142, 5794, 5468, 7755, 42, 35, 29, 8, 5, 1, 0, 25621, 28909, 31135, 2, 175, 227, 271
142,6,5, 1057157,benign, 718, 23, 8828, 0, 5568, 2244, 41, 350, 539, 0, 164, 34160, 405, 422, 35, 7291, 279, 7, 4, 12156, 9929, 18757, 168, 204, 142, 5802, 5461, 7761, 42, 36, 28, 8, 3, 2, 0, 25927, 29159, 31421, 2, 151, 203, 247
143,9,30, 1054473,benign, 633, 23, 8819, 0, 5575, 2244, 41, 351, 539, 0, 167, 33997, 405, 552, 36, 6783, 347, 2, 2, 11970, 9786, 18777, 130, 165, 142, 5800, 5468, 7753, 42, 35, 29, 9, 5, 2, 0, 25704, 29004, 31235, 2, 143, 195, 239
144,8,19, 1059783,benign, 489, 22, 8804, 0, 5571, 2238, 41, 350, 539, 0, 157, 33438, 405, 379, 35, 6416, 314, 0, 2, 11487, 9244, 18734, 131, 166, 142, 5517, 5740, 7761, 42, 35, 29, 8, 4, 25, 0, 25072, 28482, 30714, 2, 200, 254, 298
145,4,15, 1057663,benign, 733, 22, 8831, 0, 5568, 2237, 41, 350, 539, 0, 159, 34269, 405, 405, 33, 6997, 316, 2, 2, 12375, 10208, 18794, 182, 218, 142, 5796, 5483, 7755, 42, 35, 29, 8, 2, 2, 0, 25743, 29100, 31384, 2, 172, 224, 268
146,0,21, 1051400,benign, 506, 22, 8818, 4, 5568, 2240, 41, 350, 539, 0, 163, 33141, 405, 370, 34, 6455, 278, 1, 2, 11074, 8908, 18716, 149, 184, 142, 5792, 5472, 7751, 42, 35, 29, 8, 3, 2, 0, 25067, 28359, 30594, 2, 141, 193, 237
147,7,28, 1052976,benign, 559, 22, 8815, 4, 5568, 2239, 41, 350, 539, 0, 167, 33527, 405, 383, 35, 6819, 452, 7, 3, 11801, 9661, 18743, 136, 171, 142, 5822, 5454, 7758, 42, 35, 31, 8, 5, 2, 0, 25459, 28687, 30918, 2, 172, 224, 268
148,3,1, 1050764,SDC, 493, 23, 8818, 4, 5566, 2243, 42, 350, 534, 0, 170, 33015, 400, 408, 35, 6195, 283, 2, 3, 11334, 9284, 18696, 138, 173, 142, 5530, 5726, 7770, 42, 35, 29, 8, 4, 7, 0, 25395, 28695, 30926, 2, 175, 227, 271
149,3,25, 1056974,SDC, 708, 23, 8817, 0, 5561, 2242, 41, 350, 534, 0, 167, 33650, 400, 440, 34, 6847, 260, 8, 3, 11802, 9725, 18773, 159, 195, 142, 5875, 5395, 7757, 42, 35, 29, 8, 5, 1, 0, 26115, 29306, 31583, 2, 143, 195, 239
150,6,11, 1053150,benign, 590, 22, 8820, 0, 5570, 2238, 42, 350, 539, 0, 176, 33430, 405, 408, 35, 6587, 312, 2, 4, 11571, 9337, 18746, 136, 171, 142, 5566, 5706, 7752, 42, 35, 29, 9, 5, 1, 0, 25618, 28898, 31149, 2, 347, 399, 443
151,3,16, 1053777,SDC, 610, 23, 8797, 0, 5565, 2238, 41, 350, 534, 0, 160, 33905, 400, 422, 35, 6947, 304, 1, 3, 11504, 9371, 18739, 144, 177, 144, 5867, 5399, 7774, 42, 36, 28, 8, 3, 8, 0, 25939, 29162, 31406, 2, 142, 194, 238
152,10,25, 1053454,benign, 594, 22, 8801, 0, 5569, 2234, 41, 350, 539, 0, 172, 33136, 405, 370, 35, 7057, 321, 7, 3, 11596, 9561, 18766, 149, 184, 142, 5792, 5476, 7758, 42, 35, 31, 8, 3, 7, 1, 25489, 28745, 31011, 2, 202, 256, 300
153,9,2, 1052250,benign, 552, 22, 8813, 0, 5575, 2238, 41, 350, 539, 0, 174, 33250, 405, 423, 37, 6631, 293, 1, 3, 11401, 9333, 18755, 161, 197, 142, 5830, 5452, 7760, 42, 35, 29, 8, 3, 2, 0, 25809, 29162, 31381, 2, 143, 195, 239
154,3,3, 1051066,SDC, 521, 22, 8799, 0, 5566, 2241, 41, 350, 534, 0, 160, 33818, 400, 378, 35, 6674, 349, 1, 6, 11453, 9347, 18776, 136, 171, 142, 5543, 5715, 7757, 42, 36, 28, 8, 3, 1, 0, 25445, 28744, 30976, 2, 150, 202, 246
155,8,18, 1050259,benign, 495, 23, 8805, 0, 5569, 2243, 41, 350, 539, 0, 173, 33562, 405, 402, 36, 6346, 280, 7, 2, 11759, 9540, 18730, 168, 204, 142, 5565, 5710, 7757, 42, 35, 29, 8, 3, 7, 1, 25274, 28652, 30883, 2, 168, 220, 264
156,8,9, 1057868,benign, 709, 22, 8846, 4, 5569, 2239, 42, 350, 539, 0, 162, 33932, 405, 398, 34, 7499, 340, 1, 2, 12117, 9941, 18715, 141, 174, 144, 5555, 5702, 7755, 42, 35, 31, 8, 4, 1, 0, 25611, 28901, 31128, 2, 154, 206, 250
157,4,30, 1058693,benign, 759, 23, 8834, 0, 5573, 2237, 41, 350, 539, 0, 162, 34089, 405, 418, 34, 6969, 298, 1, 2, 12271, 10163, 18820, 168, 204, 142, 5812, 5457, 7755, 42, 36, 28, 8, 4, 2, 0, 25718, 29030, 31278, 2, 185, 239, 283
158,6,4, 1052307,benign, 562, 23, 8816, 0, 5570, 2243, 41, 350, 539, 0, 157, 33567, 405, 392, 38, 6775, 355, 7, 2, 12054, 9857, 18763, 161, 197, 142, 5561, 5710, 7753, 42, 35, 29, 8, 5, 1, 0, 25880, 29106, 31374, 2, 142, 194, 238
159,9,11, 1059413,benign, 781, 22, 8826, 0, 5567, 2241, 41, 350, 539, 0, 166, 33987, 405, 378, 37, 7125, 240, 1, 3, 12361, 10244, 18809, 182, 218, 142, 6047, 5215, 7755, 40, 36, 28, 8, 3, 1, 0, 25959, 29260, 31515, 2, 162, 214, 258
160,6,28, 1053366,benign, 605, 22, 8820, 0, 5573, 2241, 41, 350, 539, 0, 160, 33773, 405, 426, 35, 6760, 356, 7, 2, 11878, 9739, 18747, 131, 166, 142, 6049, 5224, 7754, 42, 35, 29, 8, 4, 2, 0, 25729, 28970, 31232, 2, 142, 194, 238
161,1,13, 1052938,benign, 585, 24, 8803, 0, 5570, 2242, 42, 350, 539, 0, 165, 33737, 405, 423, 36, 6928, 245, 1, 4, 11647, 9515, 18747, 130, 165, 142, 5805, 5460, 7756, 42, 35, 29, 8, 3, 1, 0, 25752, 28978, 31215, 2, 174, 226, 270
162,4,4, 1058902,benign, 770, 23, 8815, 1, 5566, 2236, 41, 350, 539, 0, 158, 34628, 405, 386, 36, 7331, 349, 8, 2, 12015, 9906, 18749, 135, 170, 142, 5537, 5734, 7760, 42, 35, 29, 8, 3, 7, 1, 26162, 29363, 31589, 3, 150, 202, 246
163,1,4, 1059097,benign, 772, 23, 8825, 0, 5570, 2238, 42, 350, 539, 0, 167, 34043, 405, 402, 35, 7293, 317, 2, 2, 12052, 9984, 18754, 123, 158, 142, 5782, 5462, 7751, 42, 35, 29, 8, 4, 1, 0, 26567, 29850, 32083, 2, 180, 232, 276
164,2,9, 1051263,benign, 539, 22, 8817, 0, 5570, 2239, 41, 350, 539, 0, 160, 33355, 405, 418, 36, 6231, 345, 0, 2, 11718, 9543, 18753, 147, 180, 144, 5540, 5721, 7754, 42, 36, 28, 8, 3, 0, 0, 25417, 28596, 30910, 2, 173, 225, 269
165,10,21, 1052428,benign, 540, 22, 8815, 4, 5567, 2240, 41, 350, 539, 0, 166, 33551, 405, 398, 37, 6891, 302, 1, 4, 11567, 9354, 18759, 165, 199, 142, 6066, 5206, 7758, 42, 35, 29, 8, 5, 1, 0, 25084, 28358, 30626, 2, 150, 202, 246
166,2,22, 1051100,benign, 495, 22, 8817, 4, 5566, 2239, 41, 350, 539, 0, 164, 33026, 405, 385, 34, 6342, 292, 2, 2, 11339, 9430, 18734, 130, 165, 142, 5801, 5463, 7753, 42, 35, 29, 8, 5, 2, 0, 25208, 28424, 30655, 2, 156, 208, 252
167,2,13, 1058289,benign, 746, 22, 8847, 0, 5571, 2238, 41, 351, 539, 0, 168, 34175, 405, 370, 35, 7157, 337, 2, 3, 12174, 9963, 18762, 350, 386, 142, 5800, 5490, 7757, 42, 35, 29, 8, 3, 1, 0, 25952, 29296, 31543, 2, 143, 195, 239
168,0,17, 1054754,benign, 644, 24, 8808, 0, 5568, 2242, 42, 350, 539, 0, 163, 33918, 405, 432, 35, 6760, 330, 1, 4, 11587, 9527, 18750, 145, 178, 144, 5794, 5473, 7770, 42, 35, 29, 8, 3, 2, 0, 25398, 28659, 30891, 2, 170, 222, 266
169,9,2, 1053479,benign, 592, 22, 8831, 0, 5570, 2243, 42, 350, 539, 0, 165, 34136, 405, 384, 34, 6446, 273, 1, 4, 12017, 9819, 18734, 160, 195, 142, 6070, 5196, 7754, 42, 36, 28, 8, 3, 1, 0, 25525, 28824, 31072, 2, 142, 194, 238
170,3,14, 1059176,benign, 754, 22, 8828, 4, 5568, 2238, 41, 350, 539, 0, 166, 33584, 405, 384, 36, 7333, 274, 8, 4, 11813, 9707, 18730, 122, 157, 142, 5543, 5716, 7759, 42, 35, 29, 8, 5, 7, 0, 25547, 28896, 31143, 2, 150, 202, 246
171,3,11, 1058823,SDC, 774, 23, 8822, 0, 5565, 2244, 41, 350, 534, 0, 167, 33814, 400, 390, 36, 7441, 301, 7, 4, 12375, 10106, 18820, 131, 166, 142, 5559, 5708, 7757, 42, 35, 29, 7, 3, 1, 0, 26342, 29768, 31988, 2, 142, 194, 238
172,4,21, 1052346,benign, 564, 22, 8811, 0, 5571, 2241, 41, 350, 539, 0, 169, 33342, 405, 419, 34, 6798, 266, 7, 2, 11284, 9197, 18790, 160, 195, 142, 5552, 5711, 7751, 42, 35, 29, 8, 3, 1, 0, 25419, 28605, 30826, 2, 181, 233, 277
173,3,7, 1057350,SDC, 712, 22, 8838, 0, 5566, 2239, 41, 351, 534, 0, 167, 34007, 400, 384, 36, 7250, 228, 0, 4, 12041, 9890, 18737, 130, 165, 142, 5559, 5700, 7780, 42, 36, 28, 9, 4, 2, 0, 25970, 29257, 31483, 2, 155, 207, 251
174,4,13, 1059619,benign, 492, 22, 8788, 0, 5575, 2246, 41, 350, 539, 0, 163, 33362, 405, 378, 34, 6217, 267, 0, 2, 11479, 9170, 18771, 130, 165, 142, 5286, 5985, 7751, 34, 35, 29, 8, 3, 0, 0, 25821, 29087, 31312, 2, 171, 223, 267
175,10,19, 1055237,benign, 656, 22, 8814, 0, 5572, 2238, 41, 350, 539, 0, 158, 33916, 405, 380, 36, 7088, 428, 1, 3, 12099, 10043, 18788, 123, 158, 142, 5797, 5465, 7757, 42, 35, 29, 8, 5, 8, 0, 25649, 28829, 31080, 2, 193, 245, 289
176,5,5, 1056393,benign, 688, 23, 8837, 0, 5572, 2243, 41, 350, 539, 0, 166, 33605, 405, 427, 36, 7383, 301, 1, 2, 12188, 10040, 18792, 170, 206, 142, 5554, 5721, 7758, 41, 35, 29, 9, 4, 7, 0, 25790, 29031, 31257, 2, 203, 257, 301
177,0,20, 1054897,benign, 644, 22, 8827, 0, 5568, 2238, 41, 350, 539, 0, 159, 33580, 405, 400, 35, 6785, 258, 123, 3, 12030, 9844, 18774, 130, 165, 142, 5788, 5474, 7774, 42, 35, 29, 8, 2, 8, 0, 25701, 28871, 31091, 2, 166, 218, 262
178,8,24, 1058891,benign, 766, 24, 8810, 0, 5573, 2242, 41, 350, 539, 0, 168, 34271, 405, 370, 34, 7556, 283, 8, 6, 12297, 10122, 18785, 173, 209, 142, 5873, 5405, 7752, 42, 35, 29, 8, 3, 7, 0, 25960, 29374, 31640, 2, 165, 218, 262
179,1,18, 1051180,SDC, 506, 22, 8829, 4, 5564, 2241, 41, 350, 534, 0, 165, 33328, 400, 382, 36, 6477, 311, 0, 2, 11498, 9394, 18721, 130, 165, 142, 6031, 5224, 7758, 42, 35, 29, 8, 3, 2, 0, 25246, 28522, 30759, 2, 186, 240, 284
180,1,23, 1059756,benign, 461, 21, 8808, 4, 5568, 2243, 42, 350, 539, 0, 153, 32822, 405, 416, 36, 6186, 254, 22, 2, 11108, 9076, 18782, 131, 166, 142, 5529, 5746, 7751, 42, 35, 29, 8, 1, 22, 0, 25227, 28541, 30773, 2, 143, 195, 239
181,1,31, 1054094,benign, 622, 24, 8845, 0, 5568, 2238, 41, 350, 539, 0, 159, 33716, 405, 433, 37, 6785, 398, 1, 4, 11924, 9749, 18756, 150, 185, 142, 6067, 5198, 7754, 42, 35, 29, 8, 3, 1, 0, 25881, 29067, 31288, 2, 142, 194, 238
182,9,10, 1054395,benign, 632, 22, 8822, 0, 5574, 2240, 41, 350, 539, 0, 159, 33404, 405, 387, 35, 6663, 301, 1, 3, 11618, 9581, 18762, 130, 165, 142, 5546, 5716, 7758, 42, 35, 29, 8, 4, 1, 0, 25510, 28805, 31043, 2, 150, 202, 246
183,10,4, 1050459,benign, 509, 22, 8824, 0, 5570, 2238, 41, 350, 539, 0, 166, 33503, 405, 404, 36, 6334, 353, 2, 2, 11415, 9528, 18782, 131, 166, 142, 5796, 5471, 7758, 41, 35, 29, 8, 3, 1, 1, 25323, 28714, 30947, 2, 166, 218, 262
184,3,9, 1056399,SDC, 687, 23, 8834, 0, 5564, 2242, 41, 350, 534, 0, 169, 33604, 405, 382, 35, 6929, 269, 2, 3, 11897, 9812, 18766, 162, 197, 142, 5811, 5477, 7755, 42, 35, 29, 8, 3, 7, 0, 25859, 29108, 31334, 2, 150, 202, 246
185,9,7, 1056231,benign, 689, 22, 8827, 0, 5568, 2236, 42, 350, 539, 0, 162, 33662, 405, 386, 36, 7005, 271, 1, 3, 11805, 9722, 18749, 136, 171, 142, 5773, 5487, 7750, 41, 35, 29, 8, 5, 1, 0, 26121, 29350, 31577, 2, 184, 238, 282
186,2,8, 1050310,benign, 501, 23, 8830, 0, 5568, 2239, 41, 350, 539, 0, 167, 33333, 405, 416, 36, 6731, 322, 1, 3, 11361, 9205, 18762, 152, 187, 142, 5800, 5473, 7758, 41, 36, 28, 8, 3, 1, 0, 25346, 28717, 30942, 2, 157, 209, 253
187,10,29, 1051214,benign, 523, 23, 8805, 0, 5568, 2235, 41, 350, 539, 0, 174, 33695, 405, 395, 36, 6545, 344, 7, 3, 11675, 9504, 18735, 130, 165, 142, 5803, 5477, 7746, 34, 35, 31, 8, 5, 2, 0, 25585, 28780, 31064, 2, 174, 226, 270
188,8,22, 1053859,benign, 607, 22, 8809, 0, 5566, 2237, 41, 351, 539, 0, 164, 33750, 405, 623, 37, 6711, 552, 1, 3, 11976, 9818, 18790, 121, 156, 142, 5771, 5480, 7759, 42, 35, 29, 8, 3, 2, 0, 25836, 29007, 31232, 2, 173, 225, 269
189,9,7, 1059452,benign, 753, 22, 8832, 4, 5566, 2240, 42, 351, 539, 0, 166, 33795, 405, 371, 34, 7524, 253, 7, 3, 11812, 9809, 18707, 147, 180, 144, 5805, 5459, 7756, 42, 36, 28, 8, 4, 1, 0, 26199, 29517, 31749, 2, 166, 218, 262
190,0,16, 1059173,benign, 780, 22, 8821, 0, 5575, 2243, 41, 350, 539, 0, 168, 33875, 405, 378, 37, 7466, 249, 7, 3, 12554, 10412, 18801, 182, 218, 142, 5555, 5723, 7756, 42, 35, 29, 8, 3, 1, 2, 25946, 29254, 31492, 2, 141, 193, 237
191,2,21, 1057934,benign, 733, 23, 8826, 0, 5572, 2240, 41, 350, 539, 0, 169, 33803, 405, 370, 36, 6970, 281, 2, 2, 12311, 10438, 18805, 135, 170, 142, 5806, 5458, 7749, 42, 36, 28, 8, 5, 1, 0, 25849, 29082, 31338, 2, 143, 195, 239
192,1,24, 1054401,benign, 631, 23, 8816, 0, 5567, 2234, 41, 350, 539, 0, 172, 33457, 405, 379, 35, 6747, 303, 7, 4, 11620, 9493, 18751, 122, 157, 142, 5529, 5712, 7766, 40, 35, 31, 7, 4, 0, 0, 25850, 29024, 31256, 2, 169, 221, 265
193,4,13, 1050009,benign, 499, 22, 8824, 0, 5570, 2244, 42, 350, 539, 0, 169, 33604, 405, 426, 35, 6331, 344, 2, 3, 11461, 9497, 18771, 167, 203, 142, 5807, 5470, 7755, 42, 36, 28, 8, 4, 2, 0, 25572, 28885, 31148, 2, 201, 255, 299
194,4,19, 1050136,benign, 467, 22, 8798, 3, 5570, 2234, 42, 350, 539, 0, 156, 33374, 405, 378, 34, 6550, 267, 2, 2, 11461, 9338, 18718, 167, 203, 142, 5784, 5487, 7771, 42, 35, 29, 8, 5, 1, 0, 25429, 28687, 30918, 1, 186, 240, 284
195,3,2, 1052157,benign, 557, 22, 8820, 0, 5568, 2236, 42, 351, 539, 0, 167, 33836, 405, 383, 35, 6763, 258, 1, 2, 11380, 9351, 18766, 137, 172, 142, 5621, 5645, 7762, 42, 35, 29, 8, 5, 1, 0, 25407, 28626, 30858, 2, 142, 194, 238
196,2,31, 1058372,benign, 726, 22, 8816, 4, 5572, 2236, 41, 350, 539, 0, 167, 33617, 405, 525, 35, 7053, 323, 0, 4, 11676, 9605, 18745, 166, 202, 142, 5803, 5470, 7754, 42, 35, 29, 9, 3, 2, 0, 25523, 28768, 31001, 2, 350, 402, 446
197,4,6, 1053925,benign, 607, 23, 8830, 1, 5569, 2236, 41, 350, 539, 0, 167, 33608, 405, 378, 37, 6567, 346, 9, 2, 11370, 9267, 18795, 318, 351, 144, 5556, 5733, 7778, 42, 35, 29, 9, 3, 7, 1, 25904, 29133, 31371, 3, 150, 202, 246
198,10,19, 1052408,benign, 541, 22, 8817, 4, 5570, 2241, 41, 350, 539, 0, 168, 33088, 405, 399, 34, 6419, 288, 2, 3, 11310, 9162, 18759, 176, 212, 142, 5604, 5665, 7760, 42, 35, 29, 8, 2, 2, 0, 25701, 28932, 31181, 2, 174, 226, 270
199,8,11, 1058804,benign, 740, 23, 8823, 4, 5568, 2243, 41, 350, 539, 0, 165, 33932, 405, 386, 34, 7027, 323, 1, 3, 11976, 10009, 18772, 130, 165, 142, 5559, 5703, 7779, 42, 35, 31, 8, 3, 0, 0, 25855, 29357, 31577, 2, 151, 203, 247
200,4,4, 1059203,benign, 779, 23, 8829, 1, 5571, 2239, 41, 350, 539, 0, 166, 33892, 405, 415, 35, 7176, 326, 9, 2, 12461, 10272, 18818, 122, 157, 142, 5805, 5459, 7760, 42, 36, 28, 8, 3, 9, 0, 26448, 29604, 31855, 2, 172, 225, 269
201,4,12, 1053343,benign, 590, 22, 8814, 0, 5571, 2240, 41, 350, 539, 0, 169, 33613, 405, 396, 35, 6568, 247, 2, 2, 11766, 9583, 18767, 122, 157, 142, 5538, 5710, 7751, 42, 35, 29, 7, 3, 1, 0, 25308, 28478, 30698, 2, 152, 204, 248
202,9,27, 1060143,benign, 461, 22, 8815, 0, 5576, 2240, 42, 351, 539, 0, 162, 33342, 405, 394, 38, 6512, 409, 3, 2, 11482, 9323, 18752, 183, 219, 142, 5521, 5753, 7752, 42, 35, 29, 8, 4, 1, 2, 25222, 28513, 30752, 2, 158, 210, 254
203,10,14, 1053190,benign, 589, 22, 8808, 0, 5567, 2239, 41, 351, 539, 0, 164, 33766, 405, 378, 35, 6552, 262, 1, 2, 11811, 9768, 18774, 138, 173, 142, 5559, 5710, 7776, 42, 35, 29, 9, 1, 2, 1, 25486, 28945, 31213, 2, 142, 194, 238
204,6,27, 1058111,benign, 737, 22, 8830, 0, 5572, 2234, 41, 350, 539, 0, 158, 33935, 405, 395, 36, 6981, 250, 2, 3, 12448, 10320, 18798, 149, 184, 142, 5804, 5453, 7757, 42, 35, 31, 8, 4, 2, 0, 26183, 29480, 31705, 2, 188, 242, 286
205,2,27, 1053931,SDC, 621, 22, 8808, 0, 5563, 2241, 41, 350, 534, 0, 167, 33790, 400, 397, 36, 7095, 371, 122, 2, 11799, 9636, 18745, 136, 171, 142, 5576, 5694, 7770, 42, 35, 29, 8, 3, 2, 0, 25696, 28956, 31235, 2, 184, 236, 280
206,10,20, 1050104,benign, 470, 22, 8810, 4, 5572, 2239, 41, 350, 539, 0, 165, 33365, 405, 397, 37, 6417, 317, 1, 2, 11579, 9428, 18764, 122, 157, 142, 5280, 5980, 7751, 42, 35, 29, 8, 5, 1, 0, 25007, 28336, 30556, 2, 143, 195, 239
207,0,9, 1054780,SDC, 615, 22, 8826, 4, 5563, 2239, 41, 350, 534, 0, 173, 33600, 400, 371, 34, 6674, 325, 2, 2, 11764, 9690, 18728, 182, 218, 142, 5789, 5472, 7754, 42, 35, 29, 9, 5, 2, 1, 25568, 28831, 31057, 2, 173, 225, 269
208,2,18, 1057450,SDC, 728, 22, 8836, 0, 5563, 2244, 41, 350, 534, 0, 169, 33775, 400, 384, 35, 7128, 275, 7, 3, 11775, 9654, 18776, 131, 166, 142, 5578, 5692, 7752, 42, 35, 29, 8, 3, 7, 1, 25734, 28894, 31149, 2, 151, 203, 247
209,8,4, 1060350,benign, 477, 20, 8812, 0, 5569, 2241, 41, 350, 539, 0, 166, 33137, 405, 384, 36, 6740, 287, 22, 2, 11520, 9376, 18739, 162, 198, 142, 5291, 5980, 7747, 42, 35, 29, 8, 4, 22, 0, 25071, 28375, 30612, 2, 234, 286, 330
210,10,13, 1054726,benign, 635, 22, 8823, 0, 5567, 2235, 41, 350, 539, 0, 166, 33501, 405, 433, 35, 6840, 353, 8, 3, 11553, 9458, 18752, 121, 156, 142, 5542, 5718, 7751, 42, 36, 28, 8, 3, 2, 0, 25795, 29198, 31430, 2, 150, 202, 246
211,2,24, 1058875,SDC, 775, 22, 8817, 0, 5563, 2238, 41, 350, 534, 0, 162, 33929, 400, 371, 35, 7208, 233, 2, 2, 12140, 10003, 18796, 168, 204, 142, 5543, 5710, 7758, 42, 35, 29, 8, 4, 1, 0, 25801, 29033, 31299, 2, 167, 219, 263
212,9,16, 1054625,benign, 636, 23, 8819, 0, 5573, 2240, 41, 350, 539, 0, 161, 33836, 405, 379, 37, 6741, 285, 2, 3, 12050, 9901, 18722, 122, 157, 142, 5774, 5477, 7752, 42, 35, 31, 8, 3, 2, 0, 25626, 28958, 31184, 2, 162, 214, 258
213,0,2, 1056426,benign, 691, 22, 8831, 0, 5567, 2238, 41, 350, 539, 0, 170, 33765, 405, 655, 38, 6974, 347, 1, 4, 11817, 9645, 18749, 151, 186, 142, 5862, 5409, 7761, 42, 35, 29, 8, 3, 2, 1, 25821, 29077, 31304, 2, 143, 195, 239
214,6,4, 1055606,benign, 668, 22, 8817, 0, 5570, 2240, 41, 350, 539, 0, 165, 33685, 405, 386, 35, 6461, 259, 2, 2, 11815, 9678, 18764, 192, 227, 142, 5805, 5469, 7753, 42, 35, 29, 8, 4, 1, 0, 25936, 29121, 31352, 2, 143, 195, 239
215,0,9, 1054327,benign, 626, 22, 8835, 0, 5572, 2235, 41, 350, 539, 0, 166, 34183, 405, 440, 35, 6963, 297, 1, 4, 11540, 9494, 18798, 162, 198, 142, 5800, 5467, 7751, 34, 35, 29, 8, 5, 8, 0, 25336, 28515, 30734, 2, 154, 206, 250
216,6,16, 1051336,benign, 508, 22, 8802, 4, 5567, 2240, 41, 350, 539, 0, 163, 33329, 405, 432, 35, 6674, 261, 1, 3, 11348, 9218, 18758, 146, 181, 142, 5566, 5703, 7759, 42, 35, 29, 8, 2, 1, 0, 25350, 28604, 30831, 2, 202, 256, 300
217,10,6, 1057331,benign, 729, 24, 8814, 0, 5572, 2243, 41, 350, 539, 0, 168, 33792, 405, 396, 36, 6893, 312, 1, 4, 11723, 9644, 18790, 130, 165, 142, 5552, 5703, 7760, 42, 35, 29, 8, 4, 1, 0, 25945, 29233, 31481, 2, 166, 218, 262
218,0,14, 1055326,benign, 656, 23, 8811, 0, 5570, 2242, 41, 350, 539, 0, 160, 34073, 405, 419, 35, 6725, 313, 1, 2, 12103, 9916, 18749, 130, 165, 142, 5798, 5463, 7759, 40, 35, 31, 8, 3, 8, 0, 25656, 28895, 31143, 2, 152, 204, 248
219,3,27, 1055513,SDC, 658, 23, 8810, 0, 5565, 2239, 41, 350, 534, 0, 160, 33531, 400, 542, 35, 6812, 350, 2, 2, 11963, 9931, 18750, 122, 157, 142, 5781, 5457, 7754, 42, 35, 29, 8, 3, 1, 0, 25758, 29016, 31296, 2, 166, 218, 262
220,4,13, 1057615,benign, 726, 22, 8836, 0, 5569, 2237, 41, 350, 539, 0, 161, 34021, 405, 401, 34, 7075, 264, 2, 2, 12014, 9830, 18787, 132, 167, 142, 5826, 5442, 7757, 42, 35, 29, 9, 5, 1, 0, 26260, 29468, 31718, 2, 156, 208, 252
221,6,0, 1053873,benign, 604, 22, 8817, 0, 5570, 2240, 41, 350, 539, 0, 168, 33519, 405, 418, 36, 6503, 253, 1, 3, 12022, 9847, 18759, 174, 208, 142, 5808, 5458, 7751, 42, 35, 29, 9, 4, 7, 1, 25523, 28804, 31035, 2, 186, 240, 284
222,8,5, 1056720,benign, 678, 23, 8822, 4, 5572, 2241, 41, 350, 539, 0, 165, 33639, 405, 391, 37, 6953, 314, 1, 2, 11742, 9613, 18727, 122, 157, 142, 5789, 5458, 7763, 42, 35, 29, 9, 3, 2, 0, 25711, 29060, 31292, 2, 188, 242, 286
223,7,9, 1051631,benign, 537, 22, 8804, 0, 5570, 2240, 41, 350, 539, 0, 169, 33832, 405, 415, 35, 7024, 269, 1, 2, 11444, 9366, 18783, 122, 157, 142, 5798, 5459, 7750, 42, 35, 29, 8, 5, 7, 0, 25442, 28593, 30843, 2, 196, 250, 294
224,9,6, 1050807,benign, 516, 22, 8819, 0, 5570, 2238, 41, 351, 539, 0, 166, 33201, 405, 380, 36, 6536, 238, 1, 2, 11262, 9232, 18788, 167, 203, 142, 5787, 5480, 7752, 42, 35, 29, 8, 3, 1, 0, 25589, 28796, 31022, 2, 143, 195, 239
225,8,18, 1059438,benign, 779, 22, 8837, 0, 5571, 2236, 41, 350, 539, 0, 170, 34009, 405, 378, 36, 7098, 272, 122, 4, 12175, 10029, 18776, 169, 205, 142, 6062, 5206, 7775, 42, 35, 29, 8, 2, 2, 0, 26042, 29250, 31493, 2, 188, 242, 286
226,7,13, 1050808,benign, 490, 22, 8828, 4, 5570, 2244, 41, 351, 539, 0, 160, 33161, 405, 392, 35, 6488, 250, 1, 3, 11223, 9208, 18743, 131, 166, 142, 5785, 5492, 7757, 42, 35, 29, 8, 2, 1, 0, 24962, 28201, 30466, 2, 142, 194, 238
227,1,28, 1052178,benign, 548, 22, 8822, 0, 5568, 2238, 41, 350, 539, 0, 166, 33578, 405, 418, 37, 6540, 306, 1, 4, 11677, 9440, 18776, 175, 208, 144, 5562, 5709, 7754, 42, 35, 29, 8, 3, 1, 0, 25501, 28742, 30961, 2, 144, 196, 240
228,0,29, 1053541,benign, 595, 22, 8814, 0, 5568, 2235, 41, 350, 539, 0, 162, 33492, 405, 570, 35, 6857, 302, 1, 5, 11586, 9599, 18754, 201, 236, 140, 6034, 5227, 7748, 42, 35, 29, 8, 5, 1, 0, 25443, 28600, 30837, 2, 156, 208, 252
229,9,18, 1051504,benign, 510, 24, 8809, 4, 5570, 2242, 41, 350, 539, 0, 170, 33216, 405, 408, 35, 6710, 270, 7, 2, 11369, 9145, 18734, 201, 236, 140, 5796, 5478, 7770, 42, 35, 31, 7, 2, 1, 0, 25223, 28454, 30721, 2, 191, 243, 287
230,3,27, 1058452,benign, 727, 23, 8830, 4, 5565, 2237, 41, 350, 539, 0, 168, 33614, 405, 418, 35, 7146, 258, 1, 4, 11869, 9763, 18754, 130, 165, 142, 5807, 5468, 7785, 42, 35, 29, 8, 2, 7, 0, 26033, 29290, 31540, 2, 143, 195, 239
231,9,27, 1052624,benign, 548, 22, 8802, 4, 5571, 2238, 41, 351, 539, 0, 161, 33226, 405, 430, 37, 6666, 266, 0, 2, 11712, 9214, 18717, 139, 174, 142, 6056, 5211, 7768, 42, 36, 28, 8, 2, 1, 0, 25302, 28474, 30752, 2, 152, 204, 248
232,5,21, 1052707,benign, 578, 22, 8818, 0, 5572, 2244, 41, 350, 539, 0, 169, 33581, 405, 392, 37, 6688, 294, 2, 2, 11385, 9274, 18741, 126, 161, 140, 5798, 5454, 7759, 42, 35, 29, 9, 3, 1, 0, 25718, 28903, 31169, 2, 185, 239, 283
233,1,20, 1059771,benign, 497, 22, 8802, 0, 5568, 2243, 41, 350, 539, 0, 159, 33141, 405, 420, 35, 6385, 285, 14, 3, 11618, 9259, 18747, 123, 158, 142, 5265, 5983, 7749, 41, 35, 29, 8, 5, 4, 0, 25156, 28691, 30956, 2, 155, 207, 251
234,0,5, 1058600,benign, 735, 22, 8814, 4, 5569, 2238, 41, 350, 539, 0, 167, 33672, 405, 383, 37, 7017, 283, 2, 3, 12221, 10095, 18776, 150, 185, 142, 5786, 5480, 7751, 42, 36, 28, 8, 3, 7, 1, 25692, 29102, 31367, 2, 154, 206, 250
235,3,11, 1056973,SDC, 700, 22, 8827, 0, 5564, 2235, 42, 350, 534, 0, 161, 33909, 400, 388, 37, 7145, 258, 2, 3, 12368, 10220, 18787, 132, 167, 142, 5807, 5452, 7755, 42, 35, 29, 8, 4, 1, 1, 25779, 28925, 31146, 2, 171, 223, 267
236,6,9, 1057632,benign, 704, 22, 8833, 4, 5569, 2243, 41, 350, 539, 0, 172, 33536, 405, 384, 37, 7127, 319, 122, 2, 12066, 9759, 18736, 136, 171, 142, 5800, 5467, 7770, 42, 35, 29, 9, 3, 2, 0, 25776, 29072, 31307, 2, 187, 241, 285
237,9,6, 1055357,benign, 667, 22, 8814, 0, 5571, 2239, 41, 351, 539, 0, 164, 33651, 405, 408, 35, 6922, 266, 2, 4, 11836, 9641, 18739, 176, 208, 144, 6051, 5221, 7759, 42, 35, 29, 9, 5, 1, 0, 25805, 29112, 31339, 2, 168, 220, 264
238,6,13, 1053529,benign, 598, 23, 8811, 0, 5569, 2238, 41, 350, 539, 0, 170, 33665, 405, 370, 39, 6811, 346, 1, 2, 11889, 9747, 18753, 136, 171, 142, 5808, 5461, 7756, 42, 35, 29, 8, 4, 7, 0, 25829, 29039, 31266, 2, 143, 195, 239
239,0,11, 1053498,benign, 592, 22, 8813, 0, 5569, 2238, 41, 350, 539, 0, 158, 33419, 405, 379, 36, 6666, 340, 1, 3, 11722, 9787, 18756, 136, 171, 142, 5545, 5727, 7753, 42, 36, 28, 8, 5, 1, 1, 25750, 29062, 31299, 2, 338, 390, 434
240,5,17, 1051758,benign, 548, 23, 8800, 0, 5570, 2238, 41, 350, 539, 0, 170, 33623, 405, 381, 35, 6289, 298, 0, 4, 11416, 9230, 18777, 123, 158, 142, 5821, 5462, 7751, 42, 35, 31, 8, 3, 1, 0, 25570, 28798, 31047, 2, 180, 232, 276
241,5,2, 1054649,benign, 637, 22, 8812, 0, 5568, 2237, 41, 350, 539, 0, 162, 33658, 405, 382, 35, 6708, 304, 1, 2, 11988, 9746, 18753, 168, 204, 142, 5801, 5469, 7757, 42, 34, 29, 9, 3, 1, 0, 25743, 28988, 31236, 2, 159, 211, 255
242,9,5, 1056010,benign, 674, 22, 8814, 0, 5567, 2240, 41, 350, 539, 0, 160, 33690, 405, 370, 38, 7200, 260, 7, 2, 11752, 9710, 18770, 122, 157, 142, 5808, 5437, 7753, 42, 35, 29, 8, 3, 1, 0, 26161, 29341, 31561, 2, 190, 244, 288
243,8,2, 1059257,benign, 782, 22, 8821, 0, 5569, 2243, 41, 351, 539, 0, 158, 34005, 405, 377, 35, 7370, 266, 8, 3, 12030, 10028, 18793, 132, 167, 142, 5790, 5476, 7755, 42, 35, 29, 8, 5, 2, 1, 25851, 29171, 31403, 2, 155, 207, 251
244,1,28, 1051900,SDC, 529, 23, 8797, 4, 5566, 2242, 42, 350, 534, 0, 170, 33241, 400, 380, 36, 6744, 269, 1, 4, 11580, 9563, 18736, 123, 158, 142, 6059, 5193, 7751, 42, 36, 28, 8, 3, 2, 0, 25411, 28695, 30934, 2, 192, 244, 288
245,0,29, 1052304,benign, 532, 22, 8812, 4, 5568, 2238, 42, 350, 539, 0, 166, 33303, 405, 416, 34, 6579, 301, 2, 2, 11431, 9307, 18746, 177, 212, 139, 5806, 5475, 7752, 42, 35, 31, 8, 3, 1, 0, 25641, 28903, 31165, 2, 188, 242, 286
246,5,25, 1058586,benign, 766, 23, 8814, 0, 5568, 2238, 41, 350, 539, 0, 177, 34033, 405, 370, 38, 7285, 336, 1, 3, 11977, 10040, 18824, 177, 212, 139, 5801, 5477, 7775, 42, 35, 29, 8, 3, 1, 0, 26256, 29581, 31814, 2, 155, 207, 251
247,7,28, 1058984,benign, 748, 22, 8827, 4, 5568, 2238, 41, 351, 539, 0, 162, 33834, 405, 378, 37, 7154, 286, 1, 4, 12014, 9820, 18725, 123, 158, 142, 5539, 5712, 7762, 42, 35, 29, 8, 3, 1, 1, 25703, 28933, 31194, 2, 156, 208, 252
248,6,5, 1053314,benign, 588, 22, 8804, 0, 5569, 2241, 42, 350, 539, 0, 170, 33927, 405, 386, 38, 6906, 251, 1, 3, 11883, 9708, 18752, 145, 180, 142, 6042, 5218, 7755, 42, 36, 28, 8, 3, 1, 0, 25625, 28802, 31023, 2, 150, 202, 246
249,6,16, 1059457,benign, 792, 22, 8839, 0, 5569, 2239, 41, 350, 539, 0, 167, 34135, 405, 397, 37, 7057, 260, 2, 3, 12576, 10411, 18823, 154, 189, 142, 5794, 5465, 7759, 42, 36, 28, 8, 4, 2, 0, 26114, 29407, 31657, 2, 155, 207, 251
250,6,12, 1050759,benign, 521, 22, 8799, 0, 5568, 2239, 41, 350, 539, 0, 160, 33561, 405, 370, 38, 6354, 322, 2, 3, 11263, 9190, 18768, 130, 165, 142, 5793, 5476, 7758, 42, 35, 29, 8, 3, 1, 0, 25297, 28830, 31068, 2, 202, 256, 300
251,2,9, 1059563,SDC, 483, 23, 8791, 1, 5562, 2233, 41, 351, 534, 1, 154, 33080, 400, 370, 36, 6415, 298, 24, 3, 11655, 9456, 18735, 137, 172, 142, 5764, 5497, 7752, 36, 36, 28, 9, 4, 7, 5, 25480, 28748, 30956, 2, 186, 240, 284
252,9,31, 1052035,benign, 560, 23, 8824, 0, 5573, 2238, 41, 350, 539, 0, 172, 33801, 405, 418, 38, 6510, 319, 1, 4, 11764, 9686, 18761, 122, 157, 142, 5799, 5466, 7759, 40, 35, 29, 8, 3, 2, 0, 25828, 29111, 31331, 2, 154, 206, 250
253,4,16, 1059691,benign, 480, 20, 8789, 0, 5570, 2237, 41, 350, 539, 0, 160, 33405, 405, 549, 36, 6682, 298, 0, 2, 11180, 8915, 18746, 182, 218, 142, 5460, 5802, 7738, 42, 35, 29, 9, 4, 0, 0, 25437, 28576, 30823, 1, 156, 208, 252
254,1,8, 1053353,SDC, 603, 22, 8823, 0, 5567, 2242, 42, 350, 534, 0, 160, 33677, 400, 402, 39, 6838, 289, 7, 5, 11843, 9766, 18769, 147, 180, 144, 5784, 5470, 7753, 42, 36, 28, 8, 5, 1, 0, 25803, 29162, 31394, 2, 154, 206, 250
255,2,12, 1050219,SDC, 491, 23, 8807, 0, 5566, 2240, 41, 350, 534, 0, 167, 33656, 400, 392, 35, 6597, 318, 7, 2, 11624, 9443, 18752, 130, 165, 142, 5777, 5487, 7756, 42, 35, 29, 8, 3, 7, 0, 25543, 28762, 31024, 2, 159, 211, 255
256,4,30, 1058004,benign, 718, 22, 8835, 3, 5570, 2233, 41, 350, 539, 0, 162, 33745, 405, 392, 34, 6958, 254, 0, 2, 11628, 9491, 18721, 182, 217, 142, 5557, 5724, 7760, 42, 36, 28, 8, 3, 2, 0, 25789, 29095, 31327, 2, 339, 391, 435
257,3,17, 1053255,benign, 601, 23, 8826, 0, 5569, 2243, 41, 350, 539, 0, 166, 33718, 405, 370, 35, 6434, 270, 0, 3, 12010, 9738, 18767, 136, 171, 142, 5564, 5699, 7758, 41, 35, 29, 8, 3, 2, 1, 25296, 28693, 30924, 2, 150, 202, 246
258,1,23, 1051476,benign, 509, 22, 8803, 4, 5573, 2236, 41, 350, 539, 0, 161, 33223, 405, 637, 34, 6655, 323, 2, 3, 11426, 9330, 18740, 129, 164, 142, 5805, 5459, 7757, 42, 35, 29, 8, 3, 2, 0, 25345, 28610, 30843, 2, 150, 202, 246
259,5,1, 1056853,benign, 696, 23, 8810, 0, 5570, 2240, 41, 350, 539, 0, 167, 33763, 405, 409, 36, 6759, 328, 1, 4, 12288, 9957, 18773, 155, 190, 142, 5807, 5471, 7753, 42, 35, 29, 9, 2, 2, 1, 25840, 29038, 31258, 2, 168, 220, 264
260,5,19, 1059112,benign, 751, 23, 8841, 4, 5572, 2240, 41, 350, 539, 0, 175, 33529, 405, 430, 36, 7247, 265, 7, 3, 12316, 10188, 18755, 136, 171, 142, 5805, 5473, 7771, 42, 35, 31, 8, 2, 2, 0, 25963, 29451, 31747, 2, 152, 204, 248
261,10,25, 1051789,benign, 540, 22, 8828, 0, 5569, 2242, 41, 350, 539, 0, 171, 33582, 405, 397, 37, 6801, 329, 7, 3, 11355, 9277, 18765, 154, 189, 142, 6042, 5229, 7757, 42, 35, 29, 8, 3, 1, 0, 25591, 28904, 31149, 2, 150, 202, 246
262,8,19, 1055212,benign, 632, 22, 8804, 4, 5567, 2233, 41, 351, 539, 0, 173, 33673, 405, 416, 36, 6838, 318, 1, 3, 11590, 9469, 18780, 123, 158, 142, 5805, 5458, 7758, 42, 35, 29, 8, 3, 7, 0, 25325, 28725, 30945, 2, 169, 221, 265
263,6,12, 1060348,benign, 461, 21, 8818, 4, 5565, 2234, 41, 350, 539, 0, 153, 33169, 405, 416, 34, 6542, 317, 0, 3, 11029, 8840, 18728, 137, 172, 142, 5795, 5487, 7749, 42, 35, 29, 8, 5, 5, 0, 24959, 28374, 30636, 2, 150, 202, 246
264,2,26, 1057978,benign, 743, 23, 8828, 0, 5576, 2241, 41, 350, 539, 0, 170, 34125, 405, 382, 35, 7451, 330, 8, 2, 11833, 9652, 18779, 123, 158, 142, 5794, 5458, 7769, 42, 35, 29, 8, 2, 1, 0, 25817, 29153, 31385, 2, 150, 202, 246
265,6,11, 1052936,benign, 561, 23, 8813, 4, 5571, 2237, 41, 350, 539, 0, 164, 33093, 405, 379, 37, 6456, 295, 2, 2, 11247, 9114, 18748, 122, 157, 142, 5809, 5452, 7751, 42, 34, 29, 9, 5, 2, 0, 25178, 28443, 30691, 2, 166, 219, 263
266,4,2, 1054509,benign, 628, 23, 8824, 1, 5567, 2242, 41, 350, 539, 0, 175, 33509, 405, 383, 34, 6805, 277, 8, 2, 11468, 9355, 18744, 169, 204, 142, 6079, 5199, 7760, 42, 36, 28, 8, 5, 10, 1, 25831, 29096, 31349, 1, 143, 195, 239
267,10,7, 1054902,benign, 642, 22, 8818, 0, 5572, 2239, 42, 350, 539, 0, 161, 33607, 405, 397, 35, 6605, 374, 1, 6, 12015, 9819, 18763, 148, 183, 142, 5545, 5727, 7780, 42, 35, 29, 8, 3, 2, 1, 25639, 28776, 31002, 2, 175, 227, 271
268,4,16, 1058442,benign, 760, 22, 8820, 0, 5570, 2238, 41, 350, 539, 0, 168, 34136, 405, 370, 35, 7259, 292, 2, 2, 11945, 9948, 18768, 121, 156, 142, 5792, 5462, 7751, 42, 36, 28, 8, 3, 1, 0, 26064, 29306, 31568, 2, 162, 214, 258
269,10,16, 1053570,benign, 600, 22, 8834, 0, 5570, 2235, 41, 351, 539, 0, 174, 33882, 405, 430, 37, 6426, 277, 2, 2, 11712, 9579, 18789, 122, 157, 142, 5793, 5468, 7759, 42, 36, 28, 8, 3, 2, 0, 25771, 28987, 31219, 2, 166, 218, 262
270,9,20, 1058452,benign, 727, 22, 8844, 4, 5571, 2239, 41, 350, 539, 0, 170, 33889, 405, 370, 35, 7339, 397, 8, 3, 11867, 9997, 18745, 122, 157, 142, 5527, 5729, 7758, 42, 35, 29, 8, 2, 7, 0, 25608, 28884, 31111, 2, 143, 195, 239
271,10,12, 1058715,benign, 768, 22, 8838, 0, 5575, 2241, 41, 351, 539, 0, 167, 33910, 405, 426, 35, 7191, 253, 1, 3, 12086, 9942, 18778, 142, 175, 144, 5542, 5728, 7751, 40, 35, 29, 8, 1, 1, 0, 26474, 29740, 31959, 2, 169, 221, 265
272,1,0, 1059275,benign, 778, 22, 8841, 0, 5571, 2238, 42, 350, 539, 0, 162, 34281, 405, 380, 35, 7195, 350, 1, 4, 11823, 9710, 18774, 135, 170, 142, 6084, 5190, 7760, 42, 36, 28, 8, 3, 2, 0, 25708, 29037, 31288, 2, 187, 241, 285
273,10,24, 1051990,benign, 553, 22, 8822, 0, 5571, 2239, 41, 350, 539, 0, 170, 33339, 405, 397, 35, 6798, 475, 1, 2, 11544, 9480, 18781, 145, 178, 144, 5824, 5461, 7758, 42, 35, 29, 8, 3, 1, 0, 25887, 29102, 31328, 2, 150, 202, 246
274,9,8, 1056349,benign, 687, 22, 8822, 0, 5568, 2239, 41, 350, 539, 0, 169, 33967, 405, 430, 37, 7051, 274, 7, 3, 11776, 9805, 18760, 143, 176, 144, 5790, 5473, 7750, 42, 35, 29, 8, 5, 7, 0, 25849, 29064, 31308, 2, 159, 211, 255
275,1,2, 1054535,benign, 631, 23, 8825, 0, 5567, 2241, 42, 350, 539, 0, 159, 34073, 405, 430, 36, 6445, 266, 122, 3, 11560, 9380, 18771, 162, 197, 142, 5803, 5472, 7760, 42, 36, 28, 8, 5, 1, 1, 25531, 28727, 30947, 2, 362, 414, 458
276,8,15, 1059501,benign, 779, 24, 8818, 0, 5568, 2239, 41, 351, 539, 0, 156, 33879, 405, 402, 35, 7206, 264, 2, 2, 12482, 10283, 18814, 137, 170, 144, 6026, 5238, 7777, 42, 35, 29, 8, 3, 2, 0, 25725, 28899, 31119, 2, 200, 254, 298
277,5,25, 1050273,benign, 499, 22, 8818, 0, 5569, 2235, 41, 350, 539, 0, 166, 33274, 405, 416, 37, 6321, 341, 2, 4, 11388, 9176, 18728, 138, 171, 144, 5805, 5461, 7759, 42, 36, 28, 8, 3, 2, 0, 25093, 28374, 30623, 2, 151, 203, 247
278,8,18, 1055874,benign, 678, 22, 8812, 0, 5570, 2240, 41, 350, 539, 0, 162, 33358, 405, 382, 36, 7282, 294, 7, 2, 11876, 9854, 18757, 136, 171, 142, 5851, 5409, 7756, 42, 35, 29, 8, 3, 1, 0, 25521, 28751, 30983, 2, 170, 222, 266
279,10,0, 1050495,benign, 495, 22, 8800, 0, 5569, 2237, 41, 350, 539, 0, 171, 33761, 405, 384, 35, 6528, 350, 0, 4, 11591, 9650, 18780, 300, 335, 142, 6073, 5231, 7752, 42, 35, 29, 8, 4, 0, 0, 25841, 29276, 31503, 2, 156, 208, 252
280,7,17, 1055693,benign, 675, 24, 8818, 0, 5572, 2241, 41, 350, 539, 0, 164, 33739, 405, 555, 35, 6661, 317, 2, 3, 11515, 9345, 18738, 135, 170, 142, 5623, 5659, 7750, 42, 35, 29, 8, 3, 123, 0, 25540, 28741, 30961, 2, 166, 218, 262
281,5,9, 1052231,benign, 557, 22, 8813, 0, 5572, 2240, 41, 350, 539, 0, 164, 33860, 405, 397, 37, 6703, 334, 1, 4, 11658, 9467, 18734, 134, 169, 142, 5821, 5461, 7754, 40, 35, 29, 8, 4, 2, 0, 25466, 28643, 30863, 2, 154, 206, 250
282,0,0, 1057922,benign, 739, 22, 8816, 0, 5568, 2236, 41, 350, 539, 0, 164, 34193, 405, 370, 35, 7042, 346, 2, 3, 12013, 9962, 18760, 139, 174, 142, 5806, 5460, 7780, 42, 35, 29, 8, 4, 1, 0, 25667, 28834, 31054, 2, 155, 207, 251
283,10,11, 1055039,benign, 650, 22, 8814, 0, 5573, 2235, 41, 350, 539, 0, 173, 33570, 405, 381, 36, 6757, 270, 1, 3, 11832, 9778, 18747, 131, 166, 142, 5541, 5727, 7769, 42, 36, 28, 8, 3, 2, 0, 26126, 29429, 31678, 2, 157, 209, 253
284,1,9, 1056610,benign, 696, 22, 8841, 0, 5570, 2239, 41, 350, 539, 0, 166, 34056, 405, 371, 36, 7128, 484, 2, 2, 11883, 9724, 18749, 130, 165, 142, 5819, 5453, 7753, 42, 35, 31, 8, 4, 2, 0, 25882, 29138, 31358, 2, 150, 202, 246
285,7,31, 1052412,benign, 543, 22, 8818, 4, 5570, 2238, 41, 350, 539, 0, 162, 33136, 405, 427, 36, 6682, 352, 7, 3, 11482, 9354, 18714, 161, 197, 142, 5815, 5466, 7753, 38, 36, 28, 8, 3, 7, 0, 25534, 28855, 31109, 2, 371, 425, 469
286,8,26, 1057715,benign, 720, 22, 8832, 0, 5569, 2236, 41, 350, 539, 0, 162, 33749, 405, 432, 35, 6977, 303, 1, 5, 12000, 9905, 18766, 166, 204, 142, 5811, 5466, 7751, 42, 35, 29, 8, 3, 8, 0, 26208, 29539, 31800, 2, 143, 195, 239
287,4,27, 1058233,benign, 746, 23, 8836, 0, 5569, 2241, 41, 350, 539, 0, 161, 34079, 405, 385, 33, 7164, 262, 1, 2, 12072, 9939, 18770, 154, 189, 142, 5821, 5450, 7753, 42, 35, 29, 8, 3, 1, 0, 25732, 29034, 31283, 2, 173, 225, 269
288,0,0, 1056742,benign, 713, 23, 8831, 0, 5570, 2238, 41, 350, 539, 0, 174, 34111, 405, 385, 35, 7054, 239, 1, 3, 11761, 9713, 18750, 132, 167, 142, 5792, 5471, 7774, 42, 35, 29, 8, 4, 2, 0, 25906, 29097, 31329, 2, 396, 448, 492
289,7,31, 1053248,benign, 570, 22, 8806, 4, 5570, 2243, 41, 351, 539, 0, 157, 33599, 405, 402, 36, 6830, 316, 7, 2, 11213, 9162, 18719, 129, 164, 142, 5549, 5714, 7758, 42, 35, 29, 8, 3, 2, 1, 25126, 28376, 30636, 2, 187, 240, 284
290,4,27, 1054618,benign, 628, 22, 8819, 0, 5570, 2236, 41, 350, 539, 0, 165, 33296, 405, 433, 34, 6752, 303, 0, 2, 11841, 9726, 18772, 123, 158, 142, 5777, 5480, 7757, 41, 36, 28, 8, 3, 1, 0, 25555, 28774, 31021, 2, 188, 242, 286
291,9,1, 1054174,benign, 624, 22, 8808, 0, 5571, 2237, 41, 350, 539, 0, 161, 33706, 405, 420, 35, 6605, 270, 1, 2, 11844, 9705, 18760, 168, 204, 142, 5605, 5666, 7751, 42, 35, 29, 8, 5, 1, 0, 25648, 28956, 31206, 2, 183, 235, 279
292,6,19, 1059758,benign, 485, 22, 8794, 0, 5572, 2235, 41, 350, 539, 0, 152, 33409, 405, 397, 34, 6297, 275, 22, 3, 11565, 9511, 18747, 179, 215, 142, 5280, 5984, 7758, 42, 35, 29, 8, 3, 14, 1, 25241, 28432, 30706, 2, 143, 195, 239
293,5,1, 1056570,benign, 693, 23, 8836, 0, 5576, 2240, 42, 350, 539, 0, 168, 34131, 405, 371, 34, 7179, 458, 7, 4, 11921, 9651, 18755, 182, 218, 142, 5632, 5654, 7762, 41, 35, 29, 8, 3, 1, 0, 26048, 29346, 31565, 2, 174, 226, 270
294,1,6, 1056495,SDC, 696, 23, 8830, 0, 5562, 2245, 41, 350, 534, 0, 168, 34072, 400, 398, 36, 7008, 316, 7, 2, 11861, 9710, 18746, 135, 170, 142, 6053, 5218, 7761, 42, 35, 29, 8, 5, 1, 0, 25867, 29125, 31352, 2, 201, 254, 298
295,9,15, 1054627,benign, 633, 22, 8832, 0, 5568, 2236, 41, 350, 539, 0, 165, 33442, 405, 418, 35, 7063, 316, 8, 3, 11924, 9755, 18769, 136, 171, 142, 5562, 5717, 7754, 42, 35, 29, 8, 3, 2, 0, 25578, 28882, 31133, 2, 200, 254, 298
296,5,23, 1051265,benign, 535, 23, 8830, 0, 5567, 2237, 41, 350, 539, 0, 166, 34059, 405, 394, 36, 6310, 316, 1, 2, 11178, 9067, 18778, 181, 217, 142, 5616, 5657, 7754, 42, 35, 29, 8, 3, 1, 1, 25699, 28965, 31201, 2, 150, 202, 246
297,7,7, 1051727,benign, 547, 23, 8809, 0, 5570, 2245, 41, 350, 539, 0, 172, 33618, 405, 419, 36, 6574, 268, 2, 3, 11695, 9636, 18750, 125, 160, 140, 5794, 5462, 7758, 42, 35, 29, 8, 3, 2, 0, 25852, 29176, 31432, 2, 330, 382, 426
298,2,19, 1051469,benign, 537, 22, 8828, 0, 5571, 2236, 41, 350, 539, 0, 166, 33362, 405, 378, 35, 6619, 314, 1, 3, 11890, 9699, 18760, 121, 156, 142, 5784, 5462, 7759, 42, 35, 29, 8, 2, 2, 1, 25363, 28652, 30885, 2, 151, 203, 247
299,10,6, 1057911,benign, 742, 23, 8821, 0, 5572, 2235, 41, 350, 539, 0, 161, 34287, 405, 410, 37, 7210, 275, 1, 3, 12137, 9937, 18784, 130, 165, 142, 5560, 5720, 7752, 42, 35, 29, 8, 3, 1, 1, 26306, 29496, 31723, 2, 155, 207, 251
