num,reg,pos,loc,instraction,res,0,1,2,3,4,5,6,7,8,9,10,11,12,13,14,15,16,17,18,19,20,21,22,23,24,25,26,27,28,29,30,31,32,33,34,35,36,37,38,39,40,41
0,r2,8, 1087141,"  1096a4:	e50b0010 	str	r0, [fp, #-16]
",SDC, 35, 11, 523, 1, 380, 374, 1, 118, 279, 0, 127, 9635, 44, 3, 18, 1179, 20, 431, 3, 3717, 2860, 3240, 0, 0, 4, 602, 873, 744, 38, 0, 0, 19, 21, 125, 2, 10375, 1764, 5069, 1, 0, 0, 339
1,r1,18, 1088195,"  109ac0:	e30834dc 	movw	r3, #34012	; 0x84dc
",benign, 513, 232, 18789, 3, 13126, 4157, 1, 3563, 5124, 3, 726, 77450, 5308, 3, 119, 5200, 1351, 422, 3, 31905, 13132, 60493, 0, 0, 432, 19376, 17419, 18103, 135, 0, 0, 19, 57, 134, 2, 77329, 68941, 72140, 2, 0, 0, 329
2,r2,14, 1087428,"  1097c4:	e3530000 	cmp	r3, #0
",benign, 459, 230, 18772, 6, 13125, 4161, 2, 3555, 5116, 1, 727, 77137, 5300, 3, 119, 5036, 1409, 433, 3, 31137, 12522, 60331, 0, 0, 432, 19184, 17493, 18053, 130, 0, 0, 19, 60, 158, 5, 76592, 68359, 71694, 2, 0, 0, 328
4,r0,12, 1087642,"  109898:	e50b17f4 	str	r1, [fp, #-2036]	; 0xfffff80c
",benign, 348, 127, 22194, 3, 15460, 4924, 1, 4182, 6044, 1, 730, 87006, 6320, 3, 141, 5078, 1380, 433, 3, 35164, 13162, 70610, 0, 0, 522, 22501, 20600, 21163, 152, 0, 0, 17, 71, 154, 5, 87599, 79410, 82697, 2, 0, 0, 317
5,r3,4, 1087677,"  1098bc:	e30834d0 	movw	r3, #34000	; 0x84d0
",benign, 422, 266, 20527, 3, 14282, 4596, 1, 3937, 5645, 2, 724, 83904, 5892, 3, 153, 4873, 1587, 454, 3, 34899, 13042, 65672, 0, 0, 492, 21011, 19139, 19686, 149, 0, 0, 19, 95, 146, 5, 84010, 75270, 78506, 2, 0, 0, 316
6,r2,3, 1087683,"  1098c0:	e3403012 	movt	r3, #18
",benign, 419, 240, 21987, 3, 15319, 4855, 1, 4127, 5959, 1, 733, 86341, 6224, 3, 130, 4948, 1369, 431, 3, 35061, 13509, 69958, 0, 0, 512, 22493, 20300, 20988, 148, 0, 0, 19, 70, 154, 5, 86411, 77685, 80948, 2, 0, 0, 317
7,r1,15, 1087479,"  1097f4:	e51b3014 	ldr	r3, [fp, #-20]	; 0xffffffec
",benign, 498, 241, 21980, 3, 15327, 4849, 1, 4127, 5959, 1, 758, 86773, 6224, 3, 130, 5017, 1707, 432, 3, 35102, 13408, 70083, 0, 0, 512, 22602, 20205, 20977, 147, 0, 0, 19, 68, 146, 5, 86846, 78064, 81234, 2, 0, 0, 316
8,r3,18, 1088038,"  109a24:	e30834dc 	movw	r3, #34012	; 0x84dc
",benign, 526, 265, 20536, 3, 14290, 4600, 1, 3937, 5645, 3, 776, 85104, 5892, 3, 153, 5291, 1416, 421, 3, 35284, 13312, 65795, 0, 0, 492, 21010, 19217, 19717, 148, 0, 0, 19, 95, 144, 2, 85480, 76301, 79422, 2, 0, 0, 316
9,r2,4, 1087784,"  109928:	daffffe3 	ble	1098bc <dijkstra+0x38>
",benign, 132, 134, 531, 2, 382, 382, 1, 118, 279, 0, 131, 9964, 44, 3, 17, 1501, 47, 431, 3, 4013, 3002, 3190, 0, 0, 4, 606, 870, 744, 37, 0, 0, 19, 21, 142, 2, 10693, 1889, 5224, 1, 0, 0, 338
10,r0,18, 1087958,"  1099d4:	e0812002 	add	r2, r1, r2
",benign, 521, 292, 25194, 3, 17561, 5504, 1, 4794, 6834, 3, 854, 97774, 7171, 3, 160, 4726, 1626, 419, 3, 39669, 14071, 79064, 0, 0, 582, 25190, 22769, 24103, 167, 0, 0, 19, 88, 153, 2, 98402, 89041, 92247, 2, 0, 0, 316
11,r3,19, 1087801,"  109938:	0a0000ed 	beq	109cf4 <dijkstra+0x470>
",benign, 438, 274, 20522, 3, 14288, 4605, 1, 3937, 5645, 1, 701, 83586, 5892, 3, 152, 4795, 1467, 442, 3, 35051, 13020, 65775, 0, 0, 492, 20908, 19185, 19661, 150, 0, 0, 19, 99, 299, 5, 83980, 75751, 79022, 2, 0, 0, 317
12,r1,9, 1087244,"  10970c:	e51b2018 	ldr	r2, [fp, #-24]	; 0xffffffe8
",benign, 451, 230, 18798, 6, 13127, 4164, 2, 3563, 5124, 1, 707, 76655, 5308, 3, 118, 4675, 1352, 432, 3, 31058, 12224, 60346, 0, 0, 432, 19258, 17512, 18042, 130, 0, 0, 19, 62, 157, 5, 76912, 68621, 71824, 2, 0, 0, 316
13,r2,7, 1087493,"  109804:	e5933000 	ldr	r3, [r3]
",benign, 490, 274, 20526, 3, 14278, 4604, 1, 3937, 5645, 1, 737, 84012, 5892, 3, 153, 4776, 1539, 431, 3, 35382, 13411, 65745, 0, 0, 492, 21033, 19163, 19703, 145, 0, 0, 19, 87, 155, 5, 84420, 76136, 79303, 2, 0, 0, 317
14,r2,11, 1087514,"  109818:	e3403012 	movt	r3, #18
",benign, 496, 245, 18998, 3, 13259, 4247, 1, 3625, 5216, 2, 746, 79443, 5411, 3, 130, 4929, 1551, 431, 3, 32977, 13181, 61111, 0, 0, 442, 19422, 17849, 18313, 136, 0, 0, 19, 73, 145, 5, 78324, 70454, 73684, 2, 0, 0, 317
15,r0,1, 1087734,"  1098f4:	e302270f 	movw	r2, #9999	; 0x270f
",benign, 426, 229, 18786, 3, 13124, 4158, 1, 3563, 5124, 1, 670, 76462, 5308, 3, 118, 4738, 1352, 461, 3, 31187, 12723, 60378, 0, 0, 432, 19297, 17457, 18050, 131, 0, 0, 19, 64, 154, 4, 76429, 68862, 72107, 2, 0, 0, 318
16,r0,4, 1087969,"  1099e0:	e3403012 	movt	r3, #18
",benign, 499, 225, 18022, 3, 12586, 4018, 1, 3392, 4909, 2, 684, 73729, 5083, 3, 116, 4880, 1233, 415, 3, 29819, 12431, 58205, 0, 0, 422, 18812, 16812, 17296, 129, 0, 0, 19, 58, 138, 2, 73428, 65562, 68915, 2, 0, 0, 317
17,r0,19, 1088128,"  109a80:	e5932000 	ldr	r2, [r3]
",benign, 492, 244, 19569, 6, 13658, 4352, 0, 3729, 5351, 2, 742, 80349, 5556, 3, 131, 4855, 1614, 419, 3, 33279, 13032, 62737, 0, 0, 452, 20003, 18150, 18844, 139, 0, 0, 19, 74, 130, 3, 80159, 71497, 74693, 2, 0, 0, 321
18,r1,30, 1087776,"  109920:	e5933000 	ldr	r3, [r3]
",benign, 390, 239, 20060, 5, 13988, 4436, 1, 3806, 5455, 2, 686, 79417, 5680, 3, 129, 4936, 1280, 440, 3, 31358, 11680, 64081, 0, 0, 472, 20539, 18694, 19206, 143, 0, 0, 19, 84, 147, 4, 79697, 71926, 75122, 2, 0, 0, 318
19,r1,3, 1088185,"  109ab8:	e0823003 	add	r3, r2, r3
",benign, 500, 227, 18023, 3, 12578, 4010, 1, 3392, 4909, 2, 689, 74077, 5083, 3, 116, 5043, 1467, 422, 3, 30197, 12869, 58379, 0, 0, 422, 18686, 16993, 17335, 130, 0, 0, 19, 75, 137, 2, 73255, 65044, 68261, 2, 0, 0, 317
20,r2,19, 1087585,"  109860:	e52db004 	push	{fp}		; (str fp, [sp, #-4]!)
",benign, 111, 135, 542, 1, 380, 380, 1, 118, 279, 0, 128, 9667, 44, 3, 18, 1183, 20, 421, 3, 3651, 2796, 3209, 0, 0, 4, 602, 887, 752, 38, 0, 0, 19, 21, 126, 2, 10469, 1796, 5146, 1, 0, 0, 338
21,r3,27, 1087574,"  109854:	e320f000 	nop	{0}
",benign, 504, 254, 22152, 3, 15417, 4903, 1, 4175, 6037, 2, 773, 87251, 6313, 3, 143, 4684, 1614, 419, 3, 35261, 13078, 70574, 0, 0, 522, 22688, 20388, 21166, 152, 0, 0, 19, 78, 132, 2, 87126, 79001, 82224, 2, 0, 0, 316
22,r1,19, 1087618,"  109880:	e12fff1e 	bx	lr
",benign, 465, 227, 18016, 3, 12569, 4012, 1, 3392, 4909, 1, 659, 73076, 5083, 3, 114, 4634, 1331, 444, 3, 29701, 12199, 58129, 0, 0, 422, 18807, 16810, 17303, 125, 0, 0, 19, 54, 157, 3, 73853, 64850, 68083, 2, 0, 0, 316
23,r3,24, 1087631,"  10988c:	e24dde7f 	sub	sp, sp, #2032	; 0x7f0
",benign, 419, 253, 22124, 3, 15392, 4897, 2, 4175, 6037, 1, 740, 86828, 6313, 3, 142, 4959, 1442, 431, 3, 34690, 12968, 70390, 0, 0, 522, 22632, 20349, 21088, 152, 0, 0, 19, 93, 154, 4, 86960, 78348, 81815, 2, 0, 0, 317
25,r2,13, 1087687,"  1098c4:	e5932000 	ldr	r2, [r3]
",benign, 348, 130, 23620, 3, 16471, 5130, 1, 4474, 6345, 2, 750, 91304, 6641, 3, 144, 4990, 1381, 428, 3, 37190, 13300, 73981, 0, 0, 542, 23688, 21263, 22407, 153, 0, 0, 19, 83, 146, 5, 92229, 83763, 87024, 2, 0, 0, 318
26,r2,24, 1088019,"  109a10:	e3403012 	movt	r3, #18
",benign, 514, 232, 18816, 3, 13149, 4165, 1, 3562, 5125, 2, 711, 77269, 5309, 3, 120, 5038, 1347, 440, 3, 31960, 13175, 60387, 0, 0, 432, 19219, 17640, 18102, 132, 0, 0, 19, 63, 143, 2, 77339, 68833, 72276, 2, 0, 0, 338
27,r0,3, 1087685,"  1098c4:	e5932000 	ldr	r2, [r3]
",benign, 424, 240, 18809, 3, 13134, 4161, 0, 3563, 5125, 1, 699, 77054, 5308, 3, 118, 5201, 1424, 432, 3, 30906, 12262, 60385, 0, 0, 432, 19200, 17540, 18038, 129, 0, 0, 19, 47, 154, 5, 76820, 68495, 71790, 2, 0, 0, 317
0,r0,9, 1088301,"  109b2c:	ebffff4b 	bl	109860 <qcount>
",SDC, 35, 11, 550, 1, 410, 380, 0, 118, 280, 0, 131, 9865, 44, 3, 18, 1247, 16, 410, 3, 3743, 2900, 3205, 0, 0, 4, 596, 880, 749, 37, 0, 0, 19, 22, 125, 2, 10437, 1874, 5200, 1, 0, 0, 337
1,r1,14, 1087348,"  109774:	e2832001 	add	r2, r3, #1
",benign, 445, 230, 18813, 6, 13140, 4163, 1, 3563, 5124, 1, 707, 77363, 5308, 3, 118, 4697, 1336, 429, 3, 31565, 12817, 60305, 0, 0, 432, 19314, 17479, 18069, 130, 0, 0, 19, 66, 144, 10, 76782, 68825, 71982, 2, 0, 0, 318
2,r0,2, 1087374,"  10978c:	e8bd8800 	pop	{fp, pc}
",benign, 476, 237, 14228, 3, 9910, 3279, 1, 2712, 3933, 1, 608, 63662, 4028, 3, 125, 4779, 1509, 434, 3, 27336, 11586, 46547, 0, 0, 342, 14992, 13520, 13751, 110, 0, 0, 19, 99, 145, 5, 63654, 55177, 58388, 2, 0, 0, 337
3,r0,14, 1088090,"  109a58:	e1520003 	cmp	r2, r3
",benign, 520, 241, 22004, 3, 15344, 4850, 1, 4127, 5959, 2, 760, 86879, 6224, 3, 130, 4825, 1392, 442, 3, 35233, 13558, 70085, 0, 0, 512, 22619, 20242, 21022, 152, 0, 0, 19, 267, 142, 2, 87394, 78880, 82095, 2, 0, 0, 316
4,r0,21, 1087144,"  1096a8:	e50b1014 	str	r1, [fp, #-20]	; 0xffffffec
",benign, 405, 245, 14170, 5, 9871, 3265, 1, 2695, 3914, 1, 586, 61843, 4009, 3, 124, 4626, 1299, 434, 3, 26617, 11607, 46435, 0, 0, 342, 14849, 13499, 13716, 116, 0, 0, 19, 64, 145, 5, 61992, 54084, 57281, 2, 0, 0, 335
5,r3,9, 1087923,"  1099b0:	e30834d8 	movw	r3, #34008	; 0x84d8
",benign, 492, 227, 18042, 3, 12590, 4016, 2, 3392, 4909, 2, 684, 73702, 5083, 3, 115, 4985, 1294, 486, 3, 29695, 12235, 58413, 0, 0, 422, 18794, 16875, 17322, 128, 0, 0, 19, 55, 134, 2, 73612, 65495, 68722, 2, 0, 0, 317
6,r1,9, 1087499,"  109808:	e5932008 	ldr	r2, [r3, #8]
",benign, 515, 290, 24687, 3, 17187, 5452, 1, 4674, 6683, 1, 852, 97047, 7010, 3, 156, 5098, 1628, 429, 3, 39506, 13971, 77624, 0, 0, 572, 24871, 22330, 23622, 162, 0, 0, 19, 88, 125, 2, 96043, 87737, 90936, 2, 0, 0, 335
7,r0,28, 1087532,"  10982c:	e5832000 	str	r2, [r3]
",benign, 461, 231, 18777, 6, 13118, 4157, 1, 3555, 5116, 1, 716, 76541, 5300, 3, 118, 4797, 1526, 431, 3, 31132, 12647, 60249, 0, 0, 432, 19265, 17409, 18054, 134, 0, 0, 19, 61, 157, 4, 76676, 68206, 71441, 2, 0, 0, 339
8,r1,12, 1087463,"  1097e4:	e3083448 	movw	r3, #33864	; 0x8448
",benign, 495, 271, 25182, 3, 17533, 5509, 2, 4794, 6834, 2, 852, 97476, 7171, 3, 161, 4980, 1683, 441, 3, 39593, 13763, 79082, 0, 0, 582, 25275, 22655, 24046, 166, 0, 0, 19, 100, 150, 4, 98395, 89510, 92698, 2, 0, 0, 338
9,r1,27, 1087872,"  109980:	e30824d4 	movw	r2, #34004	; 0x84d4
",benign, 461, 243, 22000, 6, 15329, 4846, 2, 4127, 5959, 1, 746, 86638, 6224, 3, 129, 4924, 1430, 430, 3, 34953, 13246, 70057, 0, 0, 512, 22611, 20226, 21008, 150, 0, 0, 19, 66, 155, 5, 86693, 77989, 81170, 2, 0, 0, 337
10,r1,20, 1088209,"  109ad0:	e3403012 	movt	r3, #18
",benign, 507, 230, 18030, 3, 12589, 4025, 1, 3392, 4909, 2, 679, 73719, 5083, 3, 115, 4609, 1299, 421, 3, 29933, 12535, 58128, 0, 0, 422, 18759, 16854, 17312, 129, 0, 0, 19, 59, 144, 2, 73955, 65382, 68575, 2, 0, 0, 338
11,r1,24, 1088297,"  109b28:	daffffa0 	ble	1099b0 <dijkstra+0x12c>
",benign, 517, 266, 22144, 3, 15416, 4912, 1, 4175, 6037, 2, 777, 87416, 6313, 3, 144, 4595, 1505, 524, 3, 35722, 13730, 70574, 0, 0, 522, 22705, 20393, 21132, 154, 0, 0, 19, 83, 138, 2, 87650, 79037, 82304, 2, 0, 0, 316
12,r3,14, 1087787,"  109928:	daffffe3 	ble	1098bc <dijkstra+0x38>
",benign, 428, 247, 18020, 3, 12574, 4012, 0, 3392, 4909, 1, 634, 72865, 5083, 3, 113, 4750, 1452, 432, 3, 29459, 12030, 58151, 0, 0, 422, 18702, 16862, 17286, 130, 0, 0, 19, 60, 146, 5, 73040, 64630, 67893, 2, 0, 0, 318
13,r0,25, 1087734,"  1098f4:	e302270f 	movw	r2, #9999	; 0x270f
",benign, 430, 237, 14232, 3, 9907, 3281, 1, 2712, 3933, 1, 572, 62958, 4028, 3, 124, 5038, 1289, 431, 3, 27328, 11715, 46530, 0, 0, 342, 14933, 13556, 13743, 116, 0, 0, 19, 60, 155, 5, 63127, 54571, 57945, 2, 0, 0, 316
14,r3,31, 1088028,"  109a1c:	e1530002 	cmp	r3, r2
",benign, 503, 253, 18808, 6, 13144, 4170, 1, 3562, 5125, 3, 737, 77292, 5309, 3, 119, 5327, 1305, 419, 3, 31609, 12662, 60483, 0, 0, 432, 19298, 17500, 18069, 131, 0, 0, 19, 127, 145, 3, 77270, 68715, 71912, 2, 0, 0, 317
15,r1,9, 1087690,"  1098c8:	e3083450 	movw	r3, #33872	; 0x8450
",benign, 413, 236, 14222, 3, 9901, 3279, 1, 2712, 3933, 1, 576, 63147, 4028, 3, 125, 4921, 1326, 443, 3, 27224, 11384, 46539, 0, 0, 342, 14969, 13501, 13741, 117, 0, 0, 19, 70, 147, 5, 63083, 54607, 57988, 2, 0, 0, 317
16,r3,3, 1088238,"  109aec:	e3403012 	movt	r3, #18
",benign, 518, 271, 25203, 3, 17548, 5507, 1, 4794, 6834, 4, 847, 97567, 7171, 3, 161, 4802, 1446, 439, 3, 39888, 13950, 78942, 0, 0, 582, 25263, 22747, 24105, 166, 0, 0, 19, 90, 135, 2, 98505, 89845, 93075, 2, 0, 0, 316
17,r0,0, 1087921,"  1099b0:	e30834d8 	movw	r3, #34008	; 0x84d8
",benign, 510, 268, 24695, 3, 17201, 5439, 1, 4674, 6683, 2, 852, 96567, 7010, 3, 156, 4992, 1658, 426, 3, 39303, 13852, 77768, 0, 0, 572, 24897, 22294, 23617, 164, 0, 0, 19, 95, 323, 2, 96671, 88134, 91309, 2, 0, 0, 339
18,r1,26, 1087188,"  1096d4:	e5933000 	ldr	r3, [r3]
",benign, 438, 239, 20079, 6, 14000, 4429, 1, 3806, 5455, 1, 682, 79902, 5680, 3, 130, 4690, 1414, 441, 3, 32278, 12320, 64344, 0, 0, 472, 20575, 18700, 19198, 143, 0, 0, 19, 68, 154, 5, 80379, 71772, 75199, 2, 0, 0, 316
19,r3,23, 1087419,"  1097b8:	e3083448 	movw	r3, #33864	; 0x8448
",benign, 474, 231, 18801, 3, 13131, 4166, 0, 3563, 5125, 2, 734, 77994, 5308, 3, 119, 4936, 1400, 432, 3, 31740, 12739, 60545, 0, 0, 432, 19323, 17524, 18086, 131, 0, 0, 19, 69, 149, 4, 77231, 68721, 71926, 2, 0, 0, 316
20,r0,12, 1087512,"  109818:	e3403012 	movt	r3, #18
",benign, 472, 253, 19009, 6, 13262, 4248, 1, 3625, 5216, 1, 743, 78910, 5411, 3, 132, 5070, 1437, 444, 3, 32712, 12739, 61068, 0, 0, 442, 19559, 17615, 18276, 132, 0, 0, 19, 68, 158, 5, 78574, 70090, 73314, 2, 0, 0, 316
21,r2,26, 1087284,"  109734:	e51b200c 	ldr	r2, [fp, #-12]
",benign, 447, 228, 22338, 6, 15614, 4879, 2, 4189, 6031, 1, 750, 86435, 6295, 3, 117, 4943, 1300, 454, 3, 34368, 12720, 70991, 0, 0, 512, 22958, 20401, 21288, 149, 0, 0, 19, 60, 124, 2, 87045, 78588, 81815, 1, 0, 0, 316
22,r3,7, 1087647,"  10989c:	e50b27f8 	str	r2, [fp, #-2040]	; 0xfffff808
",benign, 420, 239, 22009, 3, 15325, 4847, 0, 4127, 5960, 1, 729, 86078, 6224, 3, 129, 4915, 1526, 432, 3, 34407, 12793, 69920, 0, 0, 512, 22553, 20201, 20947, 149, 0, 0, 19, 72, 145, 4, 86370, 77964, 81397, 2, 0, 0, 316
23,r1,6, 1087473,"  1097f0:	e5932004 	ldr	r2, [r3, #4]
",benign, 503, 283, 25184, 3, 17534, 5520, 1, 4794, 6834, 2, 842, 97651, 7171, 3, 160, 4916, 1644, 451, 3, 39886, 14034, 79084, 0, 0, 582, 25129, 22792, 24073, 167, 0, 0, 19, 105, 150, 4, 98038, 89431, 92633, 2, 0, 0, 327
24,r0,28, 1087399,"  1097a4:	e50b2018 	str	r2, [fp, #-24]	; 0xffffffe8
",benign, 496, 264, 19014, 3, 13264, 4249, 1, 3625, 5216, 1, 725, 78617, 5411, 3, 130, 5016, 1563, 450, 3, 33184, 13150, 61050, 0, 0, 442, 19486, 17722, 18331, 134, 0, 0, 19, 69, 285, 5, 79072, 70307, 73536, 2, 0, 0, 316
25,r1,4, 1087227,"  1096f8:	e5832000 	str	r2, [r3]
",benign, 471, 239, 20096, 3, 14017, 4426, 1, 3806, 5455, 1, 681, 80340, 5680, 3, 130, 4627, 1297, 443, 3, 32604, 12743, 64324, 0, 0, 472, 20460, 18719, 19177, 143, 0, 0, 19, 68, 145, 5, 80402, 71920, 75159, 2, 0, 0, 326
0,r0,7, 1087957,"  1099d4:	e0812002 	add	r2, r1, r2
",benign, 422, 113, 14208, 3, 9920, 3274, 0, 2695, 3914, 2, 613, 62766, 4009, 3, 126, 4584, 1702, 421, 3, 27425, 12338, 46409, 0, 0, 342, 14983, 13389, 13691, 114, 0, 0, 19, 63, 132, 2, 62694, 54496, 57711, 2, 0, 0, 318
1,r0,27, 1087593,"  109868:	e308344c 	movw	r3, #33868	; 0x844c
",benign, 483, 227, 18007, 3, 12570, 4017, 0, 3392, 4909, 1, 662, 73194, 5083, 3, 114, 5005, 1338, 454, 3, 30114, 12522, 58154, 0, 0, 422, 18744, 16871, 17288, 127, 0, 0, 17, 57, 146, 5, 73062, 65329, 68556, 2, 0, 0, 316
2,r1,10, 1087683,"  1098c0:	e3403012 	movt	r3, #18
",benign, 422, 236, 14218, 3, 9907, 3277, 1, 2712, 3933, 1, 595, 63403, 4028, 3, 125, 4955, 1300, 430, 3, 27091, 11458, 46551, 0, 0, 342, 14976, 13523, 13735, 114, 0, 0, 17, 70, 156, 5, 63404, 54685, 57897, 2, 0, 0, 318
3,r0,23, 1088059,"  109a38:	e7932182 	ldr	r2, [r3, r2, lsl #3]
",benign, 506, 237, 14246, 3, 9919, 3288, 1, 2712, 3933, 2, 571, 62952, 4028, 3, 126, 5037, 1289, 420, 3, 27524, 11949, 46325, 0, 0, 342, 15103, 13294, 13670, 117, 0, 0, 17, 71, 142, 3, 62886, 54482, 57685, 2, 0, 0, 316
4,r1,15, 1087781,"  109924:	e353000f 	cmp	r3, #15
",benign, 418, 262, 20524, 3, 14290, 4599, 1, 3937, 5645, 2, 737, 84031, 5892, 3, 151, 5063, 1416, 452, 3, 35550, 13365, 65791, 0, 0, 492, 21030, 19078, 19660, 149, 0, 0, 19, 93, 154, 4, 83968, 75464, 78679, 2, 0, 0, 316
5,r3,15, 1087645,"  10989c:	e50b27f8 	str	r2, [fp, #-2040]	; 0xfffff808
",benign, 414, 265, 24672, 3, 17177, 5455, 2, 4674, 6683, 1, 797, 95559, 7010, 3, 154, 4908, 1417, 433, 3, 38641, 13314, 77617, 0, 0, 572, 24967, 22129, 23547, 161, 0, 0, 19, 108, 146, 5, 95884, 87714, 91085, 2, 0, 0, 316
6,r1,26, 1088204,"  109acc:	e30834e4 	movw	r3, #34020	; 0x84e4
",benign, 488, 264, 20538, 6, 14307, 4603, 1, 3937, 5645, 3, 766, 84294, 5892, 3, 153, 4798, 1447, 429, 3, 35626, 13381, 65807, 0, 0, 492, 21076, 19165, 19716, 146, 0, 0, 17, 85, 144, 2, 84591, 75478, 78692, 2, 0, 0, 316
7,r1,4, 1087555,"  109840:	e5933000 	ldr	r3, [r3]
",benign, 123, 147, 529, 1, 388, 384, 2, 118, 279, 0, 124, 9626, 44, 3, 18, 1215, 16, 409, 3, 3533, 2645, 3226, 0, 0, 4, 610, 893, 749, 37, 0, 0, 19, 21, 125, 2, 10382, 1765, 5004, 1, 0, 0, 336
8,r0,19, 1088217,"  109ad8:	e30834e0 	movw	r3, #34016	; 0x84e0
",benign, 111, 135, 544, 1, 388, 379, 1, 118, 279, 0, 125, 9811, 44, 3, 18, 1403, 16, 409, 3, 3490, 2677, 3216, 0, 0, 4, 619, 893, 755, 39, 0, 0, 19, 21, 115, 2, 10558, 1786, 5338, 1, 0, 0, 318
9,r3,29, 1087273,"  109728:	1a000007 	bne	10974c <enqueue+0xb4>
",benign, 477, 267, 24707, 3, 17193, 5447, 2, 4674, 6683, 1, 826, 96232, 7010, 3, 155, 5018, 1510, 432, 3, 39319, 13955, 77595, 0, 0, 572, 24977, 22213, 23602, 166, 0, 0, 19, 177, 249, 5, 96615, 87085, 90251, 2, 0, 0, 316
10,r3,12, 1088296,"  109b28:	daffffa0 	ble	1099b0 <dijkstra+0x12c>
",benign, 476, 236, 18024, 6, 12584, 4014, 2, 3392, 4909, 2, 675, 73411, 5083, 3, 115, 4802, 1440, 421, 3, 29348, 11859, 58146, 0, 0, 422, 18823, 16772, 17290, 132, 0, 0, 19, 62, 130, 2, 73763, 65361, 68836, 2, 0, 0, 316
11,r0,19, 1087904,"  1099a0:	e3403012 	movt	r3, #18
",benign, 476, 230, 18812, 6, 13142, 4166, 1, 3563, 5124, 2, 717, 76986, 5308, 3, 119, 4898, 1500, 419, 3, 31705, 12635, 60423, 0, 0, 432, 19388, 17453, 18104, 131, 0, 0, 19, 58, 132, 6, 76852, 68799, 72014, 2, 0, 0, 316
12,r3,26, 1087626,"  109888:	e28db004 	add	fp, sp, #4
",benign, 442, 289, 25170, 3, 17544, 5514, 1, 4794, 6834, 2, 819, 97639, 7171, 3, 160, 5105, 1536, 594, 3, 39337, 13477, 79010, 0, 0, 582, 25037, 22837, 24034, 166, 0, 0, 17, 86, 151, 3, 97474, 88979, 92421, 2, 0, 0, 316
13,r2,30, 1088284,"  109b1c:	e3403012 	movt	r3, #18
",benign, 479, 238, 14225, 6, 9905, 3280, 1, 2712, 3933, 2, 610, 63651, 4028, 3, 126, 4989, 1458, 426, 3, 27673, 11676, 46560, 0, 0, 342, 15087, 13456, 13766, 116, 0, 0, 19, 71, 142, 2, 63751, 55207, 58425, 2, 0, 0, 316
14,r0,13, 1088015,"  109a0c:	e3083450 	movw	r3, #33872	; 0x8450
",benign, 514, 269, 24709, 3, 17199, 5453, 1, 4674, 6683, 3, 855, 96628, 7010, 3, 156, 4913, 1435, 590, 3, 39678, 14290, 77727, 0, 0, 572, 24956, 22235, 23630, 168, 0, 0, 19, 90, 134, 2, 96173, 88092, 91331, 2, 0, 0, 316
15,r2,8, 1087585,"  109860:	e52db004 	push	{fp}		; (str fp, [sp, #-4]!)
",benign, 482, 242, 20093, 3, 14020, 4430, 1, 3806, 5455, 2, 716, 80562, 5680, 3, 130, 4864, 1368, 433, 3, 32729, 12829, 64251, 0, 0, 472, 20496, 18839, 19223, 143, 0, 0, 19, 86, 147, 3, 80431, 72249, 75424, 2, 0, 0, 316
16,r1,4, 1087991,"  1099f4:	e302270f 	movw	r2, #9999	; 0x270f
",benign, 501, 240, 22015, 3, 15345, 4852, 1, 4127, 5959, 2, 753, 87082, 6224, 3, 131, 4987, 1639, 437, 3, 35298, 13628, 70087, 0, 0, 512, 22677, 20203, 21022, 152, 0, 0, 19, 63, 142, 2, 86930, 78215, 81463, 2, 0, 0, 318
17,r0,1, 1087359,"  10977c:	e3403012 	movt	r3, #18
",benign, 498, 273, 22128, 3, 15406, 4910, 1, 4175, 6037, 1, 735, 86814, 6313, 3, 143, 4972, 1432, 429, 3, 35206, 13016, 70412, 0, 0, 522, 22676, 20357, 21123, 152, 0, 0, 19, 91, 155, 5, 86960, 78661, 81861, 2, 0, 0, 316
18,r0,5, 1087407,"  1097ac:	e3403012 	movt	r3, #18
",benign, 492, 265, 20508, 3, 14276, 4609, 1, 3937, 5645, 2, 739, 84160, 5892, 3, 152, 5077, 1624, 454, 3, 35594, 13313, 65921, 0, 0, 492, 21001, 19201, 19739, 150, 0, 0, 19, 82, 147, 4, 85005, 75970, 79179, 2, 0, 0, 339
19,r3,29, 1087247,"  10970c:	e51b2018 	ldr	r2, [fp, #-24]	; 0xffffffe8
",benign, 482, 251, 21996, 3, 15321, 4848, 0, 4127, 5960, 4, 761, 87056, 6224, 3, 130, 4893, 1280, 450, 3, 34614, 12855, 70052, 0, 0, 512, 22558, 20277, 20997, 147, 0, 0, 19, 70, 151, 4, 86441, 77988, 81216, 2, 0, 0, 326
21,r3,5, 1087299,"  109740:	e51b3008 	ldr	r3, [fp, #-8]
",benign, 446, 128, 20376, 3, 14208, 4527, 1, 3875, 5554, 2, 748, 83061, 5790, 3, 141, 5090, 1612, 421, 3, 34621, 13549, 65254, 0, 0, 482, 20842, 18952, 19488, 147, 0, 0, 19, 76, 141, 2, 83529, 75055, 78189, 2, 0, 0, 328
22,r0,30, 1087279,"  10972c:	e3083448 	movw	r3, #33864	; 0x8448
",benign, 464, 240, 20069, 3, 14014, 4437, 1, 3806, 5455, 2, 707, 80314, 5680, 3, 129, 4895, 1281, 429, 3, 32246, 12277, 64172, 0, 0, 472, 20482, 18775, 19196, 141, 0, 0, 19, 68, 168, 3, 80820, 72655, 75822, 2, 0, 0, 316
23,r1,11, 1087962,"  1099d8:	e7932102 	ldr	r2, [r3, r2, lsl #2]
",benign, 507, 270, 25190, 3, 17553, 5514, 1, 4794, 6834, 3, 859, 98332, 7171, 3, 161, 4806, 1649, 420, 3, 39497, 13729, 79001, 0, 0, 582, 25271, 22709, 24057, 163, 0, 0, 19, 99, 134, 2, 97666, 89406, 92840, 2, 0, 0, 318
24,r2,19, 1087242,"  109708:	e51b300c 	ldr	r3, [fp, #-12]
",benign, 504, 290, 25185, 3, 17557, 5510, 1, 4794, 6834, 2, 815, 98230, 7171, 3, 161, 5003, 1499, 441, 3, 39863, 14117, 79067, 0, 0, 582, 25077, 22845, 24062, 169, 0, 0, 19, 99, 153, 4, 97809, 89161, 92373, 2, 0, 0, 316
25,r0,14, 1087631,"  10988c:	e24dde7f 	sub	sp, sp, #2032	; 0x7f0
",SDC, 429, 294, 29733, 7, 20725, 6474, 2, 8882, 12502, 3, 1078, 159157, 13239, 3, 185, 4622, 1959, 516, 3, 60515, 15837, 139238, 0, 0, 982, 44254, 38798, 44187, 250, 0, 0, 19, 93, 231, 9, 159256, 151169, 154600, 4, 0, 0, 316
26,r1,20, 1087581,"  10985c:	e8bd8800 	pop	{fp, pc}
",benign, 501, 240, 20071, 3, 14007, 4431, 0, 3806, 5455, 2, 752, 81107, 5680, 3, 130, 4891, 1410, 432, 3, 32587, 12604, 64245, 0, 0, 472, 20543, 18718, 19243, 144, 0, 0, 19, 73, 156, 4, 80443, 72839, 76065, 2, 0, 0, 316
27,r3,19, 1087874,"  109980:	e30824d4 	movw	r2, #34004	; 0x84d4
",benign, 481, 226, 13976, 3, 9764, 3194, 1, 2642, 3833, 1, 568, 61415, 3917, 3, 113, 4949, 1274, 445, 3, 26199, 11733, 45798, 0, 0, 332, 14751, 13265, 13513, 109, 0, 0, 17, 62, 147, 4, 61734, 53553, 56738, 2, 0, 0, 317
28,r3,5, 1087946,"  1099c8:	e3013634 	movw	r3, #5684	; 0x1634
",benign, 518, 249, 18021, 3, 12584, 4021, 2, 3392, 4909, 2, 692, 73821, 5083, 3, 115, 5147, 1403, 419, 3, 29931, 12409, 58218, 0, 0, 422, 18835, 16833, 17301, 129, 0, 0, 19, 54, 134, 2, 73468, 65287, 68535, 2, 0, 0, 318
29,r1,25, 1088056,"  109a38:	e7932182 	ldr	r2, [r3, r2, lsl #3]
",benign, 480, 240, 20075, 6, 14020, 4422, 1, 3806, 5455, 3, 729, 80795, 5680, 3, 130, 4925, 1285, 422, 3, 32599, 12837, 64235, 0, 0, 472, 20509, 18740, 19194, 136, 0, 0, 17, 71, 142, 2, 80428, 72308, 75448, 2, 0, 0, 318
31,r0,1, 1088005,"  109a04:	e3403012 	movt	r3, #18
",benign, 434, 131, 23631, 3, 16480, 5133, 1, 4482, 6353, 4, 806, 92751, 6649, 3, 144, 4917, 1375, 422, 4, 38165, 13636, 74158, 0, 0, 542, 23768, 21347, 22459, 157, 0, 0, 19, 132, 134, 2, 93277, 84711, 87919, 2, 0, 0, 317
32,r1,22, 1087720,"  1098e8:	e3402012 	movt	r2, #18
",benign, 399, 236, 14217, 5, 9897, 3289, 2, 2712, 3933, 1, 578, 63114, 4028, 3, 124, 4994, 1367, 434, 3, 27102, 11492, 46518, 0, 0, 342, 14993, 13522, 13740, 114, 0, 0, 19, 74, 195, 2, 62912, 54505, 57737, 2, 0, 0, 316
33,r2,14, 1087637,"  109894:	e50b07f0 	str	r0, [fp, #-2032]	; 0xfffff810
",benign, 433, 266, 20524, 3, 14280, 4610, 0, 3937, 5646, 1, 730, 84232, 5892, 3, 152, 5007, 1565, 505, 3, 34791, 12627, 65776, 0, 0, 492, 21033, 19135, 19708, 151, 0, 0, 19, 99, 155, 4, 84340, 75366, 78559, 2, 0, 0, 316
34,r2,12, 1088161,"  109aa0:	e30834d8 	movw	r3, #34008	; 0x84d8
",benign, 514, 237, 14219, 3, 9911, 3291, 1, 2712, 3933, 2, 612, 63475, 4028, 3, 126, 5060, 1644, 608, 3, 28131, 12114, 46657, 0, 0, 342, 15094, 13463, 13754, 110, 0, 0, 19, 69, 132, 2, 63596, 55611, 58817, 2, 0, 0, 317
35,r3,27, 1087439,"  1097cc:	e3083448 	movw	r3, #33864	; 0x8448
",benign, 490, 237, 14215, 3, 9893, 3287, 1, 2712, 3933, 1, 620, 63681, 4028, 3, 125, 4701, 1438, 429, 3, 27578, 11640, 46535, 0, 0, 342, 14965, 13562, 13748, 111, 0, 0, 19, 67, 148, 3, 63976, 55400, 58552, 2, 0, 0, 316
36,r3,19, 1087835,"  109958:	e51b37f0 	ldr	r3, [fp, #-2032]	; 0xfffff810
",benign, 411, 240, 21979, 3, 15317, 4859, 1, 4127, 5959, 1, 730, 86302, 6224, 3, 130, 4898, 1376, 440, 3, 34821, 12973, 70018, 0, 0, 512, 22563, 20185, 20960, 148, 0, 0, 19, 70, 162, 5, 86583, 77739, 80984, 2, 0, 0, 328
37,r3,27, 1088237,"  109aec:	e3403012 	movt	r3, #18
",benign, 524, 267, 20538, 3, 14299, 4603, 1, 3937, 5645, 3, 752, 84544, 5892, 3, 154, 5249, 1425, 444, 3, 35454, 13443, 65880, 0, 0, 492, 21099, 19145, 19745, 150, 0, 0, 19, 86, 143, 2, 84569, 76579, 79785, 2, 0, 0, 328
38,r3,4, 1087421,"  1097bc:	e3403012 	movt	r3, #18
",benign, 487, 271, 25197, 3, 17541, 5513, 1, 4794, 6834, 2, 856, 98110, 7171, 3, 162, 4892, 1742, 457, 3, 39598, 13783, 79004, 0, 0, 582, 25139, 22836, 24086, 166, 0, 0, 19, 103, 157, 2, 98471, 89267, 92468, 2, 0, 0, 316
39,r0,26, 1087750,"  109904:	e5933000 	ldr	r3, [r3]
",benign, 419, 266, 24702, 3, 17190, 5450, 1, 4674, 6683, 1, 802, 95612, 7010, 3, 155, 4708, 1375, 431, 3, 39184, 13743, 77448, 0, 0, 572, 24902, 22257, 23612, 165, 0, 0, 19, 101, 154, 5, 95748, 87068, 90489, 2, 0, 0, 326
41,r1,18, 1087650,"  1098a0:	e3a03001 	mov	r3, #1
",benign, 350, 116, 22009, 3, 15348, 4859, 2, 4127, 5959, 1, 737, 86439, 6224, 3, 129, 5083, 1494, 431, 3, 34760, 13140, 70080, 0, 0, 512, 22635, 20186, 20981, 149, 0, 0, 19, 75, 157, 4, 86122, 77694, 81130, 2, 0, 0, 316
42,r1,27, 1087419,"  1097b8:	e3083448 	movw	r3, #33864	; 0x8448
",benign, 483, 242, 19008, 3, 13260, 4243, 1, 3625, 5216, 2, 737, 79324, 5411, 3, 130, 4639, 1637, 578, 3, 33036, 13051, 61106, 0, 0, 442, 19477, 17700, 18288, 133, 0, 0, 19, 73, 154, 5, 79038, 70780, 73983, 2, 0, 0, 316
43,r2,10, 1087721,"  1098e8:	e3402012 	movt	r2, #18
",benign, 424, 242, 18767, 3, 13109, 4158, 1, 3555, 5116, 2, 698, 76146, 5300, 3, 119, 4732, 1255, 432, 3, 31480, 12743, 60252, 0, 0, 432, 19134, 17569, 18039, 131, 0, 0, 19, 60, 147, 4, 76752, 68336, 71558, 2, 0, 0, 335
44,r2,23, 1088146,"  109a90:	e7831182 	str	r1, [r3, r2, lsl #3]
",benign, 526, 245, 19594, 3, 13663, 4350, 2, 3730, 5350, 2, 729, 80274, 5555, 3, 132, 5043, 1459, 429, 3, 33471, 13070, 62632, 0, 0, 452, 20012, 18072, 18845, 137, 0, 0, 19, 86, 140, 2, 80416, 72434, 75640, 2, 0, 0, 317
45,r0,20, 1087644,"  10989c:	e50b27f8 	str	r2, [fp, #-2040]	; 0xfffff808
",benign, 388, 265, 24679, 5, 17189, 5455, 1, 4674, 6683, 1, 810, 95556, 7010, 3, 154, 4844, 1569, 558, 3, 38603, 13205, 77657, 0, 0, 572, 24857, 22228, 23531, 163, 0, 0, 19, 93, 155, 5, 95381, 87101, 90337, 1, 0, 0, 316
46,r3,6, 1088027,"  109a18:	e302270f 	movw	r2, #9999	; 0x270f
",benign, 513, 238, 18024, 3, 12582, 4018, 1, 3391, 4910, 2, 688, 73728, 5084, 3, 116, 4869, 1331, 420, 3, 30161, 12845, 58334, 0, 0, 422, 18808, 16802, 17292, 130, 0, 0, 19, 59, 142, 2, 73795, 65535, 68699, 2, 0, 0, 317
49,r3,5, 1087211,"  1096e8:	e3a00001 	mov	r0, #1
",benign, 302, 125, 18433, 3, 12842, 4188, 1, 3508, 5083, 1, 682, 75737, 5279, 3, 138, 4785, 1381, 432, 3, 31120, 11993, 59562, 0, 0, 442, 19183, 17234, 17715, 138, 0, 0, 17, 89, 146, 5, 75645, 67317, 70640, 2, 0, 0, 328
50,r0,10, 1087114,"  109688:	fa0024d5 	blx	1129e4 <strcat>
",SDC, 527, 318, 21804, 6, 15915, 4167, 1, 4252, 5814, 1, 725, 83070, 5998, 3, 204, 5298, 4224, 410, 11, 35797, 13055, 64015, 0, 0, 432, 20909, 18706, 18797, 127, 0, 0, 19, 72, 152, 7, 83288, 75388, 78733, 3, 0, 0, 326
51,r3,3, 1088251,"  109af8:	ebfffee6 	bl	109698 <enqueue>
",benign, 514, 230, 18808, 3, 13145, 4169, 1, 3563, 5124, 2, 715, 77096, 5308, 3, 119, 5080, 1382, 419, 3, 32058, 13247, 60566, 0, 0, 432, 19256, 17529, 18057, 127, 0, 0, 19, 60, 137, 2, 77979, 69503, 72715, 2, 0, 0, 316
52,r3,2, 1087322,"  109758:	1afffff8 	bne	109740 <enqueue+0xa8>
",benign, 528, 232, 18787, 3, 13129, 4152, 1, 3555, 5116, 2, 732, 77078, 5300, 3, 119, 4675, 1417, 439, 3, 31279, 12833, 60226, 0, 0, 432, 19288, 17439, 18059, 129, 0, 0, 19, 61, 132, 2, 76461, 68809, 72150, 2, 0, 0, 326
53,r3,15, 1087122,"  109690:	e24bd004 	sub	sp, fp, #4
",benign, 546, 246, 13990, 3, 9766, 3194, 1, 2642, 3833, 1, 583, 61866, 3917, 3, 113, 4925, 1326, 435, 3, 26802, 12506, 45873, 0, 0, 332, 14734, 13322, 13498, 106, 0, 0, 19, 48, 148, 5, 62044, 53884, 57182, 2, 0, 0, 318
1,r2,10, 1087689,"  1098c8:	e3083450 	movw	r3, #33872	; 0x8450
",benign, 447, 259, 17750, 3, 12373, 4019, 1, 3406, 4928, 1, 688, 74623, 5114, 3, 138, 4869, 1365, 484, 3, 31709, 13005, 57818, 0, 0, 432, 18512, 17054, 17131, 136, 0, 0, 19, 76, 203, 4, 74872, 66828, 70046, 2, 0, 0, 336
2,r3,14, 1087711,"  1098dc:	e3403012 	movt	r3, #18
",benign, 433, 289, 24667, 3, 17174, 5453, 1, 4674, 6683, 3, 816, 96240, 7010, 3, 156, 4772, 1644, 513, 3, 39088, 13631, 77609, 0, 0, 572, 24628, 22555, 23621, 166, 0, 0, 19, 89, 236, 5, 95877, 86866, 90020, 2, 0, 0, 338
3,r2,6, 1087390,"  10979c:	e50b0010 	str	r0, [fp, #-16]
",benign, 490, 238, 14231, 3, 9912, 3282, 1, 2712, 3933, 2, 633, 64286, 4028, 3, 127, 4898, 1690, 497, 3, 27873, 12031, 46604, 0, 0, 342, 14992, 13547, 13754, 116, 0, 0, 19, 88, 212, 7, 63807, 55351, 58529, 2, 0, 0, 318
4,r0,11, 1087832,"  109958:	e51b37f0 	ldr	r3, [fp, #-2032]	; 0xfffff810
",benign, 393, 264, 20512, 4, 14266, 4605, 1, 3937, 5645, 2, 727, 83673, 5892, 3, 151, 4879, 1345, 411, 3, 34300, 12284, 65630, 0, 0, 492, 21016, 19209, 19677, 148, 0, 0, 19, 90, 134, 2, 83527, 74666, 77822, 1, 0, 0, 316
5,r3,7, 1088245,"  109af4:	e1a02003 	mov	r2, r3
",benign, 515, 271, 25210, 2, 17562, 5510, 2, 4794, 6834, 3, 848, 98158, 7171, 3, 159, 5076, 1540, 412, 3, 40095, 14400, 79083, 0, 0, 582, 25172, 22757, 24055, 164, 0, 0, 19, 91, 135, 2, 97878, 89695, 92933, 1, 0, 0, 318
6,r0,10, 1087252,"  109714:	e51b300c 	ldr	r3, [fp, #-12]
",benign, 445, 262, 20540, 5, 14295, 4601, 1, 3937, 5645, 1, 733, 83980, 5892, 3, 151, 5148, 1388, 410, 3, 34896, 12618, 65797, 0, 0, 492, 20992, 19218, 19719, 150, 0, 0, 19, 90, 124, 2, 84316, 76227, 79420, 1, 0, 0, 336
7,r1,30, 1087939,"  1099c0:	e3403012 	movt	r3, #18
",benign, 516, 247, 16515, 2, 11540, 3704, 1, 3144, 4543, 2, 671, 69989, 4677, 3, 117, 4736, 1474, 485, 3, 29704, 12502, 53496, 0, 0, 382, 17134, 15481, 15936, 123, 0, 0, 19, 60, 201, 4, 70819, 61976, 65214, 2, 0, 0, 318
8,r3,13, 1087608,"  109878:	e28bd000 	add	sp, fp, #0
",benign, 466, 240, 18765, 2, 13116, 4161, 1, 3555, 5116, 1, 709, 76842, 5300, 3, 117, 4774, 1400, 429, 3, 31112, 12730, 60336, 0, 0, 432, 19272, 17515, 18084, 131, 0, 0, 19, 62, 134, 2, 76525, 68118, 71312, 1, 0, 0, 339
0,r3,20, 1088250,"  109af8:	ebfffee6 	bl	109698 <enqueue>
",benign, 432, 142, 24723, 2, 17221, 5443, 1, 4674, 6683, 2, 849, 96404, 7010, 3, 154, 4814, 1462, 412, 3, 39697, 14338, 77693, 0, 0, 572, 24883, 22335, 23644, 165, 0, 0, 19, 91, 125, 2, 96585, 88082, 91309, 1, 0, 0, 316
1,r2,3, 1088172,"  109aac:	e3082450 	movw	r2, #33872	; 0x8450
",benign, 505, 255, 14222, 5, 9919, 3282, 1, 2712, 3933, 2, 619, 63508, 4028, 3, 124, 4846, 1408, 409, 3, 27811, 12193, 46617, 0, 0, 342, 15081, 13444, 13766, 113, 0, 0, 19, 138, 134, 2, 63933, 55003, 58230, 1, 0, 0, 316
2,r3,22, 1087243,"  109708:	e51b300c 	ldr	r3, [fp, #-12]
",benign, 469, 228, 18798, 2, 13129, 4165, 1, 3563, 5124, 1, 711, 77102, 5308, 3, 117, 4499, 1573, 409, 3, 31533, 12497, 60465, 0, 0, 432, 19184, 17574, 18060, 128, 0, 0, 19, 98, 128, 2, 76910, 69254, 72438, 1, 0, 0, 316
3,r3,20, 1087799,"  109934:	e1520003 	cmp	r2, r3
",benign, 427, 236, 14206, 2, 9901, 3288, 1, 2712, 3933, 1, 573, 63362, 4028, 3, 124, 4687, 1325, 420, 3, 27200, 11239, 46446, 0, 0, 342, 14944, 13570, 13742, 117, 0, 0, 19, 74, 134, 2, 62953, 55033, 58428, 1, 0, 0, 316
4,r3,15, 1087422,"  1097bc:	e3403012 	movt	r3, #18
",benign, 486, 239, 14175, 2, 9871, 3272, 1, 2695, 3914, 2, 615, 63182, 4009, 3, 125, 4898, 1556, 421, 3, 27106, 11833, 46361, 0, 0, 342, 14849, 13513, 13706, 114, 0, 0, 19, 68, 134, 2, 62803, 54662, 58036, 1, 0, 0, 318
5,r1,7, 1087400,"  1097a8:	e3083448 	movw	r3, #33864	; 0x8448
",benign, 123, 148, 543, 1, 380, 378, 1, 118, 279, 0, 126, 9939, 44, 3, 18, 1212, 20, 411, 3, 3508, 2696, 3209, 0, 0, 4, 612, 902, 750, 38, 0, 0, 19, 21, 125, 2, 10435, 1955, 5271, 1, 0, 0, 336
6,r3,1, 1087128,"  109698:	e92d4800 	push	{fp, lr}
",benign, 391, 226, 18009, 2, 12586, 4024, 1, 3392, 4909, 1, 652, 72858, 5083, 3, 114, 4538, 1470, 411, 3, 29156, 11625, 58106, 0, 0, 422, 18719, 16826, 17291, 130, 0, 0, 19, 59, 326, 2, 73022, 65051, 68254, 1, 0, 0, 318
7,r2,17, 1087785,"  109928:	daffffe3 	ble	1098bc <dijkstra+0x38>
",benign, 418, 265, 24686, 2, 17188, 5455, 1, 4674, 6683, 1, 801, 95587, 7010, 3, 153, 4803, 1514, 409, 3, 38686, 13325, 77655, 0, 0, 572, 24875, 22289, 23620, 165, 0, 0, 19, 100, 124, 2, 96499, 88005, 91226, 1, 0, 0, 317
8,r2,16, 1087411,"  1097b0:	e5933000 	ldr	r3, [r3]
",benign, 113, 137, 539, 1, 384, 378, 1, 118, 279, 0, 127, 9835, 44, 3, 18, 1196, 25, 420, 3, 3714, 2860, 3203, 0, 0, 4, 607, 881, 749, 38, 0, 0, 19, 21, 126, 2, 10694, 1805, 5114, 1, 0, 0, 317
9,r2,14, 1087700,"  1098d4:	e7831182 	str	r1, [r3, r2, lsl #3]
",benign, 407, 246, 15929, 5, 11107, 3613, 1, 3066, 4424, 2, 661, 68580, 4559, 3, 123, 4764, 1291, 412, 3, 28849, 11787, 52162, 0, 0, 382, 16799, 15188, 15398, 123, 0, 0, 19, 69, 135, 4, 68619, 60151, 63392, 2, 0, 0, 316
10,r2,11, 1087392,"  1097a0:	e50b1014 	str	r1, [fp, #-20]	; 0xffffffec
",benign, 476, 257, 14230, 5, 9913, 3288, 0, 2712, 3933, 1, 606, 63308, 4028, 3, 124, 4863, 1410, 378, 3, 27051, 11271, 46561, 0, 0, 342, 14984, 13550, 13758, 113, 0, 0, 19, 71, 84, 5, 63134, 55409, 58492, 2, 0, 0, 338
11,r1,24, 1087435,"  1097c8:	0a000021 	beq	109854 <dequeue+0xc4>
",benign, 500, 241, 18807, 2, 13135, 4170, 1, 3563, 5124, 1, 713, 77790, 5308, 3, 117, 4863, 1657, 411, 3, 31532, 12457, 60398, 0, 0, 432, 19247, 17536, 18087, 132, 0, 0, 17, 65, 124, 2, 77291, 68952, 72137, 1, 0, 0, 325
12,r2,20, 1087984,"  1099f0:	e5933000 	ldr	r3, [r3]
",benign, 490, 247, 14225, 6, 9904, 3285, 1, 2712, 3933, 2, 588, 63189, 4028, 3, 124, 4739, 1339, 412, 3, 27396, 11736, 46603, 0, 0, 342, 15005, 13516, 13741, 112, 0, 0, 19, 136, 134, 3, 63551, 54804, 57989, 1, 0, 0, 338
13,r0,12, 1087565,"  10984c:	e3403012 	movt	r3, #18
",benign, 520, 252, 18820, 2, 13142, 4168, 1, 3563, 5124, 3, 722, 77177, 5308, 3, 118, 4896, 1515, 532, 3, 31783, 12825, 60489, 0, 0, 432, 19304, 17563, 18122, 129, 0, 0, 19, 60, 142, 2, 77583, 69283, 72672, 1, 0, 0, 318
14,r0,3, 1087524,"  109824:	e3083448 	movw	r3, #33864	; 0x8448
",benign, 452, 240, 20067, 5, 13995, 4426, 1, 3806, 5455, 2, 712, 80529, 5680, 3, 128, 4612, 1627, 410, 3, 32123, 12336, 64208, 0, 0, 472, 20439, 18805, 19230, 141, 0, 0, 19, 75, 134, 2, 80712, 71620, 74812, 1, 0, 0, 325
15,r3,30, 1087146,"  1096a8:	e50b1014 	str	r1, [fp, #-20]	; 0xffffffec
",benign, 447, 288, 25169, 2, 17515, 5514, 1, 4794, 6834, 3, 818, 97379, 7171, 3, 157, 4859, 1563, 428, 3, 39888, 14056, 78971, 0, 0, 582, 25121, 22751, 24050, 166, 0, 0, 19, 88, 134, 2, 97483, 89372, 92604, 1, 0, 0, 316
16,r2,15, 1087587,"  109860:	e52db004 	push	{fp}		; (str fp, [sp, #-4]!)
",benign, 499, 259, 14228, 2, 9913, 3284, 1, 2712, 3933, 1, 609, 63900, 4028, 3, 124, 4621, 1470, 525, 3, 27517, 11846, 46597, 0, 0, 342, 14989, 13513, 13756, 114, 0, 0, 19, 67, 125, 2, 63549, 55403, 58582, 1, 0, 0, 316
17,r2,22, 1087552,"  109840:	e5933000 	ldr	r3, [r3]
",benign, 682, 441, 14211, 5, 9909, 3284, 1, 2712, 3933, 2, 599, 63163, 4028, 3, 124, 4889, 1496, 430, 3, 27693, 11899, 46638, 0, 0, 342, 15002, 13515, 13732, 115, 0, 0, 19, 71, 134, 2, 63717, 55475, 58610, 1, 0, 0, 318
18,r2,0, 1087403,"  1097a8:	e3083448 	movw	r3, #33864	; 0x8448
",benign, 479, 269, 25181, 2, 17544, 5521, 1, 4794, 6834, 2, 828, 97761, 7171, 3, 158, 4685, 1576, 411, 3, 39974, 14083, 79098, 0, 0, 582, 25094, 22832, 24056, 164, 0, 0, 19, 98, 124, 2, 97928, 89206, 92427, 1, 0, 0, 329
20,r1,24, 1088160,"  109aa0:	e30834d8 	movw	r3, #34008	; 0x84d8
",benign, 418, 125, 18443, 5, 12863, 4179, 0, 3508, 5083, 2, 721, 76614, 5279, 3, 138, 5052, 1376, 594, 3, 31798, 12658, 59486, 0, 0, 442, 19264, 17120, 17750, 137, 0, 0, 19, 74, 134, 2, 76519, 68205, 71470, 1, 0, 0, 316
21,r0,24, 1087124,"  109694:	e8bd8800 	pop	{fp, pc}
",benign, 512, 245, 14222, 4, 9909, 3298, 1, 2712, 3933, 1, 642, 64327, 4028, 3, 124, 4985, 1236, 413, 3, 27802, 11961, 46609, 0, 0, 342, 14899, 13678, 13781, 114, 0, 0, 17, 64, 136, 8, 63715, 55695, 58932, 1, 0, 0, 325
22,r0,28, 1088174,"  109aac:	e3082450 	movw	r2, #33872	; 0x8450
",benign, 509, 252, 22137, 2, 15423, 4898, 1, 4175, 6037, 2, 775, 87748, 6313, 3, 142, 4589, 1423, 439, 3, 35365, 13226, 70467, 0, 0, 522, 22742, 20355, 21154, 153, 0, 0, 19, 126, 124, 2, 87814, 78383, 81640, 1, 0, 0, 325
23,r3,15, 1088168,"  109aa8:	e5931000 	ldr	r1, [r3]
",benign, 491, 255, 22132, 4, 15421, 4902, 1, 4175, 6037, 5, 770, 87388, 6313, 3, 143, 4576, 1464, 427, 3, 35201, 13097, 70497, 0, 0, 522, 22716, 20336, 21155, 153, 0, 0, 19, 78, 124, 2, 87210, 78639, 81835, 1, 0, 0, 318
25,r2,18, 1087738,"  1098f8:	e5832004 	str	r2, [r3, #4]
",benign, 351, 127, 22243, 2, 15479, 4936, 1, 4199, 6061, 1, 754, 88679, 6337, 3, 140, 5074, 1391, 409, 3, 35788, 12930, 70858, 0, 0, 522, 22861, 20466, 21218, 153, 0, 0, 19, 82, 124, 2, 88326, 80298, 83497, 1, 0, 0, 325
26,r0,24, 1088102,"  109a64:	e3403012 	movt	r3, #18
",benign, 512, 237, 18238, 2, 12708, 4100, 1, 3455, 5000, 2, 685, 75156, 5185, 3, 127, 4716, 1580, 409, 3, 31676, 13240, 59011, 0, 0, 432, 19089, 16952, 17519, 132, 0, 0, 19, 65, 125, 2, 75454, 66690, 69880, 1, 0, 0, 318
27,r2,12, 1087547,"  109838:	e308344c 	movw	r3, #33868	; 0x844c
",benign, 519, 289, 25192, 2, 17553, 5518, 1, 4794, 6834, 4, 845, 97908, 7171, 3, 159, 5078, 1684, 421, 3, 40433, 14655, 79052, 0, 0, 582, 25237, 22652, 24076, 166, 0, 0, 19, 95, 134, 2, 97566, 89685, 93100, 1, 0, 0, 316
28,r2,2, 1087686,"  1098c4:	e5932000 	ldr	r2, [r3]
",benign, 437, 262, 20542, 2, 14283, 4595, 1, 3937, 5645, 2, 710, 83945, 5892, 3, 151, 4807, 1371, 411, 3, 34939, 12922, 65728, 0, 0, 492, 21092, 19099, 19665, 146, 0, 0, 19, 97, 124, 2, 84314, 75735, 78965, 1, 0, 0, 316
29,r0,24, 1088116,"  109a74:	e5931000 	ldr	r1, [r3]
",benign, 487, 238, 15307, 6, 10672, 3492, 0, 2911, 4203, 2, 642, 66954, 4317, 3, 126, 4897, 1362, 582, 3, 28930, 12473, 49721, 0, 0, 362, 15919, 14391, 14795, 116, 0, 0, 19, 68, 134, 2, 67011, 58407, 61706, 1, 0, 0, 316
30,r2,6, 1087116,"  10968c:	e320f000 	nop	{0}
",benign, 489, 225, 18020, 4, 12590, 4032, 1, 3392, 4909, 1, 673, 73328, 5083, 3, 113, 5418, 1372, 411, 3, 29882, 12397, 58079, 0, 0, 422, 18654, 17023, 17315, 126, 0, 0, 19, 70, 128, 6, 73856, 65016, 68321, 1, 0, 0, 316
31,r2,20, 1087197,"  1096dc:	e51b300c 	ldr	r3, [fp, #-12]
",benign, 477, 268, 25180, 2, 17537, 5509, 1, 4794, 6834, 3, 844, 97655, 7171, 3, 159, 4718, 1540, 413, 3, 39490, 13722, 78978, 0, 0, 582, 25212, 22719, 24093, 167, 0, 0, 19, 82, 134, 2, 97817, 89338, 92536, 1, 0, 0, 318
32,r0,30, 1087633,"  109890:	e24dd008 	sub	sp, sp, #8
",SDC, 426, 252, 20321, 2, 14151, 4558, 0, 4241, 6128, 3, 768, 87610, 6414, 3, 145, 5026, 1382, 415, 3, 34783, 13147, 71718, 0, 0, 532, 23216, 20843, 21303, 156, 0, 0, 19, 98, 132, 2, 87996, 79284, 82458, 1, 0, 0, 328
33,r0,16, 1088108,"  109a6c:	e30834e0 	movw	r3, #34016	; 0x84e0
",benign, 482, 229, 19093, 5, 13349, 4213, 1, 3601, 5173, 2, 687, 76507, 5367, 3, 115, 5122, 1365, 428, 3, 31185, 12739, 61072, 0, 0, 442, 19737, 17566, 18270, 134, 0, 0, 19, 58, 127, 2, 76393, 68013, 71226, 1, 0, 0, 338
34,r3,23, 1088195,"  109ac0:	e30834dc 	movw	r3, #34012	; 0x84dc
",benign, 511, 240, 21995, 2, 15330, 4849, 1, 4127, 5959, 4, 757, 86933, 6224, 3, 128, 4662, 1573, 421, 3, 35334, 13500, 70244, 0, 0, 512, 22627, 20194, 21015, 149, 0, 0, 19, 114, 126, 2, 87156, 78377, 81712, 1, 0, 0, 316
35,r0,12, 1088083,"  109a50:	e5933000 	ldr	r3, [r3]
",benign, 527, 264, 20528, 2, 14287, 4606, 1, 3937, 5645, 2, 755, 84465, 5892, 3, 151, 5251, 1508, 410, 3, 35968, 13866, 65864, 0, 0, 492, 21017, 19228, 19744, 148, 0, 0, 19, 96, 124, 2, 84451, 76184, 79375, 1, 0, 0, 318
36,r0,5, 1087557,"  109844:	e2432001 	sub	r2, r3, #1
",benign, 509, 230, 18811, 2, 13142, 4174, 1, 3563, 5124, 3, 730, 77301, 5308, 3, 117, 4925, 1559, 409, 3, 31955, 13071, 60441, 0, 0, 432, 19381, 17472, 18095, 127, 0, 0, 19, 63, 134, 2, 77488, 69478, 72683, 1, 0, 0, 316
37,r1,31, 1087826,"  109950:	e3082450 	movw	r2, #33872	; 0x8450
",benign, 420, 229, 18785, 2, 13136, 4167, 1, 3563, 5124, 1, 709, 76808, 5308, 3, 118, 4729, 1283, 420, 3, 31131, 12258, 60459, 0, 0, 432, 19287, 17456, 18057, 132, 0, 0, 19, 91, 124, 2, 77272, 68746, 71995, 1, 0, 0, 317
38,r1,11, 1087845,"  109964:	e302270f 	movw	r2, #9999	; 0x270f
",benign, 419, 269, 25171, 2, 17534, 5521, 1, 4794, 6834, 2, 836, 97839, 7171, 3, 159, 4850, 1531, 410, 3, 39365, 13558, 79017, 0, 0, 582, 25181, 22734, 24052, 165, 0, 0, 19, 86, 134, 2, 97698, 88916, 92335, 1, 0, 0, 325
39,r3,18, 1087779,"  109920:	e5933000 	ldr	r3, [r3]
",benign, 423, 228, 18790, 2, 13122, 4164, 2, 3563, 5124, 1, 691, 76425, 5308, 3, 118, 4511, 1381, 429, 3, 31533, 12763, 60371, 0, 0, 432, 19254, 17456, 18024, 131, 0, 0, 19, 63, 135, 2, 77137, 68335, 71561, 1, 0, 0, 329
40,r0,22, 1087557,"  109844:	e2432001 	sub	r2, r3, #1
",benign, 508, 270, 25182, 2, 17567, 5504, 0, 4794, 6834, 4, 826, 97782, 7171, 3, 159, 4909, 1692, 411, 3, 39784, 13913, 79196, 0, 0, 582, 25219, 22757, 24065, 162, 0, 0, 19, 90, 124, 2, 98369, 90148, 93575, 1, 0, 0, 316
41,r2,20, 1088055,"  109a34:	e3403012 	movt	r3, #18
",benign, 111, 135, 542, 1, 382, 379, 1, 118, 279, 0, 125, 9844, 44, 3, 18, 1180, 16, 432, 3, 3532, 2737, 3210, 0, 0, 4, 602, 890, 753, 37, 0, 0, 19, 22, 125, 2, 10730, 1759, 5058, 1, 0, 0, 339
42,r0,19, 1087862,"  109974:	e51b07f0 	ldr	r0, [fp, #-2032]	; 0xfffff810
",benign, 416, 251, 22117, 2, 15393, 4909, 1, 4175, 6037, 3, 737, 86618, 6313, 3, 141, 4867, 1473, 410, 3, 35259, 13023, 70409, 0, 0, 522, 22672, 20396, 21172, 149, 0, 0, 19, 82, 134, 2, 86514, 78664, 81887, 1, 0, 0, 327
0,r3,23, 1087579,"  109858:	e24bd004 	sub	sp, fp, #4
",benign, 430, 105, 18811, 2, 13174, 4166, 1, 3555, 5116, 2, 703, 77210, 5300, 3, 117, 4976, 1512, 409, 3, 31897, 13330, 60414, 0, 0, 432, 19251, 17459, 18065, 132, 0, 0, 19, 61, 134, 2, 77144, 68834, 72052, 1, 0, 0, 318
1,r1,18, 1087899,"  109998:	ebffff7c 	bl	109790 <dequeue>
",benign, 484, 237, 14177, 2, 9877, 3275, 1, 2695, 3914, 1, 584, 62466, 4009, 3, 125, 4718, 1429, 419, 3, 26569, 11465, 46317, 0, 0, 342, 14873, 13467, 13710, 113, 0, 0, 19, 64, 125, 2, 62945, 54531, 57728, 1, 0, 0, 318
2,r1,28, 1087235,"  109700:	e51b2014 	ldr	r2, [fp, #-20]	; 0xffffffec
",benign, 472, 262, 20553, 2, 14301, 4606, 1, 3937, 5645, 2, 735, 84063, 5892, 3, 151, 4943, 1590, 414, 3, 35329, 13026, 65794, 0, 0, 492, 21030, 19163, 19699, 150, 0, 0, 19, 89, 127, 2, 84025, 76234, 79439, 1, 0, 0, 316
3,r0,8, 1088014,"  109a0c:	e3083450 	movw	r3, #33872	; 0x8450
",benign, 508, 236, 14175, 2, 9886, 3267, 1, 2695, 3914, 2, 623, 62962, 4009, 3, 124, 4695, 1579, 411, 3, 27206, 11990, 46351, 0, 0, 342, 14936, 13409, 13719, 119, 0, 0, 19, 101, 124, 2, 62712, 54635, 57824, 1, 0, 0, 317
4,r0,12, 1087476,"  1097f4:	e51b3014 	ldr	r3, [fp, #-20]	; 0xffffffec
",benign, 464, 238, 14222, 5, 9907, 3291, 1, 2712, 3933, 1, 625, 63670, 4028, 3, 124, 5060, 1470, 409, 3, 27504, 11679, 46656, 0, 0, 342, 14993, 13519, 13762, 114, 0, 0, 19, 65, 124, 3, 63797, 55607, 58863, 1, 0, 0, 335
5,r3,16, 1087202,"  1096e0:	e3530000 	cmp	r3, #0
",benign, 474, 237, 18016, 2, 12580, 4021, 2, 3392, 4909, 1, 667, 73844, 5083, 3, 113, 4819, 1334, 410, 3, 29416, 11947, 58135, 0, 0, 422, 18839, 16764, 17316, 131, 0, 0, 19, 125, 128, 2, 73452, 65454, 68677, 1, 0, 0, 338
6,r3,20, 1087597,"  10986c:	e3403012 	movt	r3, #18
",benign, 490, 239, 14178, 2, 9869, 3266, 1, 2695, 3914, 2, 596, 63175, 4009, 3, 125, 4632, 1355, 422, 3, 27381, 12106, 46453, 0, 0, 342, 14892, 13407, 13698, 114, 0, 0, 19, 70, 135, 2, 63080, 54589, 57804, 1, 0, 0, 318
7,r2,24, 1087522,"  109820:	e593200c 	ldr	r2, [r3, #12]
",benign, 502, 248, 14165, 2, 9889, 3271, 1, 2695, 3914, 1, 595, 62698, 4009, 3, 124, 4680, 1516, 412, 3, 26644, 11583, 46422, 0, 0, 342, 14885, 13449, 13709, 116, 0, 0, 19, 80, 144, 2, 63136, 54486, 57707, 1, 0, 0, 316
8,r0,17, 1087343,"  10976c:	e3403012 	movt	r3, #18
",benign, 473, 236, 14221, 2, 9903, 3284, 0, 2712, 3933, 1, 601, 63334, 4028, 3, 124, 4450, 1354, 461, 3, 27444, 11699, 46675, 0, 0, 342, 15014, 13519, 13768, 114, 0, 0, 17, 68, 124, 2, 64057, 55645, 58835, 1, 0, 0, 326
9,r3,30, 1087328,"  109760:	e51b200c 	ldr	r2, [fp, #-12]
",benign, 111, 135, 541, 1, 381, 380, 1, 118, 279, 0, 126, 9791, 44, 3, 18, 1245, 20, 410, 3, 3661, 2845, 3206, 0, 0, 4, 606, 878, 747, 38, 0, 0, 19, 22, 125, 2, 10728, 1964, 5287, 1, 0, 0, 316
10,r0,31, 1087211,"  1096e8:	e3a00001 	mov	r0, #1
",benign, 413, 309, 20536, 2, 14287, 4602, 1, 3937, 5645, 2, 743, 83594, 5892, 3, 151, 4875, 1377, 430, 3, 34576, 12398, 65664, 0, 0, 492, 21080, 19118, 19694, 146, 0, 0, 19, 78, 134, 2, 83866, 75406, 78746, 1, 0, 0, 317
12,r1,8, 1088167,"  109aa4:	e3403012 	movt	r3, #18
",13: reg: r0 pos: 15 at LOC: 1088070, 447, 128, 22732, 2, 15868, 5037, 1, 4297, 6197, 1, 808, 90083, 6483, 3, 140, 4954, 1530, 420, 3, 36726, 13946, 72291, 0, 0, 532, 23339, 20838, 21714, 156, 0, 0, 19, 77, 261, 2, 90265, 81834, 85159, 1, 0, 0, 316
13,r0,27, 1087966,"  1099dc:	e30834e0 	movw	r3, #34016	; 0x84e0
",benign, 502, 236, 14228, 2, 9911, 3285, 1, 2712, 3933, 2, 600, 63531, 4028, 3, 123, 4861, 1350, 412, 3, 27500, 11870, 46577, 0, 0, 342, 15117, 13429, 13751, 117, 0, 0, 19, 137, 128, 2, 63572, 55066, 58518, 1, 0, 0, 318
14,r3,27, 1087586,"  109860:	e52db004 	push	{fp}		; (str fp, [sp, #-4]!)
",benign, 488, 265, 22139, 2, 15412, 4903, 2, 4175, 6037, 3, 747, 86969, 6313, 3, 141, 4721, 1500, 432, 3, 35166, 13126, 70492, 0, 0, 522, 22713, 20367, 21154, 153, 0, 0, 19, 79, 134, 2, 86609, 78868, 82073, 1, 0, 0, 317
16,r0,15, 1087685,"  1098c4:	e5932000 	ldr	r2, [r3]
",18: reg: r2 pos: 15 at LOC: 1087141, 354, 128, 23896, 2, 16667, 5303, 0, 4540, 6586, 6, 845, 93668, 6902, 3, 141, 4704, 1394, 409, 3, 37542, 13905, 76626, 0, 0, 562, 24728, 22101, 22814, 158, 0, 0, 19, 82, 125, 2, 93840, 85667, 88909, 1, 0, 0, 317
